customer_id,age,tenure,monthly_charges,total_charges,contract,internet_service,payment_method,support_tickets,tech_support,senior_citizen,partner,dependents,churn
CUST_000001,23,15,41.81,631.72,One year,DSL,Bank transfer,6,No,0,Yes,Yes,0
CUST_000002,62,3,86.29,274.21,One year,DSL,Credit card,3,No,0,No,No,1
CUST_000003,55,46,96.69,4174.02,Month-to-month,DSL,Electronic check,2,Yes,0,No,No,0
CUST_000004,43,50,36.66,1683.03,Month-to-month,No,Electronic check,0,No,1,No,No,0
CUST_000005,42,56,24.39,1429.67,Month-to-month,Fiber optic,Bank transfer,2,Yes,1,Yes,No,0
CUST_000006,66,69,63.96,3990.79,Month-to-month,DSL,Mailed check,3,Yes,0,Yes,No,0
CUST_000007,22,36,97.4,3517.29,Month-to-month,DSL,Bank transfer,5,No,0,Yes,Yes,0
CUST_000008,57,60,85.08,5315.45,Two year,No,Bank transfer,1,No,1,No,No,0
CUST_000009,29,52,90.19,4846.5,Month-to-month,Fiber optic,Bank transfer,1,Yes,0,Yes,Yes,0
CUST_000010,23,20,60.28,1208.03,Month-to-month,Fiber optic,Electronic check,2,No,0,No,No,1
CUST_000011,48,61,43.49,2802.14,One year,DSL,Mailed check,3,No,0,No,No,0
CUST_000012,73,4,73.18,297.99,Month-to-month,DSL,Credit card,0,Yes,0,No,Yes,1
CUST_000013,59,44,40.44,1894.46,Month-to-month,No,Mailed check,1,Yes,1,Yes,No,0
CUST_000014,61,68,92.62,6399.93,Month-to-month,Fiber optic,Mailed check,2,Yes,0,Yes,Yes,0
CUST_000015,58,48,39.7,1879.85,Two year,Fiber optic,Electronic check,2,No,1,Yes,No,0
CUST_000016,62,68,49.13,3406.14,Month-to-month,No,Electronic check,5,No,0,Yes,No,0
CUST_000017,47,5,70.65,347.96,One year,Fiber optic,Mailed check,0,No,1,Yes,No,1
CUST_000018,25,39,68.67,2522.56,One year,No,Mailed check,3,Yes,0,Yes,No,0
CUST_000019,65,57,80.08,4538.45,Month-to-month,DSL,Bank transfer,3,Yes,0,No,Yes,0
CUST_000020,43,47,63.74,3264.25,One year,DSL,Bank transfer,2,Yes,0,No,No,0
CUST_000021,46,64,111.95,7290.78,Month-to-month,No,Credit card,1,No,1,No,No,0
CUST_000022,39,34,103.99,3697.15,Month-to-month,No,Credit card,2,No,0,Yes,No,1
CUST_000023,28,50,107.91,5565.23,Month-to-month,Fiber optic,Electronic check,1,No,0,No,Yes,0
CUST_000024,70,31,82.95,2551.59,Two year,Fiber optic,Electronic check,3,No,0,Yes,No,0
CUST_000025,62,63,83.5,5162.87,Month-to-month,No,Credit card,2,Yes,0,No,No,0
CUST_000026,54,9,80.92,684.35,Month-to-month,Fiber optic,Electronic check,1,Yes,0,No,No,0
CUST_000027,40,19,63.49,1089.41,Two year,DSL,Electronic check,4,No,0,Yes,Yes,0
CUST_000028,64,7,52.21,392.02,Month-to-month,Fiber optic,Electronic check,2,No,0,Yes,No,0
CUST_000029,49,51,79.2,3859.54,Two year,Fiber optic,Bank transfer,1,No,0,Yes,Yes,0
CUST_000030,43,17,22.55,390.39,One year,Fiber optic,Electronic check,2,Yes,0,Yes,Yes,0
CUST_000031,43,23,20.75,473.65,One year,No,Electronic check,3,Yes,0,Yes,Yes,0
CUST_000032,30,61,105.16,5913.29,One year,Fiber optic,Mailed check,3,No,0,Yes,No,0
CUST_000033,23,26,24.64,581.12,One year,DSL,Bank transfer,1,Yes,0,No,No,0
CUST_000034,49,11,72.48,867.69,Month-to-month,DSL,Electronic check,6,No,1,Yes,No,0
CUST_000035,68,2,81.5,158.5,Two year,No,Bank transfer,3,Yes,0,Yes,No,0
CUST_000036,21,17,39.82,651.78,Two year,DSL,Mailed check,2,Yes,0,No,No,0
CUST_000037,66,66,109.57,6631.36,Two year,No,Mailed check,1,Yes,0,No,Yes,0
CUST_000038,65,40,39.01,1405.25,One year,DSL,Mailed check,4,No,0,Yes,No,1
CUST_000039,33,72,108.45,8157.97,Month-to-month,Fiber optic,Electronic check,1,No,0,No,Yes,0
CUST_000040,54,16,96.3,1659.95,Month-to-month,No,Electronic check,3,Yes,0,Yes,Yes,1
CUST_000041,27,26,44.07,1089.6,Month-to-month,Fiber optic,Credit card,3,No,0,No,No,0
CUST_000042,61,12,35.07,416.4,Month-to-month,No,Electronic check,5,Yes,0,No,Yes,0
CUST_000043,57,29,51.62,1533.11,One year,DSL,Credit card,4,Yes,0,Yes,Yes,0
CUST_000044,38,41,59.8,2288.5,One year,Fiber optic,Electronic check,3,No,0,Yes,No,0
CUST_000045,21,59,44.58,2561.98,Month-to-month,Fiber optic,Mailed check,1,No,0,No,Yes,0
CUST_000046,73,27,119.89,3230.24,Month-to-month,No,Bank transfer,2,No,0,No,Yes,1
CUST_000047,43,56,42.97,2475.89,One year,DSL,Credit card,1,No,0,No,No,0
CUST_000048,68,46,103.06,5197.75,Month-to-month,DSL,Electronic check,0,No,0,Yes,Yes,0
CUST_000049,56,22,35.91,789.53,Two year,Fiber optic,Electronic check,4,No,0,Yes,No,0
CUST_000050,62,66,118.02,7411.08,One year,No,Bank transfer,4,Yes,0,No,No,1
CUST_000051,61,32,42.55,1403.37,Month-to-month,No,Electronic check,1,No,0,Yes,No,0
CUST_000052,29,11,62.17,631.18,Month-to-month,No,Bank transfer,3,No,0,Yes,Yes,1
CUST_000053,38,70,75.86,4785.13,One year,Fiber optic,Credit card,2,Yes,0,Yes,Yes,0
CUST_000054,44,66,32.03,2061.62,Month-to-month,Fiber optic,Electronic check,2,Yes,1,Yes,No,0
CUST_000055,46,4,101.68,371.71,Two year,No,Credit card,1,No,0,Yes,Yes,1
CUST_000056,20,65,47.47,3071.55,Month-to-month,No,Electronic check,3,No,0,No,Yes,0
CUST_000057,49,69,74.93,4991.09,Month-to-month,No,Credit card,3,Yes,0,Yes,Yes,0
CUST_000058,26,60,74.96,4852.2,Month-to-month,No,Credit card,0,Yes,0,Yes,No,0
CUST_000059,60,19,80.26,1426.84,One year,No,Bank transfer,3,No,0,No,No,1
CUST_000060,56,46,25.55,1220.84,Two year,DSL,Credit card,2,No,0,No,Yes,0
CUST_000061,70,39,36.86,1475.36,Two year,DSL,Credit card,1,No,0,No,Yes,0
CUST_000062,60,45,36.12,1786.36,Month-to-month,No,Electronic check,4,No,0,No,No,1
CUST_000063,38,45,50.21,2290.6,Two year,Fiber optic,Electronic check,4,No,0,Yes,Yes,0
CUST_000064,73,47,34.49,1720.65,Month-to-month,DSL,Electronic check,3,Yes,0,No,No,0
CUST_000065,41,38,112.19,4136.38,One year,Fiber optic,Mailed check,0,Yes,1,No,No,0
CUST_000066,36,50,71.3,3259.98,Two year,Fiber optic,Bank transfer,3,Yes,0,Yes,No,1
CUST_000067,69,38,82.36,3069.9,Month-to-month,No,Mailed check,2,No,0,No,Yes,1
CUST_000068,39,2,55.75,115.35,Two year,No,Bank transfer,3,No,0,No,No,0
CUST_000069,22,3,47.62,135.84,Month-to-month,DSL,Mailed check,2,No,1,No,Yes,1
CUST_000070,44,69,70.32,4501.5,Month-to-month,Fiber optic,Electronic check,4,No,0,No,No,0
CUST_000071,63,66,49.43,3004.55,Month-to-month,DSL,Electronic check,2,No,0,No,No,0
CUST_000072,28,43,54.36,2351.01,Two year,No,Credit card,4,Yes,0,Yes,No,0
CUST_000073,44,13,65.28,820.63,Month-to-month,DSL,Electronic check,1,Yes,0,No,No,0
CUST_000074,25,57,70.57,4234.79,Two year,Fiber optic,Electronic check,3,No,1,Yes,No,1
CUST_000075,57,11,118.43,1338.91,Month-to-month,Fiber optic,Electronic check,5,No,0,No,Yes,1
CUST_000076,45,28,42.33,1289.02,One year,Fiber optic,Credit card,1,No,0,Yes,No,0
CUST_000077,36,24,68.8,1809.77,One year,Fiber optic,Electronic check,0,Yes,0,Yes,No,0
CUST_000078,30,1,34.95,31.46,Month-to-month,Fiber optic,Bank transfer,2,No,0,No,No,0
CUST_000079,50,59,55.0,3073.14,One year,Fiber optic,Electronic check,1,No,0,Yes,No,0
CUST_000080,56,37,91.73,3218.67,One year,DSL,Electronic check,8,Yes,0,No,No,1
CUST_000081,71,23,37.45,926.66,Month-to-month,Fiber optic,Bank transfer,2,No,0,Yes,Yes,1
CUST_000082,42,37,78.14,2678.74,Month-to-month,Fiber optic,Bank transfer,7,No,0,No,No,1
CUST_000083,27,1,61.67,60.65,Month-to-month,DSL,Bank transfer,0,No,0,No,No,0
CUST_000084,65,32,25.16,733.18,Two year,Fiber optic,Electronic check,4,No,0,No,No,0
CUST_000085,53,38,113.31,4286.95,One year,DSL,Credit card,5,No,0,Yes,No,0
CUST_000086,57,25,61.36,1392.39,Two year,No,Bank transfer,1,No,1,No,No,0
CUST_000087,23,60,98.39,6168.59,One year,DSL,Credit card,0,No,1,Yes,No,0
CUST_000088,35,18,61.63,1113.35,Two year,Fiber optic,Electronic check,1,No,0,No,No,0
CUST_000089,61,10,113.74,1250.69,Month-to-month,DSL,Mailed check,3,No,0,No,No,1
CUST_000090,65,38,49.05,2045.18,Month-to-month,Fiber optic,Electronic check,2,No,0,Yes,No,0
CUST_000091,42,64,61.22,4141.03,One year,DSL,Bank transfer,6,No,0,No,No,0
CUST_000092,63,28,95.89,2573.61,Month-to-month,Fiber optic,Bank transfer,2,No,1,Yes,Yes,1
CUST_000093,65,4,54.37,200.61,Month-to-month,DSL,Mailed check,2,No,0,No,No,1
CUST_000094,40,70,56.44,3679.5,One year,Fiber optic,Electronic check,3,Yes,0,Yes,Yes,0
CUST_000095,69,32,119.48,3968.65,Two year,Fiber optic,Electronic check,4,No,0,Yes,No,1
CUST_000096,34,13,75.56,910.45,One year,No,Electronic check,7,Yes,1,Yes,No,0
CUST_000097,31,45,88.94,3829.23,Month-to-month,Fiber optic,Credit card,4,Yes,0,No,No,0
CUST_000098,56,24,84.35,1859.38,Two year,Fiber optic,Electronic check,0,No,1,No,No,1
CUST_000099,54,68,102.79,6362.88,Month-to-month,No,Electronic check,2,No,1,Yes,Yes,1
CUST_000100,25,22,106.18,2284.19,Month-to-month,DSL,Mailed check,2,Yes,0,Yes,Yes,1
CUST_000101,65,40,76.33,3001.27,Two year,Fiber optic,Electronic check,2,Yes,0,Yes,No,0
CUST_000102,29,40,49.46,1856.54,One year,Fiber optic,Credit card,4,No,0,No,No,0
CUST_000103,63,18,22.28,434.74,Two year,Fiber optic,Electronic check,2,No,0,No,No,0
CUST_000104,18,36,81.44,2994.95,Two year,DSL,Credit card,2,Yes,0,No,No,0
CUST_000105,63,8,102.55,786.27,One year,Fiber optic,Bank transfer,5,Yes,1,No,No,1
CUST_000106,62,47,65.05,3262.04,Month-to-month,Fiber optic,Bank transfer,2,No,0,Yes,No,0
CUST_000107,62,55,36.47,2027.06,Month-to-month,Fiber optic,Mailed check,1,Yes,0,Yes,Yes,0
CUST_000108,55,69,48.81,3331.04,Two year,DSL,Bank transfer,1,Yes,0,No,No,0
CUST_000109,44,24,71.0,1789.69,Two year,Fiber optic,Bank transfer,3,No,0,No,Yes,0
CUST_000110,58,21,103.67,2119.15,Month-to-month,No,Electronic check,2,No,0,Yes,No,1
CUST_000111,33,40,37.18,1577.31,Month-to-month,DSL,Credit card,0,No,0,Yes,Yes,0
CUST_000112,62,50,81.21,3657.94,Month-to-month,Fiber optic,Mailed check,6,No,0,No,No,0
CUST_000113,49,72,95.34,6515.91,Month-to-month,No,Mailed check,2,No,0,No,No,0
CUST_000114,44,2,113.6,228.58,Two year,No,Mailed check,3,No,0,No,No,1
CUST_000115,46,18,31.67,608.4,Month-to-month,DSL,Bank transfer,3,No,0,Yes,No,0
CUST_000116,50,19,112.64,2244.53,Month-to-month,Fiber optic,Mailed check,3,No,0,No,No,1
CUST_000117,20,19,80.15,1655.06,Two year,DSL,Mailed check,10,Yes,0,No,Yes,1
CUST_000118,25,34,96.67,3129.52,Month-to-month,No,Electronic check,3,No,0,Yes,No,1
CUST_000119,31,63,25.38,1734.07,Month-to-month,Fiber optic,Mailed check,3,Yes,0,Yes,Yes,0
CUST_000120,24,3,70.61,195.51,Month-to-month,Fiber optic,Electronic check,2,No,1,Yes,No,1
CUST_000121,43,59,82.26,4561.2,Month-to-month,DSL,Credit card,0,No,0,No,Yes,0
CUST_000122,56,45,50.68,2265.53,Month-to-month,Fiber optic,Electronic check,2,No,0,Yes,No,0
CUST_000123,55,45,63.17,2678.26,Month-to-month,DSL,Credit card,4,No,0,No,No,0
CUST_000124,44,49,75.43,3349.81,Month-to-month,Fiber optic,Bank transfer,1,No,0,No,Yes,0
CUST_000125,66,9,75.25,696.14,Month-to-month,Fiber optic,Bank transfer,1,No,0,No,No,1
CUST_000126,50,54,24.19,1282.13,Month-to-month,Fiber optic,Credit card,2,Yes,1,No,No,0
CUST_000127,22,18,63.95,1248.43,Month-to-month,No,Electronic check,4,No,0,Yes,No,0
CUST_000128,61,38,41.38,1724.58,Two year,DSL,Bank transfer,1,No,0,No,No,0
CUST_000129,50,49,111.67,5937.54,Month-to-month,DSL,Electronic check,0,No,0,No,No,0
CUST_000130,54,44,117.66,5193.84,Month-to-month,Fiber optic,Electronic check,2,No,0,Yes,No,1
CUST_000131,50,24,49.96,1153.03,Two year,Fiber optic,Mailed check,2,No,0,Yes,No,0
CUST_000132,49,29,37.52,1187.13,Month-to-month,DSL,Bank transfer,4,No,0,Yes,No,0
CUST_000133,23,35,41.95,1431.09,Month-to-month,Fiber optic,Credit card,1,No,0,No,Yes,0
CUST_000134,49,3,67.78,198.41,Two year,Fiber optic,Electronic check,3,No,0,Yes,No,0
CUST_000135,63,53,107.45,5848.69,One year,Fiber optic,Bank transfer,3,No,0,No,No,0
CUST_000136,35,8,70.0,575.03,Month-to-month,Fiber optic,Electronic check,2,No,0,No,Yes,1
CUST_000137,52,34,25.54,799.69,One year,DSL,Electronic check,1,No,0,Yes,Yes,0
CUST_000138,19,48,23.99,1080.49,One year,DSL,Electronic check,1,Yes,0,Yes,No,0
CUST_000139,37,6,42.74,230.8,Month-to-month,Fiber optic,Bank transfer,1,No,0,Yes,Yes,0
CUST_000140,42,72,104.28,6905.95,Month-to-month,Fiber optic,Mailed check,1,Yes,0,Yes,Yes,0
CUST_000141,74,28,82.15,2227.86,Month-to-month,Fiber optic,Electronic check,0,No,0,No,Yes,1
CUST_000142,30,2,76.3,166.29,Two year,No,Electronic check,2,Yes,0,Yes,No,0
CUST_000143,33,48,51.9,2640.35,Month-to-month,DSL,Bank transfer,5,No,0,Yes,Yes,0
CUST_000144,41,41,112.94,4378.45,Month-to-month,Fiber optic,Credit card,0,Yes,0,Yes,No,0
CUST_000145,74,47,53.12,2305.0,Month-to-month,Fiber optic,Electronic check,0,Yes,0,Yes,No,0
CUST_000146,66,55,103.49,6259.67,Two year,DSL,Bank transfer,2,No,0,No,No,0
CUST_000147,19,35,109.59,4004.57,Month-to-month,No,Bank transfer,6,No,0,Yes,Yes,1
CUST_000148,31,60,68.33,4118.92,Month-to-month,No,Mailed check,5,No,1,No,No,0
CUST_000149,64,27,109.43,3237.31,Month-to-month,DSL,Electronic check,2,No,0,No,Yes,1
CUST_000150,21,40,47.68,2080.42,One year,No,Credit card,3,Yes,1,No,No,0
CUST_000151,66,12,85.84,950.94,Month-to-month,DSL,Mailed check,1,No,0,Yes,Yes,0
CUST_000152,34,45,28.8,1331.25,Two year,No,Mailed check,3,No,0,Yes,Yes,0
CUST_000153,70,19,67.39,1329.05,Month-to-month,No,Credit card,0,No,0,Yes,Yes,0
CUST_000154,34,51,41.73,2283.0,Month-to-month,DSL,Credit card,3,Yes,0,Yes,No,0
CUST_000155,42,58,26.28,1523.82,Month-to-month,Fiber optic,Bank transfer,1,No,0,No,Yes,1
CUST_000156,55,62,20.37,1308.36,Month-to-month,Fiber optic,Credit card,0,No,1,No,Yes,0
CUST_000157,25,67,52.48,3413.9,Month-to-month,DSL,Electronic check,2,No,0,No,Yes,0
CUST_000158,49,9,78.95,696.51,One year,Fiber optic,Bank transfer,3,No,0,No,No,0
CUST_000159,46,10,65.52,663.49,Month-to-month,Fiber optic,Electronic check,2,Yes,0,Yes,No,0
CUST_000160,62,67,50.18,3169.82,One year,DSL,Credit card,1,Yes,0,Yes,No,0
CUST_000161,74,28,119.12,3530.32,Month-to-month,DSL,Mailed check,3,No,0,No,No,0
CUST_000162,55,2,113.95,227.79,One year,DSL,Electronic check,1,Yes,0,Yes,No,0
CUST_000163,41,21,32.57,732.03,Month-to-month,Fiber optic,Mailed check,2,No,0,Yes,Yes,0
CUST_000164,41,61,61.51,3967.39,Month-to-month,Fiber optic,Bank transfer,4,Yes,0,No,No,0
CUST_000165,41,26,84.88,2234.29,Month-to-month,Fiber optic,Mailed check,0,No,0,Yes,No,1
CUST_000166,64,6,93.35,581.13,Two year,DSL,Bank transfer,2,No,0,No,No,1
CUST_000167,36,52,56.64,3150.38,Two year,DSL,Electronic check,2,No,0,Yes,No,0
CUST_000168,27,15,94.63,1373.67,Two year,Fiber optic,Electronic check,0,Yes,0,No,No,0
CUST_000169,37,26,32.42,881.52,Two year,DSL,Bank transfer,1,Yes,0,Yes,No,0
CUST_000170,19,1,53.18,57.69,Month-to-month,Fiber optic,Mailed check,2,No,0,No,No,1
CUST_000171,24,44,91.64,3654.09,Month-to-month,Fiber optic,Bank transfer,2,No,0,Yes,No,0
CUST_000172,23,33,82.57,2724.44,Month-to-month,Fiber optic,Credit card,4,No,0,Yes,Yes,1
CUST_000173,61,63,103.72,6070.18,Two year,Fiber optic,Bank transfer,2,No,0,No,No,1
CUST_000174,59,25,24.69,603.11,Month-to-month,No,Mailed check,1,No,0,No,Yes,0
CUST_000175,57,15,37.44,598.53,Month-to-month,DSL,Mailed check,1,No,0,Yes,No,0
CUST_000176,44,12,24.85,280.25,One year,No,Credit card,2,No,0,Yes,Yes,0
CUST_000177,58,15,39.21,533.56,Month-to-month,DSL,Bank transfer,4,No,0,No,No,1
CUST_000178,27,33,20.43,645.14,One year,DSL,Credit card,1,No,0,No,No,0
CUST_000179,69,7,70.42,520.5,Month-to-month,Fiber optic,Electronic check,4,No,0,No,No,1
CUST_000180,46,29,72.83,1946.3,One year,DSL,Bank transfer,4,No,1,No,No,1
CUST_000181,71,62,85.79,5410.68,Two year,Fiber optic,Electronic check,9,No,1,Yes,No,1
CUST_000182,26,56,58.49,3434.33,One year,No,Bank transfer,3,Yes,0,No,No,0
CUST_000183,46,46,20.32,947.88,Month-to-month,Fiber optic,Credit card,2,No,0,No,No,0
CUST_000184,57,65,87.39,6174.38,Month-to-month,Fiber optic,Credit card,1,Yes,0,Yes,No,1
CUST_000185,46,57,25.43,1524.09,Month-to-month,No,Electronic check,2,Yes,0,Yes,No,0
CUST_000186,43,47,106.62,4598.26,Month-to-month,Fiber optic,Credit card,3,No,1,Yes,No,1
CUST_000187,27,63,22.27,1502.82,One year,DSL,Electronic check,5,No,0,No,No,0
CUST_000188,39,9,73.05,663.75,Month-to-month,No,Mailed check,3,No,0,No,No,1
CUST_000189,31,59,109.49,7064.16,Month-to-month,DSL,Bank transfer,4,No,0,No,Yes,0
CUST_000190,35,22,77.25,1864.43,Month-to-month,DSL,Mailed check,4,No,0,No,No,1
CUST_000191,56,53,80.84,3996.39,Two year,DSL,Electronic check,3,No,0,No,Yes,0
CUST_000192,53,66,88.16,5525.82,Month-to-month,DSL,Bank transfer,3,No,1,No,Yes,0
CUST_000193,52,36,32.24,1196.27,Month-to-month,DSL,Bank transfer,8,Yes,0,Yes,No,1
CUST_000194,38,7,87.49,558.01,Month-to-month,DSL,Bank transfer,2,Yes,0,Yes,Yes,1
CUST_000195,72,27,108.04,2859.31,Month-to-month,Fiber optic,Mailed check,4,Yes,0,No,No,1
CUST_000196,22,30,117.42,3866.7,Two year,Fiber optic,Bank transfer,2,No,0,No,No,0
CUST_000197,37,68,64.31,4395.76,Month-to-month,No,Mailed check,0,Yes,1,Yes,No,0
CUST_000198,24,68,54.45,3577.69,One year,DSL,Electronic check,2,No,0,Yes,No,0
CUST_000199,37,41,95.33,3662.83,One year,DSL,Mailed check,5,Yes,0,No,No,0
CUST_000200,72,69,74.29,5382.45,Two year,Fiber optic,Bank transfer,3,Yes,0,Yes,No,0
CUST_000201,38,32,45.73,1589.3,One year,DSL,Electronic check,5,No,0,No,No,0
CUST_000202,69,30,37.22,1211.38,One year,Fiber optic,Electronic check,1,Yes,0,No,No,0
CUST_000203,46,61,37.02,2061.81,Month-to-month,Fiber optic,Credit card,1,No,0,No,Yes,0
CUST_000204,57,49,65.92,2956.0,Month-to-month,Fiber optic,Credit card,1,No,1,No,No,0
CUST_000205,44,38,37.01,1544.38,One year,DSL,Bank transfer,0,No,0,Yes,Yes,0
CUST_000206,33,33,21.97,790.73,One year,Fiber optic,Bank transfer,3,No,0,No,Yes,0
CUST_000207,61,51,25.21,1213.57,Month-to-month,Fiber optic,Credit card,3,No,0,Yes,No,0
CUST_000208,73,55,112.99,5838.69,Month-to-month,No,Bank transfer,2,No,0,Yes,No,1
CUST_000209,33,36,27.3,1000.41,Month-to-month,DSL,Electronic check,4,Yes,0,No,No,0
CUST_000210,62,3,27.32,78.96,Month-to-month,Fiber optic,Bank transfer,1,Yes,0,No,No,0
CUST_000211,32,8,65.12,543.69,Month-to-month,Fiber optic,Credit card,4,No,0,No,No,0
CUST_000212,58,11,44.51,460.8,Month-to-month,DSL,Bank transfer,2,No,0,No,No,0
CUST_000213,62,34,116.27,4195.29,Month-to-month,Fiber optic,Electronic check,3,No,0,No,No,1
CUST_000214,43,45,111.1,4781.9,One year,Fiber optic,Credit card,1,No,0,No,No,1
CUST_000215,60,58,60.47,3254.15,One year,DSL,Bank transfer,1,No,0,Yes,No,0
CUST_000216,33,17,64.87,1067.98,One year,Fiber optic,Mailed check,1,Yes,0,Yes,Yes,0
CUST_000217,22,57,57.51,2963.23,One year,Fiber optic,Credit card,4,No,0,Yes,Yes,0
CUST_000218,23,48,23.79,1175.02,Month-to-month,Fiber optic,Bank transfer,1,No,1,No,Yes,0
CUST_000219,43,4,49.28,180.08,Month-to-month,DSL,Credit card,2,Yes,0,No,No,1
CUST_000220,69,26,32.27,779.88,One year,Fiber optic,Credit card,2,Yes,0,No,No,0
CUST_000221,25,22,30.24,704.32,Two year,DSL,Electronic check,1,No,0,Yes,No,0
CUST_000222,43,64,76.09,4875.21,One year,Fiber optic,Bank transfer,2,No,0,No,No,0
CUST_000223,58,67,29.88,2039.17,One year,Fiber optic,Mailed check,2,Yes,0,No,No,0
CUST_000224,29,59,30.29,1708.93,One year,Fiber optic,Credit card,2,No,1,Yes,No,0
CUST_000225,59,39,68.05,2904.61,One year,Fiber optic,Credit card,4,No,0,No,Yes,0
CUST_000226,35,36,64.23,2537.52,One year,DSL,Credit card,0,Yes,0,No,No,0
CUST_000227,64,23,33.76,755.61,One year,DSL,Bank transfer,4,No,1,Yes,No,0
CUST_000228,51,56,20.44,1210.55,Month-to-month,Fiber optic,Bank transfer,2,No,0,No,Yes,0
CUST_000229,49,7,39.3,291.73,Month-to-month,DSL,Electronic check,2,Yes,1,No,No,0
CUST_000230,28,20,43.59,943.93,Month-to-month,Fiber optic,Mailed check,2,No,1,Yes,No,0
CUST_000231,44,10,100.02,1072.55,Month-to-month,Fiber optic,Electronic check,5,No,0,Yes,Yes,1
CUST_000232,66,36,111.54,3966.8,One year,No,Credit card,4,No,1,Yes,Yes,0
CUST_000233,19,22,60.59,1295.91,Month-to-month,DSL,Bank transfer,6,Yes,0,No,No,1
CUST_000234,61,15,60.5,986.46,Month-to-month,Fiber optic,Bank transfer,4,No,0,Yes,No,0
CUST_000235,46,28,91.25,2508.02,One year,DSL,Electronic check,0,No,0,Yes,No,0
CUST_000236,59,62,82.69,5147.44,Month-to-month,No,Bank transfer,3,No,0,No,No,0
CUST_000237,55,41,38.41,1447.6,Two year,Fiber optic,Mailed check,2,No,0,Yes,No,1
CUST_000238,42,60,30.77,1770.16,Month-to-month,Fiber optic,Credit card,5,No,0,Yes,No,0
CUST_000239,35,66,63.76,3924.48,Month-to-month,Fiber optic,Credit card,1,No,0,No,No,1
CUST_000240,53,65,76.48,4555.96,Month-to-month,DSL,Mailed check,6,Yes,0,No,Yes,0
CUST_000241,25,26,33.87,857.86,Month-to-month,Fiber optic,Credit card,4,No,0,No,Yes,0
CUST_000242,51,64,49.33,3166.88,Month-to-month,No,Electronic check,4,No,0,Yes,No,0
CUST_000243,23,66,50.59,3525.46,Month-to-month,DSL,Electronic check,2,Yes,0,Yes,Yes,0
CUST_000244,55,70,46.13,3298.67,Month-to-month,No,Bank transfer,3,Yes,0,No,No,0
CUST_000245,53,26,66.08,1829.57,Month-to-month,No,Bank transfer,4,Yes,1,No,Yes,0
CUST_000246,22,17,85.31,1372.77,One year,No,Electronic check,1,Yes,0,No,Yes,1
CUST_000247,61,43,70.94,3230.44,Month-to-month,No,Electronic check,2,Yes,1,Yes,No,0
CUST_000248,41,68,40.15,2485.37,Month-to-month,DSL,Mailed check,3,Yes,0,No,Yes,0
CUST_000249,62,65,30.29,1881.11,Month-to-month,Fiber optic,Electronic check,6,No,0,No,Yes,0
CUST_000250,20,42,102.19,4243.68,Two year,DSL,Mailed check,3,No,0,No,No,0
CUST_000251,28,11,67.93,815.55,One year,Fiber optic,Mailed check,2,Yes,1,Yes,Yes,0
CUST_000252,46,31,26.21,746.0,Two year,DSL,Credit card,3,No,0,Yes,No,0
CUST_000253,28,52,45.81,2269.01,Two year,No,Electronic check,3,Yes,1,Yes,No,0
CUST_000254,36,41,100.4,3830.25,Month-to-month,DSL,Electronic check,1,No,0,No,Yes,0
CUST_000255,55,25,95.17,2343.7,One year,DSL,Electronic check,7,No,0,No,Yes,1
CUST_000256,26,25,107.58,2597.45,Month-to-month,DSL,Electronic check,2,No,1,Yes,Yes,0
CUST_000257,56,5,80.21,368.33,Two year,Fiber optic,Bank transfer,1,No,0,No,No,1
CUST_000258,23,21,62.29,1303.18,Month-to-month,DSL,Mailed check,4,No,0,No,No,0
CUST_000259,27,49,62.66,3061.46,Month-to-month,DSL,Electronic check,1,Yes,0,Yes,No,0
CUST_000260,51,18,39.4,727.67,Two year,DSL,Credit card,5,No,0,No,No,0
CUST_000261,63,72,85.08,6543.52,Two year,DSL,Bank transfer,1,Yes,0,Yes,No,0
CUST_000262,27,6,78.51,515.65,Two year,No,Electronic check,2,No,0,No,No,0
CUST_000263,35,43,35.49,1405.17,Month-to-month,Fiber optic,Electronic check,4,No,0,No,No,0
CUST_000264,70,36,108.57,3782.21,Month-to-month,DSL,Credit card,0,No,0,No,No,1
CUST_000265,74,60,56.85,3733.22,Month-to-month,DSL,Bank transfer,2,No,0,Yes,No,1
CUST_000266,51,64,24.97,1619.68,Month-to-month,DSL,Credit card,1,No,0,Yes,No,0
CUST_000267,43,40,52.79,2068.06,Month-to-month,Fiber optic,Electronic check,1,No,0,Yes,Yes,0
CUST_000268,37,46,106.99,4857.45,Month-to-month,DSL,Bank transfer,3,No,0,Yes,No,0
CUST_000269,52,51,111.7,6087.11,One year,DSL,Electronic check,4,No,0,No,No,1
CUST_000270,51,38,69.04,2814.38,Month-to-month,DSL,Electronic check,1,No,0,No,No,0
CUST_000271,34,14,115.63,1552.48,One year,DSL,Bank transfer,2,No,0,No,No,1
CUST_000272,19,31,107.52,3205.69,Two year,Fiber optic,Bank transfer,2,Yes,0,No,Yes,0
CUST_000273,26,18,102.52,1919.11,One year,DSL,Electronic check,4,No,0,Yes,No,1
CUST_000274,72,34,105.97,3291.35,Month-to-month,Fiber optic,Electronic check,3,No,0,Yes,No,0
CUST_000275,41,45,58.19,2799.74,Month-to-month,Fiber optic,Bank transfer,1,Yes,0,Yes,Yes,0
CUST_000276,45,16,95.65,1379.48,Month-to-month,No,Electronic check,5,No,0,No,No,1
CUST_000277,44,18,77.73,1388.24,One year,DSL,Electronic check,3,No,0,Yes,No,0
CUST_000278,62,60,91.97,5841.05,Month-to-month,Fiber optic,Electronic check,1,No,0,Yes,No,0
CUST_000279,21,28,37.78,1145.49,Month-to-month,No,Electronic check,1,Yes,0,Yes,No,0
CUST_000280,22,15,93.14,1432.58,Two year,No,Credit card,8,Yes,0,Yes,No,1
CUST_000281,33,52,115.76,6056.56,One year,No,Electronic check,4,Yes,0,Yes,No,0
CUST_000282,45,52,50.27,2717.17,Two year,DSL,Mailed check,3,Yes,0,Yes,No,0
CUST_000283,56,60,118.62,7604.18,Month-to-month,No,Bank transfer,2,Yes,0,No,Yes,1
CUST_000284,45,55,57.84,2871.33,Two year,No,Electronic check,1,Yes,0,Yes,Yes,0
CUST_000285,43,72,39.97,2939.01,Month-to-month,DSL,Bank transfer,2,Yes,0,Yes,No,0
CUST_000286,71,42,31.23,1381.67,Month-to-month,DSL,Electronic check,3,Yes,0,No,No,0
CUST_000287,27,21,98.5,2244.5,Two year,No,Credit card,2,Yes,0,Yes,No,0
CUST_000288,50,63,75.48,4659.74,Two year,DSL,Bank transfer,5,No,1,Yes,No,0
CUST_000289,48,20,50.71,1095.69,Month-to-month,Fiber optic,Bank transfer,3,No,0,No,Yes,0
CUST_000290,44,21,80.85,1742.01,Month-to-month,Fiber optic,Mailed check,2,No,0,Yes,Yes,0
CUST_000291,64,60,53.21,3086.22,Month-to-month,Fiber optic,Credit card,1,Yes,0,No,Yes,1
CUST_000292,33,64,64.84,4550.97,One year,DSL,Bank transfer,1,Yes,0,No,No,0
CUST_000293,72,25,106.27,2422.23,Two year,Fiber optic,Mailed check,2,No,0,No,No,1
CUST_000294,36,53,86.82,4941.75,Month-to-month,Fiber optic,Electronic check,1,No,0,Yes,No,0
CUST_000295,49,67,96.24,6484.65,Month-to-month,No,Electronic check,3,No,0,No,Yes,0
CUST_000296,47,58,78.35,4621.29,One year,DSL,Electronic check,1,No,1,No,No,0
CUST_000297,66,1,119.14,127.06,One year,DSL,Electronic check,2,No,0,No,Yes,1
CUST_000298,43,48,44.14,2299.7,Month-to-month,DSL,Credit card,2,No,0,Yes,No,0
CUST_000299,34,13,46.23,648.52,One year,DSL,Credit card,4,No,0,No,Yes,0
CUST_000300,19,61,29.26,1772.9,Two year,No,Electronic check,3,Yes,0,No,Yes,0
CUST_000301,38,5,75.4,392.99,Month-to-month,DSL,Credit card,2,No,0,Yes,Yes,1
CUST_000302,65,72,81.34,6152.04,One year,DSL,Bank transfer,1,No,0,Yes,Yes,0
CUST_000303,18,13,92.6,1166.8,One year,No,Mailed check,3,Yes,0,No,No,1
CUST_000304,69,31,53.54,1594.49,Month-to-month,DSL,Credit card,3,No,0,No,No,0
CUST_000305,48,17,21.23,384.12,Two year,DSL,Bank transfer,1,No,0,No,No,0
CUST_000306,25,59,83.22,4945.15,One year,Fiber optic,Bank transfer,2,No,0,No,No,0
CUST_000307,35,29,119.87,3283.7,Month-to-month,Fiber optic,Electronic check,3,No,0,Yes,No,1
CUST_000308,49,54,49.45,2873.5,Month-to-month,No,Electronic check,3,Yes,1,Yes,No,0
CUST_000309,35,5,38.39,191.75,One year,Fiber optic,Credit card,2,No,0,No,No,0
CUST_000310,24,33,48.18,1708.28,Month-to-month,DSL,Electronic check,2,Yes,0,No,Yes,1
CUST_000311,55,66,62.54,3850.83,Month-to-month,Fiber optic,Electronic check,2,No,0,No,No,0
CUST_000312,56,67,45.09,3257.26,Month-to-month,No,Electronic check,1,Yes,0,Yes,Yes,0
CUST_000313,24,16,54.7,858.51,One year,Fiber optic,Mailed check,2,No,0,No,No,0
CUST_000314,34,29,83.82,2329.93,Two year,Fiber optic,Mailed check,6,No,0,No,No,0
CUST_000315,31,30,54.5,1592.16,One year,Fiber optic,Credit card,1,Yes,0,Yes,Yes,0
CUST_000316,55,41,59.61,2494.25,Two year,Fiber optic,Mailed check,0,No,0,No,Yes,0
CUST_000317,59,39,24.0,898.64,Month-to-month,Fiber optic,Credit card,3,No,0,Yes,No,0
CUST_000318,59,8,111.79,920.01,Month-to-month,DSL,Bank transfer,2,No,0,Yes,No,0
CUST_000319,71,55,60.69,3340.66,Two year,Fiber optic,Mailed check,2,No,0,No,No,0
CUST_000320,61,17,52.81,925.69,Month-to-month,DSL,Electronic check,3,Yes,0,Yes,No,0
CUST_000321,36,23,28.65,637.51,Two year,Fiber optic,Electronic check,2,No,0,No,No,0
CUST_000322,24,61,83.42,4843.67,Month-to-month,Fiber optic,Credit card,5,Yes,0,No,No,0
CUST_000323,53,50,106.38,5503.97,Month-to-month,DSL,Bank transfer,2,No,0,Yes,No,0
CUST_000324,70,29,24.12,703.58,One year,DSL,Mailed check,1,No,0,No,No,0
CUST_000325,73,66,34.53,2115.99,Month-to-month,No,Credit card,1,Yes,0,Yes,No,0
CUST_000326,31,29,34.64,1035.26,Month-to-month,DSL,Credit card,4,Yes,0,Yes,No,0
CUST_000327,31,41,80.23,3142.64,Month-to-month,DSL,Electronic check,1,No,0,Yes,No,0
CUST_000328,20,18,112.12,1963.43,Month-to-month,DSL,Bank transfer,3,Yes,0,No,No,1
CUST_000329,26,14,63.78,956.35,Month-to-month,Fiber optic,Bank transfer,1,No,0,Yes,No,0
CUST_000330,49,36,54.38,1841.12,Two year,DSL,Credit card,0,No,0,Yes,No,0
CUST_000331,49,41,96.58,3904.97,Month-to-month,No,Electronic check,1,Yes,0,No,No,0
CUST_000332,39,59,94.26,5100.71,Two year,Fiber optic,Electronic check,1,No,0,No,No,0
CUST_000333,35,29,44.68,1282.84,One year,DSL,Mailed check,2,No,0,No,No,0
CUST_000334,65,65,36.08,2542.67,Month-to-month,Fiber optic,Electronic check,3,No,0,Yes,Yes,0
CUST_000335,44,44,55.78,2483.09,Month-to-month,DSL,Electronic check,2,Yes,0,No,No,0
CUST_000336,64,6,97.56,628.48,Two year,DSL,Bank transfer,1,No,1,No,Yes,0
CUST_000337,72,54,89.51,4874.21,One year,Fiber optic,Mailed check,1,Yes,1,Yes,Yes,0
CUST_000338,36,42,86.59,3315.72,Two year,DSL,Electronic check,7,No,0,Yes,No,0
CUST_000339,29,29,102.94,2987.92,Month-to-month,No,Bank transfer,4,No,0,Yes,Yes,0
CUST_000340,72,34,47.71,1535.4,One year,Fiber optic,Electronic check,4,Yes,1,No,Yes,0
CUST_000341,54,22,53.97,1171.34,One year,DSL,Mailed check,2,No,0,No,No,0
CUST_000342,34,45,24.23,1033.04,Two year,No,Bank transfer,1,Yes,1,Yes,No,0
CUST_000343,53,41,106.87,4042.58,Month-to-month,Fiber optic,Credit card,1,No,0,Yes,No,1
CUST_000344,47,33,78.24,2433.06,Two year,DSL,Electronic check,4,No,0,No,Yes,0
CUST_000345,69,21,49.81,1025.37,Month-to-month,Fiber optic,Credit card,2,No,0,No,Yes,0
CUST_000346,32,29,26.94,831.73,Two year,No,Credit card,5,No,0,No,Yes,0
CUST_000347,74,36,92.34,3503.37,Month-to-month,Fiber optic,Bank transfer,1,No,0,Yes,Yes,0
CUST_000348,71,34,94.87,2926.7,One year,Fiber optic,Credit card,2,Yes,0,No,No,0
CUST_000349,28,23,86.62,2102.58,Month-to-month,Fiber optic,Electronic check,4,No,0,Yes,No,0
CUST_000350,27,42,40.38,1536.79,Two year,DSL,Electronic check,3,No,1,Yes,No,1
CUST_000351,48,17,111.32,1731.92,Month-to-month,DSL,Credit card,5,Yes,0,No,No,1
CUST_000352,20,37,95.32,3711.46,Month-to-month,Fiber optic,Mailed check,2,No,0,Yes,No,0
CUST_000353,35,9,85.78,755.53,One year,No,Electronic check,2,Yes,0,No,Yes,0
CUST_000354,42,34,85.09,2789.76,One year,Fiber optic,Electronic check,0,Yes,0,Yes,Yes,0
CUST_000355,73,57,110.44,6138.26,Month-to-month,DSL,Electronic check,2,Yes,0,No,No,0
CUST_000356,74,59,112.83,6689.13,One year,Fiber optic,Electronic check,3,No,1,Yes,Yes,0
CUST_000357,26,51,79.56,4144.03,Month-to-month,DSL,Electronic check,2,Yes,0,Yes,No,0
CUST_000358,68,54,61.67,3443.64,One year,DSL,Credit card,5,No,0,Yes,No,0
CUST_000359,23,5,56.37,259.09,One year,Fiber optic,Electronic check,2,Yes,0,No,No,0
CUST_000360,60,25,101.91,2376.76,One year,DSL,Credit card,1,Yes,1,No,No,0
CUST_000361,66,48,84.46,4000.68,Two year,No,Electronic check,1,Yes,0,No,No,1
CUST_000362,68,58,27.73,1725.47,Month-to-month,Fiber optic,Electronic check,3,No,0,No,No,0
CUST_000363,30,42,34.22,1512.75,Month-to-month,Fiber optic,Credit card,1,Yes,0,No,No,0
CUST_000364,68,62,110.02,6393.8,One year,No,Electronic check,4,Yes,0,Yes,Yes,0
CUST_000365,24,20,108.45,2076.79,Month-to-month,Fiber optic,Electronic check,4,Yes,0,Yes,No,1
CUST_000366,47,12,115.18,1348.61,Month-to-month,No,Credit card,2,No,0,No,No,1
CUST_000367,44,7,62.79,471.17,One year,No,Electronic check,5,Yes,0,No,No,0
CUST_000368,36,42,98.41,4528.62,Month-to-month,Fiber optic,Electronic check,2,Yes,0,Yes,No,1
CUST_000369,19,48,102.82,4517.18,Month-to-month,DSL,Credit card,1,No,0,Yes,No,1
CUST_000370,62,21,51.57,1080.12,Two year,DSL,Mailed check,2,No,0,No,No,0
CUST_000371,37,57,34.53,1914.08,Month-to-month,No,Bank transfer,1,Yes,0,Yes,No,0
CUST_000372,55,54,119.7,6233.36,Month-to-month,DSL,Electronic check,2,No,0,Yes,No,1
CUST_000373,41,26,23.02,598.41,Month-to-month,No,Electronic check,2,No,0,No,No,0
CUST_000374,39,18,79.73,1497.91,Month-to-month,DSL,Mailed check,4,No,0,No,No,1
CUST_000375,68,54,85.02,4674.16,One year,Fiber optic,Bank transfer,1,No,0,Yes,No,0
CUST_000376,23,49,88.18,4255.45,One year,DSL,Electronic check,1,No,0,No,No,0
CUST_000377,59,13,45.56,618.61,One year,No,Credit card,0,Yes,0,Yes,Yes,0
CUST_000378,60,19,92.16,1720.04,Month-to-month,DSL,Bank transfer,2,No,1,Yes,Yes,1
CUST_000379,39,35,41.64,1501.61,Month-to-month,Fiber optic,Bank transfer,4,Yes,0,No,Yes,0
CUST_000380,32,37,102.9,3554.44,Month-to-month,No,Mailed check,1,No,0,No,No,1
CUST_000381,18,12,41.91,486.78,One year,DSL,Bank transfer,0,Yes,0,No,No,0
CUST_000382,71,69,89.67,6272.19,One year,DSL,Bank transfer,3,No,0,Yes,No,0
CUST_000383,72,28,98.34,2983.66,Month-to-month,No,Electronic check,1,No,0,Yes,No,0
CUST_000384,31,28,38.89,984.22,Two year,No,Credit card,3,No,0,Yes,No,1
CUST_000385,19,5,43.8,228.94,One year,DSL,Mailed check,2,Yes,0,Yes,No,0
CUST_000386,24,64,97.91,6246.09,Month-to-month,Fiber optic,Credit card,5,No,0,Yes,No,0
CUST_000387,21,17,28.6,510.0,One year,DSL,Credit card,5,No,1,Yes,No,0
CUST_000388,65,72,39.08,2597.01,One year,DSL,Electronic check,4,Yes,1,Yes,Yes,0
CUST_000389,68,36,65.55,2403.09,Month-to-month,Fiber optic,Mailed check,3,Yes,0,No,No,1
CUST_000390,26,63,113.02,7008.85,Month-to-month,DSL,Mailed check,1,No,0,Yes,Yes,0
CUST_000391,60,13,76.19,953.14,One year,Fiber optic,Mailed check,1,No,0,Yes,Yes,0
CUST_000392,28,12,58.77,639.3,Two year,DSL,Credit card,2,Yes,0,Yes,No,0
CUST_000393,38,58,117.84,6869.48,One year,No,Electronic check,3,Yes,0,No,Yes,0
CUST_000394,52,60,66.37,3856.27,One year,Fiber optic,Bank transfer,3,No,0,Yes,No,0
CUST_000395,59,40,63.37,2748.74,One year,DSL,Credit card,3,No,0,Yes,No,0
CUST_000396,67,3,61.16,192.69,Month-to-month,No,Credit card,1,Yes,0,Yes,No,0
CUST_000397,20,68,51.22,3195.29,Month-to-month,No,Electronic check,2,No,0,Yes,No,0
CUST_000398,29,29,52.57,1466.59,Month-to-month,DSL,Credit card,4,No,0,No,No,0
CUST_000399,33,68,88.78,5746.94,Two year,No,Electronic check,4,Yes,1,Yes,No,0
CUST_000400,35,63,24.08,1572.88,Two year,DSL,Mailed check,6,Yes,0,No,No,0
CUST_000401,74,62,88.18,5549.35,Two year,DSL,Electronic check,9,Yes,0,No,No,0
CUST_000402,62,50,40.12,1949.43,Month-to-month,Fiber optic,Bank transfer,5,No,0,No,No,1
CUST_000403,36,49,58.42,2703.3,Month-to-month,DSL,Electronic check,5,No,0,No,Yes,0
CUST_000404,73,39,34.65,1335.26,One year,Fiber optic,Electronic check,5,No,1,Yes,Yes,1
CUST_000405,46,2,75.28,143.06,Month-to-month,Fiber optic,Electronic check,2,No,0,Yes,No,1
CUST_000406,46,28,92.94,2440.71,Month-to-month,No,Credit card,2,Yes,0,Yes,Yes,0
CUST_000407,42,53,55.47,3125.53,One year,DSL,Bank transfer,2,No,0,Yes,Yes,0
CUST_000408,26,59,36.34,2344.9,One year,DSL,Bank transfer,3,No,0,Yes,Yes,0
CUST_000409,71,41,42.65,1837.83,One year,Fiber optic,Bank transfer,5,No,0,Yes,Yes,0
CUST_000410,18,52,101.81,4830.82,Month-to-month,DSL,Mailed check,0,No,1,Yes,Yes,0
CUST_000411,27,2,46.76,101.72,Month-to-month,No,Electronic check,2,No,1,No,No,1
CUST_000412,31,34,97.47,3283.23,Month-to-month,Fiber optic,Electronic check,3,No,0,Yes,No,1
CUST_000413,33,37,53.12,1873.25,Month-to-month,Fiber optic,Mailed check,3,Yes,0,Yes,No,1
CUST_000414,25,65,38.87,2663.88,Month-to-month,Fiber optic,Credit card,4,No,0,No,Yes,1
CUST_000415,19,23,92.73,1921.11,Month-to-month,DSL,Electronic check,0,No,0,No,Yes,0
CUST_000416,56,17,66.85,1029.71,Two year,DSL,Bank transfer,2,No,1,Yes,No,0
CUST_000417,73,26,23.13,632.48,Month-to-month,Fiber optic,Credit card,3,No,0,No,No,0
CUST_000418,24,13,115.99,1405.48,Month-to-month,No,Credit card,3,No,0,Yes,No,1
CUST_000419,34,41,34.78,1418.08,Month-to-month,DSL,Electronic check,3,No,0,No,No,0
CUST_000420,46,47,55.34,2613.87,One year,DSL,Credit card,1,No,0,No,Yes,0
CUST_000421,70,58,58.48,3726.77,Month-to-month,Fiber optic,Bank transfer,3,No,0,Yes,Yes,0
CUST_000422,57,70,68.94,4661.2,Month-to-month,DSL,Mailed check,6,No,1,No,No,1
CUST_000423,61,6,98.54,568.05,Month-to-month,Fiber optic,Bank transfer,2,Yes,0,Yes,No,1
CUST_000424,51,18,20.61,369.03,Month-to-month,DSL,Electronic check,0,No,0,Yes,No,0
CUST_000425,41,22,113.25,2483.49,One year,Fiber optic,Credit card,3,No,0,No,Yes,0
CUST_000426,29,18,84.6,1537.53,Month-to-month,Fiber optic,Bank transfer,0,No,0,No,Yes,0
CUST_000427,67,60,115.06,7425.91,Month-to-month,No,Bank transfer,2,Yes,1,No,No,0
CUST_000428,63,11,101.74,1165.93,One year,Fiber optic,Credit card,8,Yes,0,Yes,No,0
CUST_000429,19,3,112.78,362.83,Month-to-month,DSL,Bank transfer,0,Yes,0,No,Yes,0
CUST_000430,58,62,80.1,4853.52,One year,Fiber optic,Electronic check,5,No,0,No,No,0
CUST_000431,22,70,55.73,4112.56,Month-to-month,Fiber optic,Electronic check,3,No,0,Yes,No,0
CUST_000432,60,17,64.29,1193.72,One year,Fiber optic,Credit card,3,No,0,No,Yes,0
CUST_000433,65,24,85.8,1885.72,Month-to-month,No,Bank transfer,6,Yes,0,No,No,1
CUST_000434,25,37,62.69,2289.43,Month-to-month,No,Credit card,1,No,0,No,Yes,0
CUST_000435,42,38,93.17,3608.7,Month-to-month,DSL,Mailed check,4,No,1,Yes,Yes,1
CUST_000436,25,72,29.18,2136.98,Two year,Fiber optic,Mailed check,3,No,0,No,No,0
CUST_000437,50,30,103.0,3098.09,Month-to-month,DSL,Credit card,4,No,0,No,No,1
CUST_000438,70,1,40.42,43.03,Two year,Fiber optic,Bank transfer,3,Yes,1,Yes,No,1
CUST_000439,22,31,114.39,3340.73,Two year,No,Mailed check,3,Yes,0,Yes,No,0
CUST_000440,40,41,35.55,1593.28,Month-to-month,Fiber optic,Electronic check,5,No,0,No,Yes,0
CUST_000441,73,38,32.92,1328.2,Month-to-month,DSL,Credit card,6,No,1,Yes,No,0
CUST_000442,35,37,101.19,3589.04,Month-to-month,No,Bank transfer,1,No,0,No,Yes,0
CUST_000443,25,67,101.87,6187.27,Two year,Fiber optic,Mailed check,2,Yes,0,Yes,Yes,0
CUST_000444,45,59,93.88,5783.7,One year,DSL,Mailed check,2,No,0,Yes,Yes,0
CUST_000445,46,19,116.05,1996.11,Month-to-month,No,Electronic check,1,No,0,No,Yes,1
CUST_000446,55,26,47.05,1220.03,Month-to-month,DSL,Mailed check,0,No,0,Yes,No,0
CUST_000447,35,49,102.66,5112.89,Two year,Fiber optic,Electronic check,3,Yes,0,Yes,No,0
CUST_000448,72,30,55.2,1814.55,Month-to-month,Fiber optic,Electronic check,5,No,1,Yes,Yes,0
CUST_000449,47,31,73.74,2200.89,Month-to-month,No,Credit card,0,No,0,No,No,1
CUST_000450,34,13,64.56,875.93,Month-to-month,DSL,Mailed check,3,No,0,Yes,Yes,0
CUST_000451,72,19,20.59,426.76,Month-to-month,DSL,Credit card,2,Yes,0,No,No,0
CUST_000452,70,54,77.45,4151.27,Two year,Fiber optic,Mailed check,3,Yes,0,No,No,0
CUST_000453,46,61,94.75,5341.35,One year,No,Electronic check,5,Yes,0,No,Yes,0
CUST_000454,19,57,37.46,1974.27,Month-to-month,DSL,Mailed check,2,No,0,Yes,No,0
CUST_000455,52,23,113.17,2545.4,Month-to-month,DSL,Electronic check,0,No,0,Yes,No,0
CUST_000456,49,10,73.04,704.77,One year,No,Bank transfer,3,No,0,No,No,0
CUST_000457,26,12,37.82,437.18,Month-to-month,Fiber optic,Credit card,1,No,0,Yes,No,0
CUST_000458,54,29,84.59,2445.53,Month-to-month,DSL,Bank transfer,2,No,0,No,Yes,1
CUST_000459,65,38,39.19,1500.34,Month-to-month,Fiber optic,Bank transfer,1,Yes,0,No,No,0
CUST_000460,24,65,26.35,1632.4,One year,Fiber optic,Credit card,7,No,0,No,No,1
CUST_000461,59,65,88.53,5685.63,Two year,Fiber optic,Bank transfer,1,No,1,No,No,1
CUST_000462,25,1,31.07,32.01,One year,Fiber optic,Bank transfer,1,No,1,No,No,1
CUST_000463,60,51,30.62,1579.41,Month-to-month,Fiber optic,Bank transfer,0,No,1,Yes,No,0
CUST_000464,41,22,93.99,2173.27,One year,DSL,Mailed check,2,Yes,0,Yes,No,0
CUST_000465,18,15,25.52,365.5,Month-to-month,No,Electronic check,3,No,0,No,No,0
CUST_000466,73,40,100.98,3939.65,Two year,DSL,Bank transfer,6,No,0,No,No,0
CUST_000467,27,3,99.61,302.02,Month-to-month,No,Bank transfer,3,No,0,Yes,No,1
CUST_000468,51,25,34.14,923.14,Month-to-month,DSL,Electronic check,3,Yes,0,Yes,Yes,0
CUST_000469,28,40,71.84,2937.95,Month-to-month,DSL,Credit card,2,No,0,No,No,0
CUST_000470,71,20,29.66,568.03,Month-to-month,DSL,Electronic check,7,No,0,Yes,Yes,0
CUST_000471,60,43,83.26,3248.57,Month-to-month,DSL,Bank transfer,2,Yes,0,Yes,No,1
CUST_000472,63,34,26.29,896.48,One year,Fiber optic,Credit card,1,No,0,Yes,Yes,0
CUST_000473,42,58,114.45,7236.26,One year,Fiber optic,Electronic check,2,Yes,0,Yes,Yes,1
CUST_000474,44,14,40.77,589.85,Two year,No,Credit card,5,Yes,0,Yes,No,0
CUST_000475,54,5,88.29,434.78,Month-to-month,Fiber optic,Credit card,2,Yes,0,Yes,No,1
CUST_000476,62,39,32.83,1172.01,Month-to-month,Fiber optic,Bank transfer,4,Yes,0,Yes,No,0
CUST_000477,66,19,40.96,718.53,Month-to-month,DSL,Credit card,4,No,0,No,No,0
CUST_000478,19,51,65.09,3481.34,Month-to-month,No,Bank transfer,2,No,0,No,No,0
CUST_000479,55,7,77.31,521.24,Month-to-month,DSL,Mailed check,4,No,0,Yes,Yes,1
CUST_000480,24,42,119.89,4826.72,Two year,DSL,Bank transfer,3,Yes,0,Yes,No,0
CUST_000481,34,72,22.59,1538.92,Two year,DSL,Mailed check,2,No,0,Yes,No,0
CUST_000482,65,7,20.03,151.35,Month-to-month,DSL,Electronic check,6,No,0,No,No,0
CUST_000483,32,22,55.04,1163.76,One year,Fiber optic,Electronic check,4,No,1,Yes,No,1
CUST_000484,63,61,56.62,3230.64,One year,DSL,Mailed check,1,No,0,No,No,0
CUST_000485,44,39,108.38,4114.58,Month-to-month,DSL,Credit card,3,No,0,No,No,0
CUST_000486,31,13,111.26,1507.26,One year,No,Credit card,1,No,0,No,Yes,0
CUST_000487,37,16,108.05,1699.16,Month-to-month,DSL,Credit card,2,Yes,0,Yes,No,1
CUST_000488,48,56,34.32,2023.82,Month-to-month,Fiber optic,Electronic check,3,Yes,0,No,No,0
CUST_000489,61,62,61.21,3933.16,Two year,Fiber optic,Bank transfer,4,Yes,0,Yes,No,0
CUST_000490,52,26,94.59,2388.33,One year,No,Bank transfer,3,No,0,No,No,1
CUST_000491,71,35,51.26,1928.71,Month-to-month,Fiber optic,Electronic check,2,Yes,0,No,No,0
CUST_000492,67,57,86.32,4500.92,Month-to-month,DSL,Bank transfer,2,No,0,No,No,0
CUST_000493,60,13,43.71,594.96,Two year,No,Mailed check,2,No,0,No,Yes,0
CUST_000494,52,15,52.34,786.33,Month-to-month,Fiber optic,Credit card,3,Yes,0,No,Yes,0
CUST_000495,34,56,106.04,5725.11,Two year,DSL,Electronic check,1,Yes,0,No,No,1
CUST_000496,41,14,45.05,619.18,Two year,Fiber optic,Credit card,4,Yes,0,No,No,0
CUST_000497,24,56,116.43,6634.55,Month-to-month,Fiber optic,Credit card,4,Yes,0,Yes,Yes,0
CUST_000498,39,36,50.63,1740.09,One year,DSL,Bank transfer,3,No,0,Yes,No,0
CUST_000499,70,72,22.35,1643.61,One year,Fiber optic,Electronic check,3,Yes,0,Yes,No,0
CUST_000500,42,3,45.49,137.29,One year,DSL,Electronic check,2,No,0,Yes,No,0
CUST_000501,24,69,37.12,2698.97,Month-to-month,Fiber optic,Credit card,2,Yes,0,Yes,No,0
CUST_000502,55,17,70.68,1124.51,Month-to-month,No,Electronic check,1,No,0,Yes,No,1
CUST_000503,72,3,31.27,91.12,Month-to-month,Fiber optic,Electronic check,3,Yes,0,Yes,No,1
CUST_000504,67,53,82.6,4387.21,One year,No,Credit card,1,Yes,0,No,No,0
CUST_000505,33,39,107.49,4382.86,One year,DSL,Bank transfer,1,Yes,0,No,Yes,0
CUST_000506,43,61,56.25,3318.72,One year,Fiber optic,Bank transfer,4,No,0,No,No,0
CUST_000507,48,8,36.85,283.34,One year,No,Electronic check,2,No,0,Yes,No,0
CUST_000508,32,6,60.0,388.3,Month-to-month,Fiber optic,Mailed check,0,Yes,0,Yes,Yes,1
CUST_000509,33,41,98.6,3726.43,Month-to-month,DSL,Credit card,3,No,0,No,No,0
CUST_000510,31,64,79.15,5295.83,One year,DSL,Electronic check,0,No,0,No,No,0
CUST_000511,74,30,30.11,958.28,Month-to-month,DSL,Electronic check,2,No,0,Yes,No,0
CUST_000512,60,58,73.72,4071.7,One year,Fiber optic,Electronic check,2,No,0,Yes,No,0
CUST_000513,65,66,66.81,4354.0,Month-to-month,No,Bank transfer,3,Yes,1,No,No,1
CUST_000514,64,63,52.71,3333.9,Month-to-month,Fiber optic,Electronic check,0,No,0,No,No,0
CUST_000515,72,37,31.02,1209.85,Two year,DSL,Credit card,2,No,0,No,No,0
CUST_000516,24,51,118.11,6474.21,Month-to-month,DSL,Electronic check,1,No,0,Yes,No,1
CUST_000517,68,38,37.6,1398.13,Month-to-month,Fiber optic,Electronic check,2,No,0,Yes,Yes,1
CUST_000518,21,49,39.27,1865.88,One year,Fiber optic,Credit card,3,Yes,1,Yes,No,0
CUST_000519,45,41,34.56,1374.81,One year,DSL,Credit card,3,Yes,0,No,No,0
CUST_000520,51,38,77.02,2748.53,Two year,Fiber optic,Bank transfer,2,No,0,Yes,No,0
CUST_000521,38,32,64.37,1876.77,Two year,DSL,Credit card,0,No,0,Yes,No,0
CUST_000522,26,48,44.96,2326.01,One year,Fiber optic,Electronic check,1,Yes,0,No,Yes,0
CUST_000523,28,55,62.94,3331.5,Month-to-month,Fiber optic,Mailed check,3,No,0,Yes,No,0
CUST_000524,65,67,87.35,5280.22,Month-to-month,DSL,Electronic check,3,Yes,1,Yes,Yes,0
CUST_000525,36,45,48.17,2013.81,Two year,Fiber optic,Mailed check,2,Yes,1,No,No,0
CUST_000526,35,8,111.52,971.1,Month-to-month,Fiber optic,Bank transfer,3,No,0,No,No,1
CUST_000527,70,43,50.63,1985.98,Two year,Fiber optic,Credit card,0,No,0,No,No,0
CUST_000528,26,23,39.82,951.03,One year,Fiber optic,Electronic check,2,Yes,0,Yes,No,0
CUST_000529,70,2,115.46,243.89,Month-to-month,Fiber optic,Mailed check,1,Yes,0,No,No,0
CUST_000530,70,6,101.06,636.46,Month-to-month,DSL,Credit card,5,Yes,1,No,No,0
CUST_000531,52,43,54.31,2257.53,One year,No,Bank transfer,5,No,0,No,Yes,0
CUST_000532,27,69,104.14,7386.27,Month-to-month,No,Electronic check,2,No,0,Yes,No,1
CUST_000533,26,37,71.88,2543.47,Month-to-month,DSL,Mailed check,4,Yes,0,No,No,0
CUST_000534,34,33,54.68,1774.32,One year,No,Electronic check,2,Yes,0,No,No,0
CUST_000535,50,7,103.96,775.9,Month-to-month,Fiber optic,Mailed check,1,Yes,1,No,Yes,1
CUST_000536,26,49,95.22,4765.26,Month-to-month,DSL,Mailed check,4,Yes,0,No,No,0
CUST_000537,43,4,49.79,197.91,One year,Fiber optic,Mailed check,4,No,0,Yes,Yes,0
CUST_000538,24,61,80.67,5104.89,One year,DSL,Mailed check,4,No,0,No,Yes,0
CUST_000539,48,59,56.94,3520.88,Month-to-month,Fiber optic,Mailed check,0,Yes,0,Yes,No,1
CUST_000540,19,72,20.11,1572.46,Two year,No,Electronic check,4,No,0,Yes,No,0
CUST_000541,58,21,116.18,2570.75,Two year,Fiber optic,Electronic check,1,Yes,0,Yes,No,1
CUST_000542,21,12,74.96,895.69,Month-to-month,Fiber optic,Mailed check,2,Yes,0,No,Yes,0
CUST_000543,29,22,79.84,1657.43,Month-to-month,DSL,Credit card,6,No,0,No,No,1
CUST_000544,27,58,79.99,4611.98,One year,Fiber optic,Bank transfer,1,No,0,No,No,0
CUST_000545,65,16,75.06,1186.52,Month-to-month,No,Electronic check,3,Yes,0,No,No,0
CUST_000546,21,64,49.0,3198.15,Two year,DSL,Mailed check,3,Yes,1,No,Yes,0
CUST_000547,42,12,117.16,1441.19,One year,Fiber optic,Bank transfer,2,Yes,1,No,No,1
CUST_000548,51,4,82.17,310.07,Month-to-month,Fiber optic,Mailed check,5,Yes,0,No,No,1
CUST_000549,47,16,87.09,1478.75,One year,Fiber optic,Bank transfer,1,No,0,Yes,No,0
CUST_000550,56,55,65.48,3538.95,Month-to-month,Fiber optic,Credit card,4,No,0,Yes,Yes,0
CUST_000551,63,44,48.79,2270.09,Two year,Fiber optic,Electronic check,1,Yes,1,No,No,0
CUST_000552,40,26,26.43,620.61,Month-to-month,Fiber optic,Mailed check,4,No,0,No,No,1
CUST_000553,65,48,55.02,2783.47,Two year,Fiber optic,Mailed check,3,No,1,No,Yes,0
CUST_000554,36,47,37.61,1785.1,Month-to-month,Fiber optic,Bank transfer,1,Yes,1,Yes,No,0
CUST_000555,74,40,86.21,3395.44,One year,Fiber optic,Electronic check,5,No,0,No,No,1
CUST_000556,46,38,107.9,3807.14,Two year,Fiber optic,Bank transfer,2,No,0,No,No,0
CUST_000557,59,8,50.28,433.35,Month-to-month,No,Electronic check,3,No,0,Yes,Yes,0
CUST_000558,67,19,53.29,922.01,Month-to-month,DSL,Bank transfer,1,No,0,No,No,0
CUST_000559,63,38,87.04,3051.97,Two year,DSL,Bank transfer,5,No,1,No,No,0
CUST_000560,66,10,34.93,373.47,Two year,No,Electronic check,5,No,0,Yes,No,0
CUST_000561,48,35,112.94,4102.02,Month-to-month,DSL,Credit card,1,No,0,No,No,1
CUST_000562,20,9,56.38,542.32,Month-to-month,No,Credit card,2,No,0,Yes,No,0
CUST_000563,46,57,30.12,1878.86,Two year,Fiber optic,Mailed check,0,No,0,No,No,0
CUST_000564,28,8,37.47,290.18,Month-to-month,No,Credit card,4,No,0,No,No,1
CUST_000565,68,7,113.27,841.9,One year,Fiber optic,Credit card,4,No,0,Yes,Yes,1
CUST_000566,31,46,44.71,1866.78,Month-to-month,No,Electronic check,1,Yes,0,Yes,No,0
CUST_000567,30,16,86.23,1493.28,Month-to-month,Fiber optic,Bank transfer,3,Yes,0,Yes,Yes,1
CUST_000568,32,26,35.62,951.48,Two year,Fiber optic,Bank transfer,1,No,1,Yes,No,0
CUST_000569,54,23,39.41,979.54,Month-to-month,Fiber optic,Bank transfer,0,Yes,0,No,No,0
CUST_000570,50,16,107.92,1748.82,Two year,DSL,Credit card,3,No,0,No,No,0
CUST_000571,72,55,34.8,1964.17,One year,DSL,Mailed check,1,No,0,No,Yes,0
CUST_000572,41,50,21.88,1188.07,Month-to-month,No,Electronic check,3,No,0,No,Yes,0
CUST_000573,34,18,70.12,1212.26,Month-to-month,DSL,Mailed check,10,No,0,Yes,Yes,1
CUST_000574,20,50,106.27,5148.17,Month-to-month,Fiber optic,Bank transfer,2,Yes,0,Yes,No,0
CUST_000575,18,52,52.6,2927.6,Two year,Fiber optic,Mailed check,5,No,0,No,Yes,0
CUST_000576,39,39,32.82,1399.02,One year,DSL,Electronic check,2,No,1,Yes,Yes,0
CUST_000577,70,42,118.22,5131.82,One year,No,Electronic check,3,Yes,1,Yes,No,0
CUST_000578,47,68,87.67,5878.19,Month-to-month,DSL,Bank transfer,3,No,0,No,No,0
CUST_000579,68,33,105.07,3197.63,Month-to-month,Fiber optic,Electronic check,5,No,0,No,No,1
CUST_000580,23,28,95.21,2723.11,Month-to-month,Fiber optic,Mailed check,2,Yes,0,Yes,No,0
CUST_000581,23,39,89.82,3730.12,One year,DSL,Electronic check,0,No,0,Yes,No,0
CUST_000582,65,61,58.46,3287.82,Month-to-month,DSL,Mailed check,0,Yes,0,No,No,0
CUST_000583,24,52,52.43,2612.18,Month-to-month,Fiber optic,Electronic check,7,No,0,No,No,0
CUST_000584,20,6,91.7,506.38,Month-to-month,DSL,Electronic check,3,Yes,0,No,Yes,0
CUST_000585,41,34,91.67,3016.35,Month-to-month,No,Bank transfer,5,No,0,No,No,0
CUST_000586,70,54,115.06,6309.18,One year,Fiber optic,Electronic check,4,No,0,No,No,1
CUST_000587,57,17,76.87,1210.09,One year,DSL,Electronic check,2,Yes,0,No,Yes,0
CUST_000588,23,72,49.46,3542.26,Two year,DSL,Bank transfer,3,No,0,No,Yes,0
CUST_000589,65,59,68.95,3672.29,Month-to-month,DSL,Electronic check,0,Yes,0,No,No,0
CUST_000590,66,61,81.37,5285.33,One year,Fiber optic,Electronic check,4,Yes,0,No,Yes,0
CUST_000591,63,6,62.67,389.24,Month-to-month,Fiber optic,Mailed check,5,No,0,Yes,No,0
CUST_000592,69,42,99.11,4286.69,Two year,DSL,Mailed check,1,No,0,No,Yes,1
CUST_000593,31,39,78.46,3272.76,One year,Fiber optic,Mailed check,3,No,0,No,Yes,0
CUST_000594,73,46,20.94,893.66,Month-to-month,Fiber optic,Credit card,1,Yes,0,Yes,No,0
CUST_000595,36,62,76.98,5219.2,Two year,Fiber optic,Mailed check,4,No,0,Yes,No,0
CUST_000596,63,26,83.36,1970.96,Month-to-month,DSL,Bank transfer,3,Yes,0,Yes,No,0
CUST_000597,51,39,111.53,4302.37,Month-to-month,DSL,Credit card,5,Yes,0,No,No,1
CUST_000598,62,49,61.37,2707.55,Month-to-month,DSL,Mailed check,2,Yes,0,No,Yes,0
CUST_000599,53,55,77.45,4618.26,Month-to-month,Fiber optic,Bank transfer,3,Yes,0,No,Yes,0
CUST_000600,54,56,67.5,3762.9,Two year,Fiber optic,Mailed check,3,No,0,Yes,No,0
CUST_000601,53,25,73.17,1746.37,One year,DSL,Bank transfer,2,No,0,No,Yes,0
CUST_000602,62,72,26.73,1902.98,One year,DSL,Credit card,1,Yes,0,Yes,No,0
CUST_000603,60,1,109.73,119.63,Two year,Fiber optic,Electronic check,2,No,1,No,No,0
CUST_000604,25,36,111.04,3781.79,One year,DSL,Credit card,5,Yes,0,No,Yes,0
CUST_000605,65,44,74.81,3189.74,Month-to-month,Fiber optic,Mailed check,5,Yes,0,Yes,No,1
CUST_000606,48,5,75.66,341.26,Month-to-month,Fiber optic,Bank transfer,3,No,0,Yes,No,1
CUST_000607,36,33,25.76,802.38,Month-to-month,DSL,Mailed check,2,Yes,1,No,Yes,0
CUST_000608,47,43,79.8,3695.13,Two year,Fiber optic,Electronic check,1,No,0,No,No,0
CUST_000609,73,44,62.92,2757.04,Two year,DSL,Electronic check,2,Yes,0,No,No,0
CUST_000610,66,9,90.9,752.45,One year,Fiber optic,Credit card,4,No,1,No,No,1
CUST_000611,65,20,24.71,526.97,Month-to-month,DSL,Bank transfer,0,No,1,Yes,No,0
CUST_000612,44,18,91.09,1753.26,Month-to-month,Fiber optic,Credit card,2,No,0,Yes,No,0
CUST_000613,62,47,48.69,2507.28,Two year,Fiber optic,Electronic check,1,Yes,0,Yes,No,0
CUST_000614,39,24,85.17,1864.68,Month-to-month,DSL,Electronic check,2,Yes,0,No,No,1
CUST_000615,57,42,82.71,3432.12,One year,Fiber optic,Electronic check,0,No,1,Yes,Yes,1
CUST_000616,54,53,42.68,2436.29,Month-to-month,Fiber optic,Electronic check,3,No,0,Yes,No,0
CUST_000617,32,58,64.05,3431.74,Month-to-month,No,Mailed check,4,No,0,No,Yes,0
CUST_000618,33,14,103.56,1409.97,One year,DSL,Credit card,3,No,0,Yes,No,1
CUST_000619,21,66,80.56,5748.19,Two year,DSL,Credit card,3,No,0,No,No,0
CUST_000620,25,12,26.87,296.14,One year,DSL,Mailed check,4,No,0,Yes,Yes,0
CUST_000621,42,2,64.29,134.38,Month-to-month,No,Electronic check,2,Yes,0,Yes,No,0
CUST_000622,45,4,51.18,223.13,Month-to-month,Fiber optic,Bank transfer,1,No,0,No,Yes,1
CUST_000623,27,15,84.16,1288.16,Two year,DSL,Bank transfer,3,No,0,No,Yes,1
CUST_000624,41,63,81.46,5521.12,One year,Fiber optic,Bank transfer,4,Yes,0,Yes,No,0
CUST_000625,52,15,21.04,334.5,Month-to-month,DSL,Mailed check,3,Yes,0,Yes,No,0
CUST_000626,31,50,80.77,4286.02,One year,Fiber optic,Electronic check,3,No,0,Yes,No,0
CUST_000627,37,31,93.48,2972.99,Month-to-month,Fiber optic,Electronic check,1,No,1,No,No,1
CUST_000628,38,3,96.87,265.63,Month-to-month,Fiber optic,Credit card,1,No,0,Yes,No,1
CUST_000629,46,32,25.9,812.15,Two year,Fiber optic,Bank transfer,1,No,0,No,No,0
CUST_000630,38,3,50.37,161.19,One year,DSL,Credit card,3,Yes,0,No,No,0
CUST_000631,60,35,62.13,2045.6,Month-to-month,Fiber optic,Electronic check,2,Yes,0,No,No,1
CUST_000632,36,41,37.98,1495.05,Month-to-month,Fiber optic,Mailed check,3,No,0,Yes,No,0
CUST_000633,42,38,62.07,2364.74,Two year,DSL,Electronic check,2,No,0,Yes,No,0
CUST_000634,39,21,27.11,560.49,One year,No,Credit card,2,No,0,No,No,0
CUST_000635,28,56,31.32,1865.28,One year,Fiber optic,Electronic check,0,No,0,Yes,No,0
CUST_000636,57,43,86.87,4089.1,Month-to-month,No,Bank transfer,5,No,0,No,No,0
CUST_000637,31,19,46.26,809.81,Two year,Fiber optic,Electronic check,5,No,0,No,No,1
CUST_000638,34,32,91.14,2635.43,Two year,DSL,Electronic check,2,No,0,Yes,No,0
CUST_000639,63,8,24.81,209.37,Month-to-month,Fiber optic,Electronic check,2,No,1,No,No,0
CUST_000640,72,67,76.27,4675.32,Month-to-month,Fiber optic,Mailed check,0,No,0,Yes,No,0
CUST_000641,56,55,59.14,3083.48,One year,DSL,Credit card,1,No,0,Yes,Yes,0
CUST_000642,70,21,99.7,2030.62,Two year,Fiber optic,Credit card,1,No,0,Yes,No,1
CUST_000643,66,49,98.4,4627.34,One year,DSL,Bank transfer,2,Yes,0,No,No,0
CUST_000644,45,49,57.56,2904.33,Two year,DSL,Mailed check,1,No,0,Yes,No,0
CUST_000645,61,44,82.27,3458.41,One year,No,Bank transfer,1,No,0,Yes,No,0
CUST_000646,36,4,42.75,174.67,Month-to-month,DSL,Electronic check,3,No,0,No,No,0
CUST_000647,44,64,78.04,5190.16,Month-to-month,Fiber optic,Credit card,1,Yes,0,Yes,No,0
CUST_000648,48,69,28.13,1755.31,Two year,Fiber optic,Bank transfer,4,Yes,1,Yes,Yes,0
CUST_000649,72,71,63.46,4386.13,Month-to-month,Fiber optic,Mailed check,2,No,0,Yes,Yes,0
CUST_000650,66,71,38.27,2473.33,Month-to-month,DSL,Electronic check,4,Yes,0,Yes,No,0
CUST_000651,45,67,108.34,7644.4,One year,Fiber optic,Electronic check,4,Yes,0,Yes,Yes,0
CUST_000652,55,54,64.49,3174.97,Month-to-month,Fiber optic,Mailed check,1,Yes,0,No,No,0
CUST_000653,29,5,79.08,423.98,Two year,No,Credit card,2,Yes,0,No,No,1
CUST_000654,63,34,56.04,2037.8,Month-to-month,DSL,Bank transfer,1,No,0,No,No,0
CUST_000655,49,18,48.87,882.61,Month-to-month,DSL,Mailed check,1,No,1,No,No,1
CUST_000656,48,16,40.29,701.73,Month-to-month,Fiber optic,Mailed check,5,No,1,No,No,1
CUST_000657,61,60,111.19,6493.31,One year,DSL,Bank transfer,4,No,0,No,Yes,0
CUST_000658,54,59,99.95,5664.19,One year,Fiber optic,Electronic check,3,No,0,Yes,Yes,0
CUST_000659,22,38,33.33,1168.79,Month-to-month,Fiber optic,Electronic check,4,No,0,Yes,No,0
CUST_000660,34,54,94.67,5344.84,Month-to-month,Fiber optic,Bank transfer,5,No,1,Yes,No,1
CUST_000661,28,10,61.85,609.26,Month-to-month,No,Electronic check,1,No,0,No,Yes,0
CUST_000662,59,16,21.54,377.63,One year,Fiber optic,Electronic check,8,No,1,No,Yes,0
CUST_000663,20,62,72.84,4850.5,Two year,No,Mailed check,3,No,0,No,No,0
CUST_000664,29,33,33.0,1091.76,One year,Fiber optic,Electronic check,5,Yes,0,No,No,0
CUST_000665,52,40,40.99,1623.72,Month-to-month,DSL,Credit card,2,No,0,Yes,No,0
CUST_000666,57,34,89.6,2885.2,One year,Fiber optic,Credit card,8,Yes,0,No,No,0
CUST_000667,46,15,45.71,638.01,Month-to-month,Fiber optic,Credit card,0,Yes,0,No,No,0
CUST_000668,67,60,109.19,6213.1,Month-to-month,No,Credit card,3,Yes,0,Yes,No,0
CUST_000669,70,55,85.72,4762.38,Month-to-month,DSL,Electronic check,4,No,0,No,No,0
CUST_000670,25,50,103.23,4791.84,Month-to-month,DSL,Mailed check,4,Yes,0,No,No,0
CUST_000671,72,26,81.52,2282.35,Month-to-month,No,Bank transfer,3,No,0,Yes,No,0
CUST_000672,53,47,106.88,5493.26,One year,DSL,Electronic check,2,No,0,Yes,Yes,0
CUST_000673,54,69,56.17,3694.68,Month-to-month,Fiber optic,Credit card,2,No,0,No,No,0
CUST_000674,23,47,74.91,3622.49,One year,Fiber optic,Electronic check,5,No,0,No,Yes,0
CUST_000675,53,36,71.59,2530.97,Two year,DSL,Mailed check,3,No,0,Yes,No,0
CUST_000676,59,20,110.38,2217.9,One year,DSL,Bank transfer,1,No,0,No,No,0
CUST_000677,51,38,36.49,1461.61,Month-to-month,No,Credit card,3,No,0,Yes,Yes,0
CUST_000678,22,27,77.81,2146.73,One year,DSL,Bank transfer,5,No,0,Yes,No,0
CUST_000679,47,45,95.44,4436.81,Month-to-month,Fiber optic,Bank transfer,1,No,1,Yes,No,0
CUST_000680,71,4,57.0,211.82,Month-to-month,Fiber optic,Electronic check,2,No,0,No,No,0
CUST_000681,59,14,106.76,1416.73,Month-to-month,Fiber optic,Bank transfer,3,Yes,0,Yes,No,0
CUST_000682,25,57,57.3,3504.35,Two year,Fiber optic,Bank transfer,3,Yes,0,No,No,0
CUST_000683,72,28,37.33,1143.38,Two year,DSL,Mailed check,4,No,0,No,Yes,0
CUST_000684,72,32,78.4,2536.41,Two year,No,Bank transfer,2,No,0,No,No,0
CUST_000685,27,40,62.06,2337.19,One year,DSL,Electronic check,1,No,0,Yes,No,0
CUST_000686,63,32,21.52,690.19,Month-to-month,DSL,Electronic check,3,Yes,0,No,No,0
CUST_000687,41,55,26.98,1476.48,Two year,No,Credit card,3,No,0,No,No,0
CUST_000688,51,18,39.53,734.76,Two year,DSL,Electronic check,4,No,0,No,No,0
CUST_000689,43,55,96.93,5147.45,Month-to-month,DSL,Bank transfer,5,No,0,Yes,No,0
CUST_000690,62,16,109.2,1880.18,Two year,No,Mailed check,1,No,0,Yes,Yes,1
CUST_000691,74,27,74.56,2205.71,Two year,DSL,Credit card,3,No,0,Yes,No,0
CUST_000692,63,43,30.56,1422.13,Month-to-month,DSL,Electronic check,0,Yes,0,No,Yes,0
CUST_000693,71,64,73.44,5159.55,Month-to-month,Fiber optic,Electronic check,0,Yes,0,Yes,No,0
CUST_000694,71,17,105.56,1664.52,Month-to-month,Fiber optic,Credit card,2,Yes,0,Yes,Yes,0
CUST_000695,23,43,94.95,3880.12,One year,No,Bank transfer,0,No,0,No,No,1
CUST_000696,32,5,49.11,258.57,Month-to-month,Fiber optic,Mailed check,2,No,0,No,No,1
CUST_000697,59,6,32.39,193.03,Month-to-month,No,Mailed check,2,No,0,Yes,No,0
CUST_000698,51,56,110.07,6731.93,One year,DSL,Mailed check,1,Yes,1,No,No,0
CUST_000699,20,52,105.41,5096.39,Two year,Fiber optic,Credit card,2,No,0,Yes,Yes,0
CUST_000700,23,28,25.37,683.01,Two year,DSL,Bank transfer,1,Yes,0,Yes,No,0
CUST_000701,47,45,102.37,4741.11,One year,No,Credit card,3,No,0,No,No,0
CUST_000702,53,28,29.72,817.14,Month-to-month,No,Credit card,3,No,0,No,No,0
CUST_000703,27,20,26.33,512.07,Month-to-month,DSL,Mailed check,3,No,0,Yes,Yes,0
CUST_000704,27,32,95.86,3099.15,One year,No,Bank transfer,4,No,0,Yes,No,0
CUST_000705,25,23,73.63,1796.73,Month-to-month,Fiber optic,Bank transfer,6,No,0,No,No,0
CUST_000706,50,59,61.45,3576.97,One year,DSL,Credit card,4,No,0,No,No,0
CUST_000707,18,30,110.39,3003.3,Two year,Fiber optic,Bank transfer,1,No,0,No,Yes,1
CUST_000708,50,24,103.93,2634.97,One year,No,Electronic check,5,No,0,Yes,No,0
CUST_000709,45,39,25.76,1049.19,One year,DSL,Credit card,0,Yes,0,Yes,No,0
CUST_000710,44,55,81.61,4493.63,One year,DSL,Bank transfer,5,Yes,0,Yes,No,0
CUST_000711,56,20,97.23,1984.72,Two year,No,Credit card,2,Yes,1,Yes,Yes,0
CUST_000712,47,68,75.05,4969.02,Month-to-month,Fiber optic,Mailed check,1,Yes,0,No,Yes,0
CUST_000713,59,34,118.3,3705.09,Month-to-month,Fiber optic,Mailed check,2,No,0,Yes,No,1
CUST_000714,61,48,88.6,4505.64,Month-to-month,Fiber optic,Bank transfer,2,No,0,Yes,No,1
CUST_000715,70,69,30.41,2053.45,One year,Fiber optic,Bank transfer,4,Yes,0,No,No,0
CUST_000716,63,32,39.83,1398.29,Month-to-month,DSL,Electronic check,3,Yes,0,Yes,No,0
CUST_000717,47,15,102.62,1686.23,Month-to-month,DSL,Mailed check,1,Yes,1,Yes,Yes,1
CUST_000718,46,54,119.68,6229.33,One year,No,Bank transfer,3,No,0,No,No,0
CUST_000719,31,1,29.83,28.01,Month-to-month,Fiber optic,Credit card,2,Yes,0,Yes,Yes,0
CUST_000720,52,33,30.03,1042.39,One year,Fiber optic,Electronic check,2,Yes,0,No,No,0
CUST_000721,25,71,96.34,7202.04,Month-to-month,No,Electronic check,3,No,0,Yes,Yes,1
CUST_000722,71,30,26.44,718.9,Month-to-month,DSL,Mailed check,2,No,1,Yes,No,0
CUST_000723,66,50,26.86,1352.99,Month-to-month,No,Electronic check,2,Yes,0,Yes,No,0
CUST_000724,24,38,108.88,3958.52,Month-to-month,Fiber optic,Electronic check,2,No,1,No,No,1
CUST_000725,62,16,100.04,1456.58,Two year,No,Mailed check,3,No,0,Yes,Yes,1
CUST_000726,24,23,108.16,2453.0,Two year,DSL,Bank transfer,5,No,0,No,No,1
CUST_000727,59,38,85.05,2994.76,One year,DSL,Mailed check,3,No,1,No,Yes,0
CUST_000728,22,8,52.25,399.87,One year,Fiber optic,Mailed check,3,Yes,1,No,No,1
CUST_000729,45,30,110.63,3362.98,One year,No,Credit card,3,Yes,0,Yes,No,1
CUST_000730,55,30,49.87,1420.69,Two year,No,Mailed check,4,No,0,Yes,Yes,0
CUST_000731,59,61,47.55,2821.11,Month-to-month,Fiber optic,Bank transfer,4,Yes,0,No,No,0
CUST_000732,41,9,108.64,1018.63,Month-to-month,Fiber optic,Electronic check,1,Yes,0,Yes,Yes,1
CUST_000733,70,61,88.08,5702.68,One year,DSL,Credit card,1,Yes,1,Yes,No,0
CUST_000734,62,30,109.57,3260.61,Two year,Fiber optic,Credit card,1,No,0,Yes,No,0
CUST_000735,29,47,35.59,1702.75,Month-to-month,No,Electronic check,1,No,0,Yes,No,0
CUST_000736,56,41,115.23,4564.11,Month-to-month,Fiber optic,Bank transfer,1,No,0,Yes,No,0
CUST_000737,59,22,81.27,1925.64,Month-to-month,DSL,Bank transfer,1,No,1,Yes,No,1
CUST_000738,37,68,86.8,5408.12,Month-to-month,No,Mailed check,0,No,0,No,Yes,0
CUST_000739,60,17,111.41,1741.48,One year,DSL,Bank transfer,3,No,0,Yes,No,1
CUST_000740,69,3,58.08,158.13,Month-to-month,Fiber optic,Electronic check,1,Yes,0,No,No,1
CUST_000741,64,55,91.96,4655.18,Two year,Fiber optic,Mailed check,3,Yes,0,Yes,No,0
CUST_000742,61,45,84.03,3878.71,One year,Fiber optic,Credit card,2,Yes,0,Yes,Yes,0
CUST_000743,54,65,98.78,7060.6,Month-to-month,Fiber optic,Electronic check,4,Yes,1,No,Yes,1
CUST_000744,33,33,109.69,3693.29,Two year,Fiber optic,Electronic check,1,No,0,No,No,0
CUST_000745,63,2,88.01,167.39,One year,DSL,Electronic check,7,Yes,0,No,No,1
CUST_000746,38,2,26.76,56.93,Month-to-month,DSL,Credit card,5,Yes,0,Yes,No,0
CUST_000747,48,32,38.31,1190.26,Month-to-month,Fiber optic,Electronic check,3,No,0,No,No,0
CUST_000748,35,18,115.4,2116.24,Two year,Fiber optic,Electronic check,4,Yes,0,No,No,0
CUST_000749,35,67,116.87,7736.81,Month-to-month,Fiber optic,Bank transfer,4,No,1,No,No,1
CUST_000750,26,9,116.74,1052.97,Month-to-month,Fiber optic,Bank transfer,3,No,0,No,No,1
CUST_000751,72,64,23.68,1395.98,Month-to-month,DSL,Mailed check,3,Yes,0,Yes,Yes,0
CUST_000752,26,16,58.24,1012.05,Month-to-month,Fiber optic,Credit card,4,Yes,0,No,No,0
CUST_000753,22,9,95.97,830.11,One year,Fiber optic,Electronic check,0,No,0,Yes,No,0
CUST_000754,71,20,95.29,1944.29,Month-to-month,Fiber optic,Bank transfer,2,No,0,Yes,No,1
CUST_000755,49,11,28.59,283.5,One year,Fiber optic,Bank transfer,3,No,0,No,No,0
CUST_000756,42,29,80.95,2328.77,Month-to-month,DSL,Electronic check,4,Yes,0,Yes,No,0
CUST_000757,60,24,34.29,866.87,Two year,DSL,Credit card,4,No,0,Yes,No,0
CUST_000758,39,39,69.32,2764.25,Month-to-month,DSL,Bank transfer,5,Yes,0,Yes,No,1
CUST_000759,25,39,43.97,1652.58,Two year,Fiber optic,Electronic check,3,No,0,Yes,Yes,0
CUST_000760,59,1,25.32,26.08,Two year,DSL,Electronic check,3,Yes,0,No,No,0
CUST_000761,28,9,28.0,266.89,Month-to-month,DSL,Electronic check,6,No,0,No,No,1
CUST_000762,49,12,111.09,1241.93,One year,No,Credit card,3,No,0,No,No,1
CUST_000763,72,15,94.46,1293.87,Month-to-month,Fiber optic,Electronic check,2,No,0,No,No,1
CUST_000764,71,7,113.18,786.18,Two year,Fiber optic,Credit card,3,Yes,0,Yes,No,1
CUST_000765,38,23,67.0,1521.71,One year,Fiber optic,Electronic check,3,No,0,No,No,0
CUST_000766,62,40,61.33,2230.83,Month-to-month,DSL,Credit card,6,Yes,0,Yes,Yes,0
CUST_000767,52,23,55.84,1330.52,Month-to-month,DSL,Credit card,1,No,1,No,No,0
CUST_000768,45,24,81.63,1991.03,Month-to-month,No,Electronic check,3,No,0,No,No,0
CUST_000769,25,34,55.16,1805.19,Two year,Fiber optic,Electronic check,1,Yes,0,No,No,0
CUST_000770,39,40,94.63,3616.51,One year,Fiber optic,Credit card,3,No,0,No,No,1
CUST_000771,55,24,100.13,2301.58,Month-to-month,No,Electronic check,2,No,0,Yes,No,0
CUST_000772,74,16,107.58,1588.23,Month-to-month,DSL,Electronic check,4,Yes,0,No,Yes,0
CUST_000773,18,30,44.28,1442.22,Month-to-month,Fiber optic,Credit card,5,Yes,0,Yes,No,0
CUST_000774,58,2,72.7,132.61,One year,DSL,Credit card,1,No,0,No,No,1
CUST_000775,66,36,42.34,1385.05,Month-to-month,Fiber optic,Bank transfer,2,No,0,Yes,No,0
CUST_000776,72,68,23.76,1706.94,Month-to-month,No,Credit card,1,No,0,No,Yes,0
CUST_000777,42,29,90.78,2611.24,Two year,DSL,Bank transfer,3,Yes,0,No,No,1
CUST_000778,24,8,74.9,636.5,Month-to-month,No,Bank transfer,2,Yes,0,Yes,Yes,0
CUST_000779,33,51,92.39,4721.0,One year,Fiber optic,Electronic check,1,Yes,0,Yes,Yes,0
CUST_000780,66,10,28.76,310.54,Month-to-month,Fiber optic,Bank transfer,3,No,0,Yes,No,1
CUST_000781,68,14,119.55,1623.17,Month-to-month,DSL,Bank transfer,1,No,0,Yes,No,1
CUST_000782,54,11,119.43,1336.18,One year,Fiber optic,Bank transfer,3,No,0,Yes,Yes,1
CUST_000783,24,64,66.5,4017.62,Month-to-month,Fiber optic,Credit card,4,No,1,No,Yes,1
CUST_000784,24,71,106.61,7491.15,Month-to-month,DSL,Mailed check,3,No,0,No,Yes,1
CUST_000785,45,42,44.36,1726.28,Two year,Fiber optic,Bank transfer,3,Yes,1,No,No,0
CUST_000786,51,45,93.76,4217.83,Two year,DSL,Mailed check,4,No,0,Yes,Yes,0
CUST_000787,19,47,107.92,5031.46,One year,No,Electronic check,2,No,0,No,No,1
CUST_000788,57,44,101.47,4041.84,Month-to-month,DSL,Electronic check,1,Yes,0,No,Yes,0
CUST_000789,49,40,101.18,3715.85,Month-to-month,Fiber optic,Credit card,1,No,0,Yes,No,0
CUST_000790,18,72,66.3,4834.15,Month-to-month,Fiber optic,Mailed check,4,Yes,0,Yes,Yes,0
CUST_000791,23,53,102.0,5640.27,Two year,Fiber optic,Bank transfer,2,Yes,0,No,No,0
CUST_000792,43,7,89.07,643.63,Two year,No,Bank transfer,2,No,1,Yes,No,1
CUST_000793,59,29,33.25,1006.69,Month-to-month,No,Credit card,6,Yes,0,Yes,No,0
CUST_000794,65,71,31.42,2221.21,Two year,DSL,Bank transfer,3,No,0,No,Yes,0
CUST_000795,42,30,97.19,2822.65,Month-to-month,Fiber optic,Electronic check,6,Yes,0,Yes,Yes,1
CUST_000796,34,15,82.55,1284.58,One year,Fiber optic,Mailed check,5,No,0,No,No,0
CUST_000797,73,63,71.94,4324.35,Month-to-month,DSL,Bank transfer,0,No,1,Yes,No,0
CUST_000798,44,45,110.73,5111.55,Month-to-month,Fiber optic,Electronic check,3,No,0,Yes,No,1
CUST_000799,35,41,85.96,3236.23,Two year,DSL,Mailed check,0,Yes,0,No,No,0
CUST_000800,43,31,59.61,1861.86,Two year,No,Electronic check,2,No,0,Yes,No,0
CUST_000801,18,9,61.39,576.72,Month-to-month,Fiber optic,Electronic check,2,No,0,Yes,No,0
CUST_000802,35,28,80.52,2171.8,Month-to-month,Fiber optic,Credit card,4,Yes,0,No,No,0
CUST_000803,47,32,96.03,3330.11,One year,Fiber optic,Credit card,0,Yes,0,No,No,0
CUST_000804,70,68,76.44,4753.97,Month-to-month,No,Bank transfer,3,Yes,1,No,Yes,1
CUST_000805,60,23,70.88,1553.82,One year,Fiber optic,Electronic check,3,No,1,No,Yes,1
CUST_000806,62,11,92.69,1055.55,One year,No,Credit card,3,Yes,0,No,No,1
CUST_000807,49,31,90.53,2989.45,Month-to-month,No,Bank transfer,2,Yes,0,Yes,No,1
CUST_000808,24,72,103.03,6844.59,Month-to-month,DSL,Credit card,1,No,1,Yes,Yes,1
CUST_000809,40,35,26.26,845.39,Month-to-month,DSL,Electronic check,1,No,0,Yes,No,0
CUST_000810,74,28,95.5,2655.44,Two year,DSL,Electronic check,3,Yes,0,Yes,No,0
CUST_000811,20,49,71.38,3389.45,Month-to-month,Fiber optic,Bank transfer,3,No,0,Yes,No,0
CUST_000812,68,47,27.47,1303.94,One year,Fiber optic,Credit card,2,Yes,0,No,Yes,0
CUST_000813,57,22,87.9,2066.33,Month-to-month,DSL,Electronic check,4,No,0,No,No,0
CUST_000814,34,70,91.65,6144.48,One year,No,Electronic check,3,Yes,1,Yes,Yes,0
CUST_000815,62,43,72.36,2806.69,Month-to-month,DSL,Bank transfer,4,No,0,No,Yes,0
CUST_000816,65,5,99.38,513.88,Month-to-month,Fiber optic,Credit card,2,No,0,No,No,1
CUST_000817,20,30,50.02,1519.43,One year,Fiber optic,Bank transfer,1,Yes,0,Yes,Yes,0
CUST_000818,24,67,40.19,2701.14,One year,Fiber optic,Credit card,4,No,1,Yes,No,0
CUST_000819,55,29,55.07,1687.81,Month-to-month,DSL,Bank transfer,1,No,0,Yes,Yes,0
CUST_000820,74,41,61.01,2676.51,Month-to-month,Fiber optic,Credit card,2,No,0,Yes,No,0
CUST_000821,19,45,89.59,3744.82,Two year,Fiber optic,Mailed check,2,No,0,Yes,No,0
CUST_000822,55,51,104.55,5686.18,Month-to-month,DSL,Electronic check,2,No,1,No,No,1
CUST_000823,25,63,92.09,5849.1,Month-to-month,Fiber optic,Bank transfer,1,Yes,0,No,Yes,0
CUST_000824,55,11,37.4,441.93,Month-to-month,Fiber optic,Bank transfer,2,No,1,No,Yes,0
CUST_000825,53,38,56.62,2180.71,Month-to-month,Fiber optic,Mailed check,1,No,0,Yes,Yes,0
CUST_000826,23,39,35.84,1507.98,One year,Fiber optic,Electronic check,1,No,0,No,No,0
CUST_000827,56,11,88.67,1040.21,One year,Fiber optic,Bank transfer,4,No,0,Yes,Yes,1
CUST_000828,69,49,44.82,2119.69,Month-to-month,No,Credit card,3,Yes,0,Yes,No,0
CUST_000829,67,9,72.54,671.57,One year,Fiber optic,Mailed check,2,No,1,Yes,No,0
CUST_000830,19,33,99.18,3317.49,Month-to-month,DSL,Credit card,1,Yes,0,Yes,No,0
CUST_000831,32,24,87.09,2104.83,One year,Fiber optic,Mailed check,1,No,0,No,No,0
CUST_000832,31,12,49.84,551.4,Month-to-month,DSL,Electronic check,3,No,0,Yes,No,0
CUST_000833,43,60,53.29,2892.8,Month-to-month,No,Electronic check,0,No,0,Yes,No,0
CUST_000834,26,18,85.34,1487.71,One year,Fiber optic,Mailed check,1,No,0,No,No,0
CUST_000835,66,19,74.95,1423.43,Month-to-month,DSL,Electronic check,1,No,1,Yes,Yes,0
CUST_000836,62,62,29.64,1856.97,Month-to-month,Fiber optic,Bank transfer,3,No,0,No,Yes,0
CUST_000837,64,64,107.4,6898.15,Month-to-month,DSL,Bank transfer,6,No,0,No,Yes,0
CUST_000838,29,3,71.26,198.63,One year,No,Mailed check,6,No,1,Yes,No,0
CUST_000839,18,21,67.34,1503.91,Month-to-month,No,Credit card,4,Yes,0,Yes,Yes,0
CUST_000840,69,52,39.84,2162.82,One year,Fiber optic,Credit card,3,Yes,1,Yes,No,0
CUST_000841,34,57,57.7,3527.91,One year,Fiber optic,Mailed check,1,Yes,0,No,Yes,0
CUST_000842,55,72,53.28,4130.15,One year,Fiber optic,Electronic check,4,No,0,No,No,0
CUST_000843,69,40,47.07,2007.92,Month-to-month,Fiber optic,Electronic check,5,No,0,No,No,0
CUST_000844,20,1,76.74,79.26,Two year,DSL,Bank transfer,2,Yes,1,No,Yes,1
CUST_000845,18,63,66.23,4122.49,Month-to-month,No,Mailed check,4,Yes,1,Yes,Yes,0
CUST_000846,18,12,108.92,1342.37,Two year,DSL,Bank transfer,0,Yes,0,No,No,0
CUST_000847,26,9,114.13,975.31,One year,DSL,Bank transfer,3,No,0,No,No,1
CUST_000848,20,49,41.95,2229.05,Month-to-month,DSL,Bank transfer,1,Yes,0,Yes,No,0
CUST_000849,64,44,30.01,1355.47,One year,No,Electronic check,2,No,0,No,Yes,0
CUST_000850,52,5,98.53,502.38,Month-to-month,No,Electronic check,3,No,0,No,No,1
CUST_000851,73,13,119.49,1578.38,Month-to-month,DSL,Mailed check,2,No,0,No,Yes,1
CUST_000852,63,43,106.36,4741.45,Month-to-month,DSL,Credit card,2,No,0,No,No,0
CUST_000853,72,19,22.37,440.8,One year,No,Bank transfer,3,Yes,0,No,No,0
CUST_000854,31,50,45.13,2050.85,One year,Fiber optic,Bank transfer,2,Yes,1,No,Yes,0
CUST_000855,34,30,24.33,718.83,Two year,No,Bank transfer,2,Yes,0,Yes,No,0
CUST_000856,66,43,102.08,4806.77,Month-to-month,No,Mailed check,3,No,0,No,Yes,1
CUST_000857,31,35,78.14,2876.2,One year,Fiber optic,Electronic check,1,Yes,0,No,Yes,0
CUST_000858,21,27,71.37,1808.08,One year,DSL,Electronic check,1,Yes,0,No,No,0
CUST_000859,56,25,75.44,1858.76,One year,Fiber optic,Electronic check,3,Yes,1,No,Yes,0
CUST_000860,63,51,45.25,2290.1,Month-to-month,No,Electronic check,2,No,0,Yes,No,1
CUST_000861,73,38,80.16,3337.47,Month-to-month,Fiber optic,Electronic check,3,Yes,0,Yes,No,0
CUST_000862,70,43,23.07,1081.64,One year,No,Bank transfer,6,No,0,Yes,No,0
CUST_000863,24,42,84.6,3252.64,Month-to-month,Fiber optic,Electronic check,3,Yes,0,Yes,Yes,1
CUST_000864,62,15,93.44,1335.77,Month-to-month,No,Electronic check,5,No,0,No,Yes,1
CUST_000865,66,66,87.3,5269.78,Month-to-month,Fiber optic,Electronic check,3,Yes,0,Yes,No,0
CUST_000866,57,41,53.21,2048.23,Month-to-month,DSL,Electronic check,3,No,0,Yes,No,1
CUST_000867,64,52,102.63,5282.55,Month-to-month,Fiber optic,Electronic check,2,No,0,No,No,1
CUST_000868,65,64,91.55,5976.9,Month-to-month,DSL,Electronic check,2,No,0,No,No,0
CUST_000869,43,67,32.83,2336.91,One year,Fiber optic,Electronic check,5,Yes,0,Yes,No,0
CUST_000870,20,49,39.51,1776.09,Two year,No,Credit card,1,No,0,Yes,No,0
CUST_000871,44,57,83.71,4562.61,Month-to-month,DSL,Electronic check,2,No,0,No,No,0
CUST_000872,29,34,48.94,1700.54,Month-to-month,No,Electronic check,2,No,0,Yes,No,0
CUST_000873,24,54,31.94,1710.79,Two year,DSL,Mailed check,0,Yes,0,No,No,0
CUST_000874,25,24,35.5,819.32,Month-to-month,Fiber optic,Electronic check,2,No,1,No,Yes,0
CUST_000875,57,52,36.56,1778.61,Two year,No,Bank transfer,0,No,0,No,No,0
CUST_000876,46,7,67.78,494.24,One year,Fiber optic,Mailed check,4,No,0,Yes,No,0
CUST_000877,48,66,80.74,5046.23,Month-to-month,No,Credit card,1,Yes,1,No,No,0
CUST_000878,60,18,37.64,702.52,Month-to-month,No,Credit card,0,No,0,Yes,Yes,0
CUST_000879,49,48,91.25,4745.04,Month-to-month,Fiber optic,Bank transfer,3,Yes,1,No,Yes,1
CUST_000880,53,1,48.1,45.37,One year,Fiber optic,Electronic check,2,No,0,Yes,No,0
CUST_000881,22,12,51.16,641.16,Month-to-month,DSL,Mailed check,4,Yes,0,Yes,No,1
CUST_000882,66,72,42.35,3232.67,Two year,Fiber optic,Electronic check,2,Yes,0,No,No,0
CUST_000883,43,61,98.52,6169.61,One year,DSL,Bank transfer,1,No,0,Yes,No,0
CUST_000884,26,17,115.98,1902.86,Two year,No,Electronic check,1,No,0,Yes,Yes,1
CUST_000885,64,10,69.25,656.48,Two year,Fiber optic,Bank transfer,0,Yes,0,Yes,Yes,0
CUST_000886,59,59,24.2,1509.8,Month-to-month,Fiber optic,Electronic check,3,No,0,No,No,0
CUST_000887,21,72,46.06,3200.85,Month-to-month,No,Mailed check,4,No,0,Yes,No,0
CUST_000888,29,13,35.81,494.02,Two year,DSL,Electronic check,2,No,0,Yes,No,0
CUST_000889,18,48,104.28,5346.5,Month-to-month,No,Mailed check,2,No,1,Yes,Yes,1
CUST_000890,33,21,28.49,642.58,Month-to-month,DSL,Bank transfer,1,No,1,No,No,0
CUST_000891,23,54,116.65,6698.14,Month-to-month,DSL,Bank transfer,3,No,0,No,No,1
CUST_000892,58,31,78.85,2640.06,Month-to-month,Fiber optic,Electronic check,2,No,0,Yes,No,0
CUST_000893,47,10,71.77,779.4,Two year,DSL,Electronic check,0,No,0,Yes,No,1
CUST_000894,73,24,104.74,2510.57,Month-to-month,Fiber optic,Credit card,3,Yes,0,No,No,1
CUST_000895,60,39,22.75,850.22,One year,Fiber optic,Mailed check,0,Yes,0,Yes,No,0
CUST_000896,52,58,97.72,5315.35,Two year,No,Bank transfer,0,No,0,No,Yes,0
CUST_000897,47,2,31.66,61.94,Month-to-month,DSL,Mailed check,2,No,0,Yes,Yes,1
CUST_000898,21,69,104.08,6827.06,One year,DSL,Bank transfer,3,No,1,Yes,No,0
CUST_000899,22,47,72.92,3661.74,Month-to-month,DSL,Bank transfer,3,Yes,0,Yes,No,0
CUST_000900,53,64,26.11,1785.12,Month-to-month,Fiber optic,Electronic check,4,No,0,No,No,0
CUST_000901,18,67,103.32,6843.17,Month-to-month,DSL,Mailed check,3,No,0,Yes,No,0
CUST_000902,20,12,22.73,289.6,Month-to-month,DSL,Mailed check,4,Yes,0,Yes,Yes,0
CUST_000903,30,7,33.84,243.56,Month-to-month,No,Electronic check,1,No,0,Yes,No,0
CUST_000904,68,56,99.78,5670.92,Month-to-month,No,Bank transfer,0,No,0,Yes,Yes,0
CUST_000905,44,14,66.49,988.76,Month-to-month,No,Electronic check,6,No,0,Yes,No,1
CUST_000906,58,11,108.14,1262.14,Month-to-month,DSL,Electronic check,0,Yes,1,Yes,No,1
CUST_000907,41,34,83.54,3010.56,One year,Fiber optic,Credit card,3,No,1,No,No,1
CUST_000908,27,66,82.35,5484.59,Month-to-month,DSL,Credit card,4,No,0,Yes,No,0
CUST_000909,39,58,49.22,2752.39,Two year,Fiber optic,Electronic check,3,No,0,Yes,No,0
CUST_000910,23,38,33.37,1243.5,Two year,Fiber optic,Bank transfer,3,Yes,0,No,No,0
CUST_000911,61,15,116.12,1804.86,One year,No,Electronic check,3,No,1,No,No,1
CUST_000912,28,25,30.48,824.52,One year,Fiber optic,Bank transfer,6,No,0,No,Yes,0
CUST_000913,39,50,72.9,3807.33,One year,DSL,Mailed check,1,No,0,Yes,No,0
CUST_000914,73,12,47.26,600.13,One year,Fiber optic,Bank transfer,2,Yes,0,Yes,No,0
CUST_000915,51,38,46.41,1690.2,Two year,No,Mailed check,4,No,0,Yes,No,0
CUST_000916,44,1,79.46,78.48,Two year,DSL,Mailed check,2,No,0,No,No,0
CUST_000917,48,24,99.79,2513.21,Month-to-month,No,Credit card,4,No,1,No,No,0
CUST_000918,62,18,97.72,1889.41,One year,DSL,Electronic check,1,Yes,0,No,No,1
CUST_000919,32,50,106.88,5357.06,Two year,DSL,Electronic check,2,No,0,Yes,No,0
CUST_000920,54,66,49.29,2939.71,Month-to-month,No,Mailed check,1,Yes,0,No,No,0
CUST_000921,67,11,66.58,788.88,Month-to-month,DSL,Bank transfer,1,No,0,No,Yes,0
CUST_000922,50,58,20.93,1116.15,One year,Fiber optic,Electronic check,0,No,0,No,No,0
CUST_000923,43,48,94.69,4572.11,One year,DSL,Bank transfer,4,Yes,0,No,No,0
CUST_000924,26,70,50.23,3501.51,Month-to-month,Fiber optic,Mailed check,7,No,0,No,Yes,0
CUST_000925,32,66,76.15,5490.39,Month-to-month,Fiber optic,Bank transfer,0,No,0,Yes,No,0
CUST_000926,71,8,36.93,273.27,Month-to-month,No,Credit card,1,No,0,No,Yes,0
CUST_000927,48,54,101.94,5685.5,One year,No,Mailed check,2,No,0,Yes,No,0
CUST_000928,35,43,101.73,4209.04,Two year,Fiber optic,Bank transfer,3,No,0,No,Yes,0
CUST_000929,41,9,107.75,956.96,Two year,Fiber optic,Mailed check,0,No,0,Yes,No,1
CUST_000930,50,19,24.59,459.4,Month-to-month,DSL,Electronic check,4,No,0,No,No,0
CUST_000931,48,67,119.25,7747.7,Month-to-month,Fiber optic,Bank transfer,4,Yes,0,Yes,No,1
CUST_000932,57,40,44.78,1927.38,One year,Fiber optic,Credit card,1,Yes,0,Yes,Yes,0
CUST_000933,32,25,50.94,1329.89,One year,DSL,Credit card,4,No,0,No,No,0
CUST_000934,55,24,44.93,1164.36,Month-to-month,No,Credit card,3,Yes,0,No,No,0
CUST_000935,43,61,46.75,3028.04,Month-to-month,DSL,Mailed check,2,No,1,No,Yes,0
CUST_000936,71,21,75.27,1554.34,Month-to-month,DSL,Bank transfer,3,No,0,No,Yes,1
CUST_000937,27,12,43.98,481.49,One year,No,Electronic check,2,Yes,0,Yes,No,0
CUST_000938,26,42,59.38,2393.62,One year,Fiber optic,Credit card,6,Yes,1,Yes,No,0
CUST_000939,44,72,85.56,5970.22,Month-to-month,Fiber optic,Bank transfer,1,Yes,1,Yes,Yes,0
CUST_000940,46,14,103.6,1334.93,Two year,DSL,Electronic check,6,Yes,0,Yes,Yes,1
CUST_000941,57,19,89.27,1578.81,One year,Fiber optic,Credit card,5,Yes,0,Yes,No,0
CUST_000942,41,34,79.43,2442.98,Two year,Fiber optic,Bank transfer,1,Yes,1,Yes,No,0
CUST_000943,70,15,34.77,515.15,Month-to-month,DSL,Credit card,2,No,0,No,Yes,0
CUST_000944,45,47,101.61,4460.16,Month-to-month,Fiber optic,Bank transfer,3,Yes,1,Yes,Yes,1
CUST_000945,25,19,23.73,430.26,Two year,DSL,Credit card,1,Yes,0,No,Yes,0
CUST_000946,24,10,46.42,462.41,Two year,DSL,Mailed check,0,No,0,No,No,0
CUST_000947,73,19,25.71,455.67,Two year,DSL,Mailed check,0,No,0,No,No,0
CUST_000948,25,68,86.74,5385.7,Two year,DSL,Bank transfer,3,Yes,0,No,No,0
CUST_000949,72,68,56.84,4070.58,Month-to-month,DSL,Electronic check,1,No,0,No,No,0
CUST_000950,33,37,85.2,3395.38,Month-to-month,Fiber optic,Electronic check,5,No,0,No,No,0
CUST_000951,23,29,54.7,1534.79,Month-to-month,Fiber optic,Credit card,4,No,0,Yes,No,0
CUST_000952,35,60,65.57,3904.75,Two year,DSL,Credit card,2,No,0,Yes,No,0
CUST_000953,53,14,65.8,882.18,Month-to-month,Fiber optic,Credit card,2,No,1,No,No,1
CUST_000954,42,48,24.56,1169.91,One year,DSL,Electronic check,4,No,0,Yes,No,0
CUST_000955,62,49,63.02,2834.12,Two year,Fiber optic,Electronic check,1,No,0,No,No,0
CUST_000956,52,52,84.11,4338.29,Two year,No,Credit card,3,No,1,Yes,No,0
CUST_000957,40,16,74.61,1184.54,Two year,Fiber optic,Electronic check,4,Yes,0,No,Yes,1
CUST_000958,54,52,27.53,1376.32,One year,Fiber optic,Mailed check,4,No,0,Yes,No,0
CUST_000959,73,45,86.81,4193.98,Month-to-month,DSL,Electronic check,3,No,0,No,Yes,0
CUST_000960,41,64,50.89,3204.92,Two year,DSL,Credit card,6,Yes,0,No,Yes,0
CUST_000961,26,13,21.44,259.12,Month-to-month,Fiber optic,Mailed check,2,Yes,0,No,No,0
CUST_000962,41,45,35.56,1680.39,Month-to-month,Fiber optic,Electronic check,2,No,0,Yes,No,1
CUST_000963,65,60,69.76,3889.57,Two year,Fiber optic,Mailed check,3,No,0,No,Yes,0
CUST_000964,30,21,51.04,982.96,One year,No,Electronic check,2,No,0,Yes,No,0
CUST_000965,72,54,89.44,4703.08,Month-to-month,DSL,Bank transfer,4,No,0,Yes,No,0
CUST_000966,51,8,44.07,373.52,Month-to-month,No,Bank transfer,3,Yes,0,No,Yes,0
CUST_000967,52,52,97.28,5515.17,Month-to-month,Fiber optic,Bank transfer,2,No,0,Yes,No,1
CUST_000968,36,44,48.65,2208.24,Two year,DSL,Mailed check,6,No,0,Yes,Yes,0
CUST_000969,70,14,82.09,1240.06,One year,DSL,Electronic check,1,Yes,0,No,No,0
CUST_000970,20,5,99.92,506.46,Month-to-month,Fiber optic,Electronic check,3,Yes,0,Yes,Yes,1
CUST_000971,35,54,58.56,2966.39,One year,DSL,Credit card,1,No,0,Yes,No,1
CUST_000972,41,18,24.68,450.02,Two year,Fiber optic,Mailed check,1,No,1,No,No,0
CUST_000973,45,36,73.54,2772.6,Two year,Fiber optic,Mailed check,2,No,0,No,No,0
CUST_000974,45,5,119.54,546.88,Month-to-month,Fiber optic,Mailed check,3,No,0,Yes,No,1
CUST_000975,26,70,116.9,8051.7,One year,Fiber optic,Credit card,0,No,0,Yes,Yes,0
CUST_000976,30,40,42.1,1543.97,Month-to-month,Fiber optic,Bank transfer,2,Yes,0,No,No,0
CUST_000977,23,68,95.57,6364.47,Month-to-month,Fiber optic,Electronic check,3,Yes,0,No,No,0
CUST_000978,50,12,54.5,662.2,Month-to-month,No,Bank transfer,3,No,0,No,No,1
CUST_000979,37,15,36.03,563.98,Month-to-month,DSL,Mailed check,3,No,0,Yes,No,0
CUST_000980,50,44,86.59,3699.78,One year,No,Bank transfer,4,No,0,No,No,0
CUST_000981,51,44,70.09,2851.01,Month-to-month,DSL,Credit card,1,No,1,No,No,0
CUST_000982,58,57,73.92,4209.26,Month-to-month,DSL,Bank transfer,2,No,0,Yes,No,0
CUST_000983,49,67,102.74,6373.18,Month-to-month,Fiber optic,Credit card,4,No,0,No,Yes,0
CUST_000984,54,60,53.65,2959.38,Month-to-month,DSL,Mailed check,1,No,0,Yes,No,0
CUST_000985,51,11,86.71,998.15,One year,DSL,Mailed check,3,No,0,Yes,No,0
CUST_000986,55,23,56.62,1330.56,Month-to-month,DSL,Bank transfer,2,No,0,No,No,0
CUST_000987,53,66,24.27,1611.64,Month-to-month,Fiber optic,Bank transfer,2,Yes,0,Yes,No,0
CUST_000988,36,40,57.8,2158.34,Two year,Fiber optic,Electronic check,2,No,0,No,Yes,0
CUST_000989,32,63,115.0,7854.1,Month-to-month,DSL,Mailed check,2,No,0,No,No,0
CUST_000990,62,41,68.33,3003.47,Two year,Fiber optic,Electronic check,2,No,0,No,No,0
CUST_000991,37,4,30.82,131.73,One year,DSL,Electronic check,5,No,0,Yes,No,0
CUST_000992,49,35,88.78,2837.13,One year,No,Credit card,2,Yes,0,No,Yes,0
CUST_000993,29,60,116.34,6383.23,One year,DSL,Electronic check,2,Yes,0,No,Yes,0
CUST_000994,42,48,110.79,5287.43,Month-to-month,Fiber optic,Credit card,1,Yes,0,Yes,No,1
CUST_000995,48,10,77.2,739.31,Two year,Fiber optic,Mailed check,1,No,0,No,No,0
CUST_000996,53,16,57.63,891.86,Two year,Fiber optic,Bank transfer,5,Yes,0,Yes,No,0
CUST_000997,48,62,78.07,5043.29,Month-to-month,No,Credit card,2,No,1,No,No,1
CUST_000998,38,71,101.59,7840.96,One year,DSL,Bank transfer,1,Yes,1,No,No,1
CUST_000999,72,55,106.12,5957.1,Month-to-month,Fiber optic,Credit card,3,No,1,No,No,0
CUST_001000,47,8,101.88,738.23,Two year,Fiber optic,Electronic check,5,No,0,No,No,1
CUST_001001,64,45,65.55,2678.46,Two year,Fiber optic,Mailed check,2,Yes,0,No,No,0
CUST_001002,59,60,31.89,1810.66,Month-to-month,Fiber optic,Bank transfer,1,No,0,Yes,Yes,0
CUST_001003,49,47,76.92,3260.24,Two year,DSL,Bank transfer,6,Yes,0,No,No,0
CUST_001004,68,43,35.64,1421.73,Two year,DSL,Bank transfer,1,Yes,0,No,No,0
CUST_001005,25,34,26.1,808.09,One year,DSL,Bank transfer,3,No,0,No,Yes,0
CUST_001006,70,18,69.87,1201.71,Month-to-month,No,Electronic check,2,No,0,No,No,0
CUST_001007,66,21,85.54,1633.11,Two year,Fiber optic,Electronic check,4,Yes,1,No,No,1
CUST_001008,46,54,105.41,6160.39,One year,DSL,Credit card,4,No,0,No,No,1
CUST_001009,59,6,98.28,592.41,Month-to-month,Fiber optic,Bank transfer,1,No,0,No,No,1
CUST_001010,47,7,105.72,793.59,Two year,Fiber optic,Bank transfer,3,No,1,Yes,No,1
CUST_001011,33,29,96.01,2883.7,One year,Fiber optic,Bank transfer,6,No,0,No,No,1
CUST_001012,63,56,90.32,5017.85,Two year,Fiber optic,Credit card,3,No,0,No,Yes,0
CUST_001013,32,48,21.01,1001.54,One year,Fiber optic,Credit card,1,No,1,No,No,0
CUST_001014,35,43,82.61,3708.96,Month-to-month,DSL,Electronic check,2,No,0,No,Yes,0
CUST_001015,47,39,32.05,1205.17,Two year,Fiber optic,Credit card,3,Yes,0,No,No,0
CUST_001016,65,8,25.87,208.24,One year,DSL,Electronic check,2,No,0,Yes,No,0
CUST_001017,39,24,35.64,789.91,Month-to-month,DSL,Mailed check,2,No,0,No,No,0
CUST_001018,46,6,102.33,648.96,Month-to-month,Fiber optic,Credit card,3,No,1,Yes,No,1
CUST_001019,20,55,94.38,5012.62,Month-to-month,Fiber optic,Electronic check,3,No,0,No,No,0
CUST_001020,24,55,114.88,5912.31,One year,No,Electronic check,1,No,0,Yes,Yes,0
CUST_001021,21,19,117.9,2348.0,Month-to-month,DSL,Bank transfer,2,Yes,1,No,No,1
CUST_001022,22,22,109.33,2209.58,Two year,Fiber optic,Credit card,3,No,0,Yes,Yes,0
CUST_001023,67,23,33.29,834.88,Two year,No,Electronic check,4,No,0,No,No,0
CUST_001024,65,65,107.84,7275.21,One year,Fiber optic,Bank transfer,2,Yes,0,No,No,1
CUST_001025,64,36,103.86,3918.75,Month-to-month,No,Mailed check,0,Yes,0,No,Yes,0
CUST_001026,21,55,107.11,5398.53,One year,No,Mailed check,4,No,0,Yes,No,0
CUST_001027,22,33,35.17,1175.4,Month-to-month,No,Bank transfer,2,Yes,0,No,No,0
CUST_001028,33,51,31.68,1463.79,Two year,No,Bank transfer,3,Yes,0,No,No,0
CUST_001029,50,39,112.38,4231.32,Month-to-month,Fiber optic,Bank transfer,1,No,0,Yes,No,1
CUST_001030,37,21,37.38,820.16,Two year,Fiber optic,Bank transfer,1,No,0,Yes,No,0
CUST_001031,45,64,56.86,3432.11,Month-to-month,No,Credit card,7,No,0,No,No,1
CUST_001032,27,52,65.6,3545.7,Month-to-month,No,Credit card,4,No,0,No,No,0
CUST_001033,59,56,32.44,1834.97,Two year,DSL,Electronic check,1,No,0,No,No,0
CUST_001034,35,69,22.06,1647.13,Month-to-month,DSL,Bank transfer,4,No,0,No,No,0
CUST_001035,21,18,119.41,2148.03,Two year,DSL,Bank transfer,1,No,0,No,No,0
CUST_001036,60,7,107.67,723.72,Two year,No,Electronic check,3,No,0,Yes,No,1
CUST_001037,69,42,111.23,5021.95,Month-to-month,DSL,Bank transfer,0,No,0,No,No,0
CUST_001038,18,24,48.46,1157.91,Month-to-month,DSL,Bank transfer,2,Yes,0,Yes,No,0
CUST_001039,42,32,42.01,1287.34,One year,Fiber optic,Electronic check,2,Yes,0,No,Yes,0
CUST_001040,65,17,62.59,1046.08,Two year,DSL,Mailed check,3,No,0,No,No,0
CUST_001041,58,29,65.33,1872.94,Two year,No,Mailed check,2,Yes,0,Yes,No,0
CUST_001042,66,29,20.56,563.13,Month-to-month,Fiber optic,Mailed check,2,Yes,0,Yes,Yes,0
CUST_001043,41,26,97.93,2697.65,One year,DSL,Credit card,1,No,1,Yes,No,0
CUST_001044,39,54,119.67,6876.36,Month-to-month,DSL,Electronic check,3,Yes,1,Yes,No,0
CUST_001045,58,43,72.87,3098.99,One year,Fiber optic,Bank transfer,3,Yes,0,Yes,No,0
CUST_001046,26,35,58.83,1860.13,Two year,Fiber optic,Bank transfer,2,No,0,Yes,Yes,0
CUST_001047,31,9,59.28,491.15,Two year,Fiber optic,Mailed check,3,Yes,0,Yes,Yes,0
CUST_001048,52,42,29.61,1245.88,Month-to-month,DSL,Mailed check,3,No,0,Yes,No,0
CUST_001049,56,13,46.62,577.07,Month-to-month,No,Electronic check,1,No,0,No,Yes,0
CUST_001050,24,23,70.21,1560.18,Month-to-month,Fiber optic,Electronic check,2,No,0,No,Yes,0
CUST_001051,46,30,63.18,1906.98,Month-to-month,Fiber optic,Mailed check,1,Yes,0,Yes,No,0
CUST_001052,38,11,74.5,846.18,Month-to-month,Fiber optic,Electronic check,3,Yes,0,No,No,1
CUST_001053,46,29,104.91,2852.03,Two year,No,Credit card,1,No,0,No,No,0
CUST_001054,72,20,42.52,882.21,Month-to-month,Fiber optic,Bank transfer,2,No,0,No,No,1
CUST_001055,22,62,22.77,1301.37,Month-to-month,Fiber optic,Electronic check,3,No,1,No,Yes,0
CUST_001056,74,62,23.82,1495.97,One year,No,Mailed check,1,Yes,0,No,No,0
CUST_001057,43,1,33.42,34.56,Month-to-month,No,Credit card,1,Yes,0,No,No,0
CUST_001058,62,44,77.05,3249.19,Month-to-month,Fiber optic,Electronic check,1,Yes,0,No,Yes,0
CUST_001059,42,47,100.82,5057.32,Two year,Fiber optic,Bank transfer,3,No,0,No,Yes,0
CUST_001060,35,28,108.68,3218.43,Month-to-month,Fiber optic,Electronic check,3,Yes,0,Yes,No,1
CUST_001061,61,34,83.51,3056.17,Month-to-month,Fiber optic,Credit card,3,Yes,0,No,No,0
CUST_001062,57,57,60.31,3328.88,One year,DSL,Mailed check,5,No,0,Yes,No,0
CUST_001063,26,28,35.45,1078.61,Month-to-month,Fiber optic,Mailed check,1,Yes,0,No,Yes,0
CUST_001064,58,5,60.14,299.75,Month-to-month,Fiber optic,Bank transfer,0,Yes,0,No,No,0
CUST_001065,60,27,53.24,1383.18,Month-to-month,DSL,Mailed check,2,Yes,0,No,No,1
CUST_001066,40,19,107.0,2083.03,Month-to-month,No,Bank transfer,4,No,0,Yes,No,1
CUST_001067,70,28,68.67,2070.29,Two year,DSL,Electronic check,2,No,0,No,Yes,0
CUST_001068,54,17,42.62,780.92,Month-to-month,No,Electronic check,0,No,0,No,No,0
CUST_001069,37,11,48.88,510.02,Month-to-month,DSL,Electronic check,2,No,0,Yes,No,0
CUST_001070,18,71,33.65,2223.11,Month-to-month,DSL,Bank transfer,3,No,1,No,Yes,0
CUST_001071,56,10,111.86,1106.92,Two year,DSL,Credit card,0,Yes,0,Yes,No,0
CUST_001072,29,51,25.03,1388.5,Month-to-month,Fiber optic,Electronic check,2,Yes,0,No,Yes,0
CUST_001073,61,52,21.28,1209.5,Two year,Fiber optic,Credit card,5,No,0,Yes,No,0
CUST_001074,47,45,38.3,1646.22,Month-to-month,DSL,Credit card,2,No,0,No,Yes,0
CUST_001075,44,66,101.09,6094.69,Two year,Fiber optic,Electronic check,2,No,1,No,No,0
CUST_001076,27,1,72.35,75.38,Month-to-month,Fiber optic,Electronic check,2,No,0,No,Yes,0
CUST_001077,58,22,82.58,1719.3,Month-to-month,DSL,Mailed check,1,No,1,Yes,No,0
CUST_001078,27,14,55.77,735.66,Month-to-month,DSL,Electronic check,2,No,0,No,No,0
CUST_001079,41,42,26.87,1181.73,Month-to-month,DSL,Bank transfer,1,Yes,1,Yes,No,0
CUST_001080,65,46,105.62,4568.02,One year,DSL,Mailed check,0,No,0,No,Yes,0
CUST_001081,70,65,39.19,2691.83,One year,DSL,Mailed check,2,No,0,Yes,No,0
CUST_001082,74,28,23.31,708.3,One year,Fiber optic,Bank transfer,4,Yes,0,No,No,1
CUST_001083,72,17,77.27,1222.58,Month-to-month,Fiber optic,Electronic check,7,Yes,0,No,No,1
CUST_001084,49,67,28.33,1916.02,One year,No,Credit card,3,No,1,No,No,0
CUST_001085,29,49,29.58,1507.43,Month-to-month,Fiber optic,Bank transfer,2,Yes,0,Yes,No,0
CUST_001086,65,56,100.04,5641.54,Two year,Fiber optic,Electronic check,1,Yes,0,Yes,Yes,0
CUST_001087,63,33,69.16,2469.31,One year,DSL,Mailed check,3,Yes,0,Yes,Yes,0
CUST_001088,74,33,44.15,1331.0,One year,DSL,Electronic check,0,No,0,No,No,0
CUST_001089,55,29,54.86,1748.34,Two year,Fiber optic,Credit card,1,No,0,No,No,0
CUST_001090,26,54,92.92,5078.5,One year,DSL,Mailed check,5,Yes,0,No,No,1
CUST_001091,46,16,26.64,401.81,One year,DSL,Credit card,1,Yes,0,No,Yes,0
CUST_001092,43,71,31.65,2306.87,Month-to-month,No,Credit card,3,No,1,Yes,No,0
CUST_001093,66,13,81.63,1096.11,One year,DSL,Mailed check,3,No,1,No,No,0
CUST_001094,40,34,80.7,2472.22,Month-to-month,DSL,Bank transfer,6,Yes,0,Yes,No,1
CUST_001095,36,23,117.25,2878.49,Month-to-month,No,Bank transfer,1,No,0,Yes,Yes,1
CUST_001096,22,47,57.45,2468.56,Two year,DSL,Electronic check,4,Yes,1,Yes,No,0
CUST_001097,65,50,26.51,1249.9,Month-to-month,Fiber optic,Credit card,4,Yes,0,No,No,0
CUST_001098,61,67,73.75,5036.13,One year,DSL,Mailed check,3,Yes,0,No,No,0
CUST_001099,20,57,83.83,5040.68,Month-to-month,Fiber optic,Credit card,2,No,1,Yes,Yes,0
CUST_001100,42,18,33.96,628.28,Month-to-month,No,Bank transfer,1,No,0,Yes,Yes,0
CUST_001101,45,15,75.29,1156.61,Two year,Fiber optic,Electronic check,3,No,0,No,Yes,1
CUST_001102,44,64,39.78,2542.31,Month-to-month,Fiber optic,Mailed check,2,No,1,No,Yes,0
CUST_001103,70,36,104.47,3771.09,One year,DSL,Electronic check,1,Yes,0,Yes,No,0
CUST_001104,26,8,103.52,816.6,One year,Fiber optic,Electronic check,4,Yes,0,Yes,No,1
CUST_001105,35,60,62.96,3609.69,Two year,Fiber optic,Bank transfer,3,Yes,0,No,Yes,1
CUST_001106,28,47,116.67,5333.01,Month-to-month,DSL,Electronic check,2,No,0,No,No,0
CUST_001107,31,2,117.98,253.81,One year,DSL,Credit card,0,No,0,No,No,1
CUST_001108,69,57,32.93,1833.06,Month-to-month,Fiber optic,Mailed check,0,No,0,No,No,0
CUST_001109,71,44,56.77,2628.22,Month-to-month,No,Mailed check,1,No,1,No,No,0
CUST_001110,20,45,80.03,3682.4,Month-to-month,No,Electronic check,1,Yes,0,Yes,No,0
CUST_001111,54,63,28.48,1695.2,Month-to-month,No,Electronic check,0,Yes,0,No,No,0
CUST_001112,31,36,58.27,1952.52,Month-to-month,Fiber optic,Bank transfer,3,No,0,No,Yes,1
CUST_001113,28,34,46.12,1449.84,Month-to-month,Fiber optic,Electronic check,2,No,1,No,No,1
CUST_001114,34,45,115.21,5179.72,Month-to-month,No,Bank transfer,2,Yes,0,Yes,No,0
CUST_001115,29,15,61.16,863.01,One year,DSL,Bank transfer,2,Yes,1,No,Yes,0
CUST_001116,45,11,96.27,1008.06,Month-to-month,Fiber optic,Electronic check,0,Yes,0,Yes,No,1
CUST_001117,74,61,58.67,3820.62,Month-to-month,DSL,Mailed check,5,No,0,No,Yes,0
CUST_001118,51,16,33.18,529.67,Month-to-month,No,Electronic check,2,Yes,1,No,No,0
CUST_001119,59,37,106.32,3802.22,Month-to-month,No,Electronic check,1,No,0,No,No,0
CUST_001120,46,20,20.04,375.58,One year,No,Bank transfer,0,No,0,Yes,Yes,0
CUST_001121,18,17,25.59,429.55,Two year,DSL,Electronic check,2,No,0,Yes,No,0
CUST_001122,22,44,56.44,2365.89,One year,No,Electronic check,1,Yes,0,Yes,Yes,0
CUST_001123,33,58,88.69,4669.79,One year,DSL,Mailed check,4,Yes,0,Yes,No,0
CUST_001124,31,32,54.17,1860.81,Month-to-month,DSL,Mailed check,1,Yes,0,Yes,No,0
CUST_001125,65,10,26.63,269.96,Two year,Fiber optic,Credit card,0,No,0,Yes,No,0
CUST_001126,66,18,51.78,993.69,Month-to-month,Fiber optic,Credit card,2,No,0,No,Yes,0
CUST_001127,66,12,44.5,559.72,Month-to-month,No,Bank transfer,2,Yes,0,No,No,0
CUST_001128,54,64,20.54,1186.96,Month-to-month,DSL,Mailed check,4,No,0,Yes,No,0
CUST_001129,49,24,73.48,1817.63,Month-to-month,Fiber optic,Mailed check,6,Yes,0,No,No,0
CUST_001130,55,27,31.66,793.32,One year,Fiber optic,Electronic check,3,No,0,Yes,No,0
CUST_001131,41,6,48.75,267.51,Month-to-month,DSL,Credit card,1,No,0,No,No,1
CUST_001132,56,33,84.12,2514.59,Month-to-month,No,Mailed check,4,No,0,No,No,0
CUST_001133,63,66,92.51,6526.48,Month-to-month,DSL,Electronic check,2,No,0,No,Yes,1
CUST_001134,61,30,46.35,1410.15,Two year,DSL,Bank transfer,0,Yes,0,Yes,Yes,0
CUST_001135,52,47,52.92,2622.91,One year,Fiber optic,Bank transfer,3,No,0,Yes,Yes,0
CUST_001136,21,14,44.69,642.97,Two year,Fiber optic,Mailed check,1,No,0,Yes,Yes,0
CUST_001137,59,11,115.69,1180.62,Two year,No,Electronic check,1,No,0,No,No,1
CUST_001138,38,53,39.05,2114.35,Two year,DSL,Credit card,5,No,0,Yes,No,0
CUST_001139,60,5,38.32,176.73,Month-to-month,DSL,Electronic check,5,No,1,No,Yes,1
CUST_001140,48,33,64.5,1938.01,Month-to-month,No,Credit card,2,No,0,Yes,Yes,0
CUST_001141,68,23,38.93,866.8,Month-to-month,Fiber optic,Mailed check,6,No,0,No,Yes,0
CUST_001142,37,2,35.67,65.63,Month-to-month,Fiber optic,Credit card,4,No,0,Yes,No,0
CUST_001143,71,39,29.59,1201.46,One year,DSL,Credit card,1,No,0,Yes,Yes,0
CUST_001144,66,70,84.02,6005.43,Month-to-month,No,Mailed check,3,No,0,Yes,No,0
CUST_001145,36,5,81.21,420.89,Month-to-month,Fiber optic,Credit card,3,No,0,Yes,Yes,1
CUST_001146,45,59,85.02,5424.99,One year,DSL,Electronic check,3,Yes,0,Yes,Yes,0
CUST_001147,48,39,97.33,3692.05,Month-to-month,DSL,Electronic check,1,Yes,0,Yes,No,0
CUST_001148,61,53,52.64,2822.63,Month-to-month,DSL,Mailed check,4,Yes,0,No,No,0
CUST_001149,57,7,111.84,763.16,Month-to-month,DSL,Bank transfer,5,No,0,Yes,No,0
CUST_001150,66,63,93.32,5456.21,One year,DSL,Electronic check,1,No,1,Yes,No,0
CUST_001151,39,1,100.47,107.33,Month-to-month,DSL,Mailed check,4,No,1,Yes,Yes,0
CUST_001152,46,66,92.1,6166.64,Month-to-month,DSL,Credit card,0,No,1,No,No,0
CUST_001153,42,48,55.85,2746.91,Month-to-month,Fiber optic,Credit card,2,Yes,0,Yes,No,0
CUST_001154,69,25,48.3,1149.09,One year,Fiber optic,Electronic check,0,No,0,No,No,0
CUST_001155,35,1,62.25,66.33,Month-to-month,Fiber optic,Mailed check,1,Yes,0,Yes,No,0
CUST_001156,51,44,29.7,1309.27,Month-to-month,No,Electronic check,4,Yes,0,Yes,No,0
CUST_001157,24,7,65.13,416.65,Two year,DSL,Electronic check,3,No,0,Yes,Yes,1
CUST_001158,66,44,24.31,1031.26,Two year,No,Credit card,2,No,0,Yes,Yes,0
CUST_001159,39,56,20.39,1131.4,Month-to-month,No,Credit card,4,Yes,0,Yes,No,0
CUST_001160,37,20,113.15,2187.88,Month-to-month,No,Electronic check,0,No,1,Yes,No,1
CUST_001161,51,18,88.93,1477.36,Month-to-month,DSL,Electronic check,3,No,0,No,No,1
CUST_001162,46,16,76.18,1176.09,One year,DSL,Mailed check,0,Yes,0,No,Yes,0
CUST_001163,66,17,54.11,828.42,Month-to-month,Fiber optic,Mailed check,3,No,1,No,Yes,1
CUST_001164,48,9,77.05,653.46,Two year,DSL,Electronic check,1,Yes,0,No,No,0
CUST_001165,47,18,109.16,2019.44,Two year,DSL,Electronic check,2,No,0,Yes,No,0
CUST_001166,23,48,85.24,4124.2,One year,DSL,Mailed check,4,Yes,0,No,No,0
CUST_001167,19,22,80.25,1721.49,Month-to-month,Fiber optic,Electronic check,4,Yes,0,Yes,Yes,0
CUST_001168,40,57,66.02,4109.24,Two year,No,Credit card,1,Yes,0,No,No,0
CUST_001169,74,59,54.57,2927.22,One year,DSL,Bank transfer,4,Yes,0,No,No,0
CUST_001170,70,55,89.85,5080.26,One year,No,Mailed check,3,No,0,No,Yes,0
CUST_001171,53,39,118.1,4717.67,Month-to-month,Fiber optic,Mailed check,5,No,0,No,No,0
CUST_001172,53,23,62.48,1443.01,One year,DSL,Credit card,2,Yes,0,Yes,Yes,0
CUST_001173,40,67,59.22,3780.23,Two year,Fiber optic,Electronic check,3,No,0,No,No,0
CUST_001174,28,15,62.81,942.93,Two year,DSL,Credit card,4,Yes,0,Yes,No,1
CUST_001175,18,34,62.55,2114.05,One year,No,Electronic check,3,No,0,Yes,No,0
CUST_001176,37,33,119.06,3650.73,Month-to-month,Fiber optic,Credit card,5,No,0,Yes,No,1
CUST_001177,36,54,90.68,4638.77,Month-to-month,Fiber optic,Electronic check,1,No,0,No,No,1
CUST_001178,28,40,55.92,2208.77,One year,Fiber optic,Credit card,4,No,1,Yes,No,0
CUST_001179,32,58,57.15,3229.87,Two year,DSL,Electronic check,2,No,1,No,No,0
CUST_001180,19,67,63.08,3913.63,One year,No,Credit card,0,No,0,No,No,0
CUST_001181,52,29,23.67,650.51,Month-to-month,No,Bank transfer,7,No,0,No,No,0
CUST_001182,70,63,72.78,4669.32,Month-to-month,Fiber optic,Electronic check,1,Yes,0,Yes,No,0
CUST_001183,57,13,101.14,1368.43,One year,Fiber optic,Bank transfer,4,Yes,0,Yes,No,1
CUST_001184,43,66,86.06,5965.69,Two year,DSL,Electronic check,1,Yes,1,No,No,0
CUST_001185,41,13,39.84,522.02,Month-to-month,DSL,Mailed check,2,No,0,Yes,No,0
CUST_001186,35,62,92.8,5241.56,Month-to-month,DSL,Electronic check,3,No,0,Yes,Yes,0
CUST_001187,26,29,91.95,2523.13,Two year,Fiber optic,Bank transfer,1,No,0,No,Yes,1
CUST_001188,52,70,46.25,3385.21,Month-to-month,Fiber optic,Credit card,2,No,0,No,No,0
CUST_001189,50,10,82.29,788.08,Month-to-month,No,Mailed check,1,No,0,No,No,1
CUST_001190,18,34,81.09,2850.89,Month-to-month,DSL,Bank transfer,2,No,0,No,No,0
CUST_001191,41,65,103.98,6958.17,Month-to-month,DSL,Credit card,0,No,1,Yes,No,0
CUST_001192,33,4,33.61,134.87,Month-to-month,DSL,Bank transfer,5,No,0,No,Yes,0
CUST_001193,27,20,39.48,759.34,One year,No,Electronic check,5,No,0,No,No,0
CUST_001194,58,7,68.6,439.85,One year,Fiber optic,Mailed check,3,No,0,No,No,0
CUST_001195,47,24,24.41,612.72,One year,Fiber optic,Electronic check,2,No,1,Yes,No,0
CUST_001196,54,29,61.56,1695.0,One year,Fiber optic,Mailed check,3,No,0,Yes,No,0
CUST_001197,58,45,98.82,4253.97,Month-to-month,Fiber optic,Electronic check,3,No,0,No,No,0
CUST_001198,73,19,34.87,612.51,Month-to-month,DSL,Credit card,3,Yes,0,Yes,No,0
CUST_001199,63,12,65.99,827.96,Month-to-month,DSL,Bank transfer,4,No,0,Yes,Yes,1
CUST_001200,53,13,118.98,1688.94,Month-to-month,DSL,Bank transfer,5,No,0,Yes,No,1
CUST_001201,68,68,70.59,4782.81,One year,DSL,Electronic check,1,No,0,No,Yes,1
CUST_001202,45,69,69.83,4685.15,Month-to-month,Fiber optic,Electronic check,2,No,0,Yes,No,0
CUST_001203,74,16,75.88,1218.07,One year,DSL,Bank transfer,1,No,0,No,Yes,0
CUST_001204,61,15,38.6,566.42,Month-to-month,Fiber optic,Mailed check,1,Yes,1,No,Yes,0
CUST_001205,55,4,34.72,133.56,Month-to-month,Fiber optic,Credit card,1,No,0,No,No,0
CUST_001206,69,70,87.74,6721.06,Month-to-month,Fiber optic,Mailed check,2,No,0,Yes,Yes,1
CUST_001207,47,51,59.58,3302.94,Month-to-month,No,Electronic check,1,No,0,Yes,No,0
CUST_001208,59,55,48.99,2762.16,One year,DSL,Bank transfer,4,Yes,0,Yes,No,0
CUST_001209,34,21,23.14,439.24,Two year,Fiber optic,Bank transfer,2,Yes,0,Yes,No,0
CUST_001210,72,47,104.61,4790.16,Month-to-month,DSL,Electronic check,1,No,0,Yes,No,0
CUST_001211,53,5,23.23,109.16,One year,Fiber optic,Bank transfer,0,Yes,0,Yes,No,0
CUST_001212,62,49,95.0,4732.52,One year,Fiber optic,Electronic check,5,Yes,0,Yes,No,0
CUST_001213,44,42,58.2,2395.26,Month-to-month,DSL,Electronic check,5,Yes,0,No,Yes,1
CUST_001214,67,24,79.87,1884.9,Month-to-month,DSL,Electronic check,2,Yes,0,Yes,Yes,0
CUST_001215,22,52,44.77,2524.98,Month-to-month,Fiber optic,Bank transfer,2,Yes,0,No,No,0
CUST_001216,24,47,35.54,1805.35,Month-to-month,Fiber optic,Bank transfer,1,No,1,Yes,No,0
CUST_001217,46,32,73.34,2239.53,Two year,Fiber optic,Electronic check,3,No,1,Yes,Yes,0
CUST_001218,59,14,89.56,1284.79,Month-to-month,Fiber optic,Bank transfer,4,No,0,No,No,1
CUST_001219,64,2,39.55,84.89,Month-to-month,Fiber optic,Bank transfer,1,No,1,No,No,0
CUST_001220,43,68,63.64,4725.6,One year,Fiber optic,Mailed check,1,No,0,Yes,No,0
CUST_001221,55,21,64.47,1419.93,Month-to-month,DSL,Electronic check,1,No,0,No,Yes,0
CUST_001222,49,22,41.6,841.85,One year,Fiber optic,Electronic check,4,Yes,0,No,Yes,0
CUST_001223,72,50,76.5,3962.77,Month-to-month,Fiber optic,Electronic check,0,Yes,1,Yes,Yes,0
CUST_001224,55,19,34.59,656.08,Month-to-month,No,Credit card,2,Yes,0,No,No,0
CUST_001225,41,28,70.97,1903.25,Month-to-month,Fiber optic,Credit card,2,No,0,Yes,Yes,0
CUST_001226,73,52,31.34,1757.3,Month-to-month,Fiber optic,Electronic check,1,No,0,Yes,Yes,0
CUST_001227,24,43,68.55,3029.34,Month-to-month,No,Mailed check,1,No,0,Yes,No,0
CUST_001228,74,48,51.16,2658.54,One year,No,Electronic check,3,No,0,Yes,Yes,0
CUST_001229,26,1,65.22,59.57,One year,DSL,Electronic check,3,Yes,1,No,No,0
CUST_001230,34,33,63.37,2210.0,One year,No,Electronic check,3,No,0,Yes,Yes,0
CUST_001231,64,35,110.79,3944.71,Month-to-month,DSL,Electronic check,5,Yes,0,Yes,No,1
CUST_001232,59,46,68.99,3047.5,Two year,No,Electronic check,3,No,0,Yes,Yes,0
CUST_001233,73,11,101.85,1204.75,Month-to-month,DSL,Electronic check,2,Yes,1,No,No,1
CUST_001234,60,12,42.57,541.2,Two year,Fiber optic,Mailed check,1,No,0,No,Yes,0
CUST_001235,54,55,55.21,3078.07,One year,No,Mailed check,1,No,0,No,Yes,0
CUST_001236,37,49,27.51,1475.2,One year,DSL,Mailed check,3,No,0,No,No,0
CUST_001237,18,59,62.07,3880.49,Month-to-month,No,Mailed check,3,Yes,0,No,No,0
CUST_001238,25,20,86.87,1726.06,One year,Fiber optic,Mailed check,1,No,0,Yes,No,0
CUST_001239,34,72,103.82,6809.19,One year,DSL,Mailed check,3,Yes,0,Yes,No,0
CUST_001240,20,20,76.59,1565.12,Month-to-month,No,Credit card,4,Yes,0,No,No,1
CUST_001241,46,47,84.01,3895.9,One year,Fiber optic,Electronic check,5,No,0,Yes,No,0
CUST_001242,62,12,37.73,459.94,Month-to-month,No,Bank transfer,1,Yes,1,Yes,No,0
CUST_001243,72,67,23.72,1445.32,Month-to-month,No,Electronic check,1,No,0,No,No,0
CUST_001244,45,24,99.17,2534.13,One year,DSL,Mailed check,4,Yes,1,Yes,No,0
CUST_001245,67,58,36.7,2258.51,Two year,DSL,Mailed check,3,No,1,No,No,0
CUST_001246,74,24,29.12,734.51,Month-to-month,DSL,Bank transfer,4,No,1,No,No,0
CUST_001247,67,57,113.76,6847.53,Month-to-month,Fiber optic,Credit card,3,Yes,0,No,Yes,1
CUST_001248,44,33,116.35,3595.02,Month-to-month,DSL,Mailed check,2,Yes,1,No,No,0
CUST_001249,36,5,81.63,409.12,Month-to-month,Fiber optic,Electronic check,8,No,0,No,No,1
CUST_001250,73,14,57.86,851.79,Month-to-month,No,Bank transfer,1,No,0,Yes,No,0
CUST_001251,31,50,103.32,5293.29,Month-to-month,DSL,Electronic check,7,Yes,0,No,No,1
CUST_001252,41,14,40.47,568.57,One year,Fiber optic,Mailed check,0,Yes,1,Yes,No,0
CUST_001253,22,20,62.94,1222.31,Month-to-month,Fiber optic,Credit card,3,No,1,No,No,0
CUST_001254,63,40,55.7,2300.35,Month-to-month,DSL,Mailed check,4,Yes,0,Yes,No,0
CUST_001255,55,19,111.27,1919.31,Month-to-month,DSL,Bank transfer,1,Yes,0,Yes,Yes,1
CUST_001256,22,10,111.98,1014.13,Month-to-month,DSL,Electronic check,3,Yes,0,No,No,1
CUST_001257,30,45,85.09,3780.1,Month-to-month,Fiber optic,Electronic check,4,No,0,No,Yes,0
CUST_001258,49,50,31.07,1568.53,Month-to-month,DSL,Credit card,3,No,0,Yes,No,0
CUST_001259,48,53,68.22,3488.59,Month-to-month,No,Electronic check,5,Yes,0,Yes,No,0
CUST_001260,63,68,44.53,3138.38,Month-to-month,No,Electronic check,2,No,0,No,No,0
CUST_001261,33,9,108.49,1060.23,One year,DSL,Mailed check,1,Yes,0,No,Yes,0
CUST_001262,70,31,33.84,970.97,Two year,No,Mailed check,7,Yes,0,No,Yes,0
CUST_001263,43,17,25.43,430.09,Month-to-month,No,Electronic check,2,No,0,Yes,No,0
CUST_001264,64,65,90.44,6399.05,Month-to-month,DSL,Electronic check,2,No,0,No,Yes,0
CUST_001265,31,39,65.33,2779.74,Month-to-month,No,Mailed check,4,No,0,Yes,No,0
CUST_001266,20,8,103.84,829.17,Month-to-month,DSL,Mailed check,4,No,0,No,No,1
CUST_001267,21,50,27.46,1447.28,One year,Fiber optic,Bank transfer,2,Yes,0,No,No,0
CUST_001268,39,4,100.11,375.79,One year,DSL,Electronic check,3,Yes,0,No,No,1
CUST_001269,72,20,23.73,503.53,Month-to-month,No,Credit card,0,Yes,0,Yes,No,0
CUST_001270,20,52,22.81,1298.93,Month-to-month,No,Electronic check,2,No,0,No,Yes,0
CUST_001271,39,37,66.13,2364.52,Month-to-month,No,Electronic check,7,No,0,No,No,1
CUST_001272,24,55,42.13,2194.28,Month-to-month,No,Credit card,1,No,0,No,Yes,0
CUST_001273,71,42,79.37,3078.72,Two year,DSL,Credit card,1,Yes,0,No,No,0
CUST_001274,56,61,22.58,1362.86,Month-to-month,Fiber optic,Electronic check,3,Yes,1,No,No,0
CUST_001275,61,41,23.54,931.63,Month-to-month,DSL,Mailed check,1,No,0,No,Yes,0
CUST_001276,58,5,92.71,463.45,Month-to-month,DSL,Credit card,4,Yes,1,No,No,1
CUST_001277,55,6,41.02,247.0,Month-to-month,DSL,Electronic check,2,No,0,No,No,1
CUST_001278,62,56,85.64,5144.01,Month-to-month,No,Electronic check,2,No,0,Yes,No,0
CUST_001279,18,3,94.99,306.78,Month-to-month,Fiber optic,Mailed check,1,No,0,Yes,No,1
CUST_001280,67,28,25.93,717.02,Month-to-month,DSL,Credit card,2,No,0,No,Yes,0
CUST_001281,60,2,96.98,204.0,Month-to-month,No,Bank transfer,2,Yes,0,No,No,0
CUST_001282,60,22,46.84,1042.51,One year,No,Mailed check,2,No,0,Yes,No,0
CUST_001283,40,43,58.95,2649.53,Month-to-month,DSL,Credit card,4,Yes,0,Yes,Yes,0
CUST_001284,63,13,28.66,387.52,Month-to-month,Fiber optic,Electronic check,5,No,0,Yes,No,0
CUST_001285,39,34,103.86,3762.77,Two year,Fiber optic,Bank transfer,2,No,0,No,No,0
CUST_001286,20,72,76.07,5108.27,Month-to-month,Fiber optic,Electronic check,2,Yes,0,No,No,0
CUST_001287,69,6,70.47,447.84,Two year,Fiber optic,Bank transfer,1,No,0,Yes,No,0
CUST_001288,31,5,116.86,552.15,Two year,Fiber optic,Mailed check,6,Yes,0,Yes,No,0
CUST_001289,23,20,53.45,1109.14,Month-to-month,DSL,Electronic check,1,No,0,No,No,1
CUST_001290,53,60,109.08,7146.54,Month-to-month,Fiber optic,Mailed check,2,No,0,Yes,No,1
CUST_001291,31,30,91.97,2805.85,Two year,DSL,Credit card,1,No,0,No,No,0
CUST_001292,66,47,112.85,5712.95,Month-to-month,DSL,Mailed check,3,No,0,No,No,0
CUST_001293,43,3,110.78,353.0,Month-to-month,DSL,Electronic check,5,Yes,1,No,No,1
CUST_001294,18,53,119.1,6566.3,One year,Fiber optic,Electronic check,2,No,0,Yes,Yes,0
CUST_001295,72,5,33.17,151.74,Month-to-month,Fiber optic,Bank transfer,5,Yes,0,No,No,0
CUST_001296,47,52,99.6,4686.27,Two year,Fiber optic,Bank transfer,5,No,0,No,No,1
CUST_001297,32,11,100.45,1194.78,One year,DSL,Mailed check,2,No,1,Yes,No,1
CUST_001298,56,62,84.44,5441.84,Two year,No,Electronic check,5,No,0,No,Yes,0
CUST_001299,48,22,47.89,1063.58,One year,DSL,Bank transfer,3,No,0,No,No,0
CUST_001300,19,14,116.51,1468.93,One year,Fiber optic,Electronic check,6,Yes,0,Yes,Yes,0
CUST_001301,61,25,40.44,935.02,Month-to-month,DSL,Electronic check,3,Yes,0,Yes,No,0
CUST_001302,40,1,69.96,72.62,Two year,Fiber optic,Mailed check,3,No,0,Yes,No,0
CUST_001303,57,12,72.15,819.85,Two year,Fiber optic,Mailed check,0,Yes,0,Yes,No,0
CUST_001304,69,44,36.18,1546.23,Two year,Fiber optic,Credit card,2,Yes,0,Yes,No,0
CUST_001305,52,22,92.25,2163.16,One year,No,Bank transfer,1,No,0,Yes,No,0
CUST_001306,56,26,28.89,724.78,One year,Fiber optic,Electronic check,3,No,0,No,No,0
CUST_001307,32,59,89.31,5287.86,Month-to-month,Fiber optic,Credit card,2,No,0,No,No,0
CUST_001308,31,9,104.86,862.69,Two year,Fiber optic,Electronic check,1,Yes,0,No,No,0
CUST_001309,41,29,54.94,1591.94,Month-to-month,No,Credit card,3,Yes,0,No,No,0
CUST_001310,66,14,90.94,1328.3,Month-to-month,No,Electronic check,1,Yes,0,No,No,0
CUST_001311,47,35,35.68,1181.1,Month-to-month,Fiber optic,Credit card,3,No,0,Yes,No,0
CUST_001312,37,24,104.59,2550.16,One year,Fiber optic,Credit card,4,No,0,Yes,No,1
CUST_001313,62,4,115.2,468.89,One year,No,Credit card,2,No,0,No,No,1
CUST_001314,66,6,35.27,224.98,Month-to-month,No,Electronic check,2,No,0,No,No,0
CUST_001315,69,62,89.19,5376.23,Month-to-month,DSL,Credit card,5,No,1,Yes,No,1
CUST_001316,35,5,70.58,380.74,Month-to-month,No,Bank transfer,4,Yes,0,No,Yes,1
CUST_001317,58,57,73.15,4144.75,Month-to-month,Fiber optic,Electronic check,4,No,0,No,No,0
CUST_001318,51,66,90.65,5423.59,Month-to-month,Fiber optic,Mailed check,1,Yes,0,No,No,0
CUST_001319,43,34,68.87,2143.52,One year,Fiber optic,Bank transfer,1,No,0,No,No,0
CUST_001320,40,23,80.03,1991.98,Month-to-month,DSL,Credit card,5,Yes,0,No,No,1
CUST_001321,24,56,43.09,2209.14,Month-to-month,No,Bank transfer,7,Yes,1,No,No,0
CUST_001322,33,71,57.85,4348.68,Month-to-month,Fiber optic,Mailed check,3,No,0,Yes,No,0
CUST_001323,49,9,106.52,1051.95,Month-to-month,DSL,Bank transfer,2,No,1,No,No,1
CUST_001324,68,70,30.99,2315.37,Two year,Fiber optic,Electronic check,1,Yes,0,No,Yes,0
CUST_001325,67,68,79.76,5321.31,Month-to-month,DSL,Mailed check,2,No,0,Yes,Yes,0
CUST_001326,28,11,38.43,400.13,Month-to-month,Fiber optic,Bank transfer,1,Yes,0,No,Yes,0
CUST_001327,56,4,104.65,390.21,One year,Fiber optic,Bank transfer,1,Yes,0,Yes,Yes,0
CUST_001328,22,52,77.9,3943.45,Month-to-month,Fiber optic,Bank transfer,0,No,0,No,No,0
CUST_001329,56,6,60.3,361.1,Two year,DSL,Mailed check,0,No,0,No,No,0
CUST_001330,37,44,44.98,1969.21,Two year,DSL,Mailed check,1,No,0,Yes,No,0
CUST_001331,43,5,63.68,325.97,One year,DSL,Bank transfer,4,No,1,No,Yes,0
CUST_001332,58,50,115.76,6125.73,Two year,Fiber optic,Electronic check,3,No,0,Yes,No,0
CUST_001333,42,17,70.92,1125.13,Month-to-month,No,Credit card,4,No,0,No,No,0
CUST_001334,64,7,66.95,452.84,Month-to-month,Fiber optic,Credit card,5,No,0,No,No,1
CUST_001335,48,5,94.63,496.13,Month-to-month,Fiber optic,Credit card,2,Yes,0,No,Yes,1
CUST_001336,74,14,57.9,874.08,Month-to-month,DSL,Credit card,2,Yes,0,No,No,1
CUST_001337,54,39,62.74,2612.78,Month-to-month,DSL,Mailed check,3,No,0,Yes,Yes,0
CUST_001338,34,6,53.69,352.36,Month-to-month,No,Mailed check,3,No,0,No,No,0
CUST_001339,62,58,35.09,2156.48,Month-to-month,Fiber optic,Credit card,3,No,1,No,No,0
CUST_001340,41,44,91.38,4400.41,Month-to-month,DSL,Electronic check,2,Yes,0,Yes,Yes,0
CUST_001341,48,22,107.3,2566.29,One year,Fiber optic,Credit card,3,No,1,Yes,Yes,0
CUST_001342,25,72,110.56,8207.15,Month-to-month,Fiber optic,Electronic check,5,Yes,0,No,No,0
CUST_001343,24,48,108.08,5401.32,Month-to-month,DSL,Credit card,3,No,1,Yes,Yes,1
CUST_001344,50,49,65.18,3071.52,Month-to-month,DSL,Mailed check,4,No,0,No,No,1
CUST_001345,28,13,48.41,679.5,One year,Fiber optic,Credit card,3,No,0,No,Yes,0
CUST_001346,74,52,83.79,4530.81,Month-to-month,DSL,Mailed check,1,Yes,0,Yes,Yes,0
CUST_001347,66,41,115.47,5109.53,One year,Fiber optic,Bank transfer,1,No,1,Yes,No,0
CUST_001348,57,71,92.71,6202.63,Month-to-month,No,Credit card,3,Yes,1,Yes,No,1
CUST_001349,59,35,69.48,2368.0,Month-to-month,No,Mailed check,2,Yes,0,Yes,No,0
CUST_001350,51,49,88.88,3993.26,Two year,Fiber optic,Electronic check,2,No,0,No,Yes,1
CUST_001351,21,25,97.25,2641.48,Month-to-month,DSL,Electronic check,3,No,1,Yes,No,1
CUST_001352,40,3,111.93,356.66,Month-to-month,Fiber optic,Bank transfer,0,No,0,No,Yes,1
CUST_001353,46,10,96.32,1013.79,Month-to-month,DSL,Bank transfer,3,No,0,Yes,Yes,1
CUST_001354,70,63,63.32,3939.28,Month-to-month,No,Bank transfer,5,No,1,Yes,No,0
CUST_001355,30,54,47.36,2307.21,Month-to-month,Fiber optic,Electronic check,2,No,0,No,No,0
CUST_001356,46,27,69.99,2067.26,Month-to-month,Fiber optic,Electronic check,5,Yes,0,Yes,No,0
CUST_001357,37,51,52.82,2631.4,Month-to-month,Fiber optic,Credit card,2,Yes,0,No,No,0
CUST_001358,25,1,114.28,108.52,Two year,DSL,Bank transfer,3,No,0,Yes,No,1
CUST_001359,23,3,70.8,227.44,Month-to-month,Fiber optic,Electronic check,1,No,0,No,No,0
CUST_001360,38,37,67.21,2340.44,Month-to-month,No,Electronic check,3,No,1,Yes,No,1
CUST_001361,22,45,54.82,2304.76,Two year,DSL,Electronic check,3,No,0,Yes,No,0
CUST_001362,21,68,83.94,5675.25,Month-to-month,DSL,Credit card,3,No,0,No,No,0
CUST_001363,37,55,72.01,3927.71,Two year,No,Bank transfer,1,No,0,Yes,Yes,0
CUST_001364,29,19,32.9,673.25,Month-to-month,Fiber optic,Bank transfer,3,No,0,No,No,0
CUST_001365,49,59,106.92,6934.29,One year,DSL,Bank transfer,4,Yes,0,No,No,0
CUST_001366,19,36,55.9,1915.51,Two year,DSL,Credit card,2,No,0,No,No,0
CUST_001367,35,60,63.26,3568.33,Month-to-month,Fiber optic,Electronic check,5,No,0,Yes,No,0
CUST_001368,43,13,40.57,524.04,Two year,Fiber optic,Electronic check,1,No,0,No,No,0
CUST_001369,72,2,75.34,148.92,One year,Fiber optic,Mailed check,5,No,0,Yes,No,0
CUST_001370,54,5,90.21,480.18,Two year,DSL,Credit card,0,No,1,Yes,No,0
CUST_001371,68,72,108.12,7156.94,Month-to-month,Fiber optic,Bank transfer,1,No,0,Yes,No,0
CUST_001372,37,6,25.16,140.71,Month-to-month,Fiber optic,Mailed check,1,Yes,0,No,Yes,1
CUST_001373,43,68,117.33,7506.63,Month-to-month,No,Credit card,4,No,1,Yes,Yes,0
CUST_001374,41,53,90.38,4390.21,Two year,Fiber optic,Electronic check,2,Yes,0,No,No,1
CUST_001375,68,11,48.43,486.36,Month-to-month,Fiber optic,Mailed check,5,Yes,0,No,No,0
CUST_001376,72,63,40.45,2556.01,Month-to-month,No,Bank transfer,0,Yes,0,Yes,No,0
CUST_001377,72,11,49.61,588.27,Two year,DSL,Credit card,5,No,0,Yes,Yes,0
CUST_001378,60,11,107.57,1259.59,Month-to-month,DSL,Electronic check,5,Yes,0,No,Yes,0
CUST_001379,46,42,49.14,1937.09,One year,DSL,Mailed check,1,Yes,0,No,No,0
CUST_001380,48,21,66.28,1292.76,Month-to-month,DSL,Credit card,1,No,0,Yes,No,0
CUST_001381,73,21,90.57,1944.59,One year,No,Bank transfer,2,No,0,No,No,0
CUST_001382,34,15,107.2,1553.12,Month-to-month,DSL,Bank transfer,7,No,0,No,Yes,1
CUST_001383,37,44,85.86,3782.03,Month-to-month,No,Electronic check,3,No,0,Yes,No,1
CUST_001384,69,2,95.31,198.89,Month-to-month,DSL,Electronic check,3,No,0,No,No,1
CUST_001385,40,18,37.33,725.52,Month-to-month,Fiber optic,Mailed check,2,No,0,No,No,0
CUST_001386,31,40,107.74,4039.64,Month-to-month,Fiber optic,Electronic check,2,No,0,No,No,1
CUST_001387,49,36,47.57,1565.21,Month-to-month,DSL,Credit card,2,No,0,Yes,Yes,0
CUST_001388,36,51,32.84,1583.59,One year,Fiber optic,Bank transfer,1,No,1,Yes,No,0
CUST_001389,68,16,117.62,1902.2,Month-to-month,Fiber optic,Credit card,3,No,0,No,No,0
CUST_001390,69,47,40.16,1732.71,Month-to-month,Fiber optic,Electronic check,2,Yes,0,Yes,No,0
CUST_001391,35,55,33.67,1788.02,Month-to-month,No,Electronic check,5,Yes,0,Yes,No,0
CUST_001392,48,28,82.6,2222.75,Month-to-month,No,Bank transfer,4,No,0,Yes,No,1
CUST_001393,74,19,51.89,908.98,One year,Fiber optic,Electronic check,2,No,0,No,No,0
CUST_001394,60,40,33.33,1461.16,Month-to-month,No,Electronic check,4,Yes,0,Yes,No,0
CUST_001395,30,42,80.11,3603.11,Two year,DSL,Mailed check,0,No,0,Yes,No,0
CUST_001396,51,7,95.9,683.76,One year,DSL,Electronic check,2,Yes,0,No,Yes,1
CUST_001397,53,41,99.32,4385.09,Two year,Fiber optic,Electronic check,3,No,0,Yes,Yes,0
CUST_001398,55,12,35.55,408.29,One year,Fiber optic,Electronic check,0,No,0,Yes,No,0
CUST_001399,19,41,75.69,3317.23,Month-to-month,Fiber optic,Credit card,2,No,0,No,No,0
CUST_001400,35,68,101.37,7139.45,Two year,Fiber optic,Electronic check,0,No,0,No,No,1
CUST_001401,66,39,36.11,1333.15,One year,No,Bank transfer,5,No,0,Yes,Yes,0
CUST_001402,31,55,40.77,2320.44,One year,DSL,Bank transfer,2,No,0,Yes,No,0
CUST_001403,35,23,20.24,466.59,Month-to-month,No,Mailed check,1,No,0,No,Yes,0
CUST_001404,36,67,72.46,4852.2,Month-to-month,Fiber optic,Mailed check,4,No,0,No,No,1
CUST_001405,28,59,39.47,2528.86,One year,Fiber optic,Electronic check,3,No,0,No,No,1
CUST_001406,26,67,92.42,6054.83,Month-to-month,DSL,Electronic check,1,Yes,1,Yes,No,0
CUST_001407,37,54,116.22,6800.64,One year,DSL,Mailed check,1,Yes,1,No,Yes,1
CUST_001408,67,47,40.88,2047.57,Month-to-month,Fiber optic,Credit card,1,Yes,0,Yes,No,0
CUST_001409,18,38,84.91,3176.62,Month-to-month,Fiber optic,Mailed check,0,No,1,No,No,0
CUST_001410,34,67,41.18,2911.08,Month-to-month,Fiber optic,Mailed check,2,Yes,0,Yes,Yes,0
CUST_001411,21,62,21.8,1247.47,Month-to-month,DSL,Credit card,2,No,0,No,No,0
CUST_001412,50,31,95.86,2972.33,Month-to-month,Fiber optic,Bank transfer,3,No,1,No,Yes,1
CUST_001413,32,7,63.4,404.97,Two year,Fiber optic,Bank transfer,3,No,0,No,No,0
CUST_001414,63,1,114.68,107.72,One year,No,Mailed check,5,No,0,No,No,1
CUST_001415,51,17,73.43,1212.73,Two year,Fiber optic,Credit card,3,No,0,Yes,Yes,0
CUST_001416,62,5,35.75,164.16,One year,Fiber optic,Bank transfer,1,Yes,0,No,No,0
CUST_001417,54,16,64.98,1121.08,One year,Fiber optic,Bank transfer,2,No,0,No,No,1
CUST_001418,42,8,40.29,346.53,Month-to-month,Fiber optic,Bank transfer,4,No,0,No,Yes,0
CUST_001419,67,71,107.8,6895.01,Two year,Fiber optic,Mailed check,3,Yes,0,No,Yes,1
CUST_001420,45,7,89.09,573.71,Two year,DSL,Credit card,3,Yes,0,Yes,Yes,0
CUST_001421,72,46,54.12,2708.52,One year,No,Credit card,2,No,0,No,No,1
CUST_001422,74,26,72.78,1704.18,Month-to-month,Fiber optic,Bank transfer,7,Yes,0,Yes,Yes,0
CUST_001423,51,13,86.95,1233.54,One year,Fiber optic,Electronic check,1,Yes,0,Yes,Yes,0
CUST_001424,56,51,98.29,5085.79,Month-to-month,Fiber optic,Bank transfer,1,No,0,Yes,No,0
CUST_001425,32,70,28.01,1982.04,Month-to-month,Fiber optic,Electronic check,4,No,1,Yes,Yes,0
CUST_001426,64,57,22.25,1150.32,One year,DSL,Bank transfer,0,Yes,0,Yes,No,0
CUST_001427,56,71,31.45,2171.66,Two year,DSL,Electronic check,1,No,0,No,No,0
CUST_001428,69,43,59.5,2730.74,Month-to-month,DSL,Credit card,3,No,0,No,No,1
CUST_001429,33,49,66.67,3151.51,Month-to-month,DSL,Credit card,6,Yes,1,Yes,No,1
CUST_001430,62,11,33.65,400.16,Two year,DSL,Electronic check,3,No,0,No,Yes,0
CUST_001431,44,62,61.12,3800.79,Month-to-month,Fiber optic,Bank transfer,4,No,0,Yes,No,0
CUST_001432,28,54,64.16,3699.1,Month-to-month,DSL,Credit card,0,No,1,Yes,No,0
CUST_001433,27,19,30.91,620.52,One year,No,Electronic check,2,No,0,Yes,Yes,0
CUST_001434,50,26,111.67,2882.24,Two year,No,Electronic check,1,No,0,No,Yes,0
CUST_001435,36,44,79.91,3751.5,Month-to-month,DSL,Mailed check,0,Yes,0,No,No,0
CUST_001436,23,1,58.85,63.12,Month-to-month,Fiber optic,Credit card,1,No,0,No,No,1
CUST_001437,42,59,70.69,4555.79,Month-to-month,Fiber optic,Mailed check,2,Yes,1,No,Yes,0
CUST_001438,55,21,51.42,988.18,Month-to-month,No,Electronic check,3,No,0,No,No,1
CUST_001439,36,6,105.43,671.64,One year,Fiber optic,Electronic check,3,Yes,1,Yes,Yes,0
CUST_001440,72,24,77.5,1921.79,Two year,Fiber optic,Mailed check,0,Yes,0,No,No,0
CUST_001441,62,61,69.49,4408.75,Month-to-month,DSL,Electronic check,2,Yes,0,No,No,0
CUST_001442,47,20,111.09,2411.5,Month-to-month,No,Bank transfer,3,No,0,No,Yes,1
CUST_001443,71,39,103.8,3674.97,Month-to-month,DSL,Electronic check,4,No,0,No,No,1
CUST_001444,42,59,101.28,6280.58,Month-to-month,No,Bank transfer,2,No,0,No,No,0
CUST_001445,25,3,42.56,124.5,Month-to-month,DSL,Bank transfer,5,No,0,Yes,No,0
CUST_001446,20,55,35.31,1982.18,Month-to-month,Fiber optic,Credit card,5,No,0,No,No,0
CUST_001447,71,21,89.01,1770.41,One year,Fiber optic,Electronic check,2,No,0,Yes,No,1
CUST_001448,72,51,66.86,3267.38,Month-to-month,DSL,Bank transfer,1,Yes,0,Yes,No,0
CUST_001449,60,14,88.37,1266.0,One year,DSL,Bank transfer,0,Yes,0,No,No,1
CUST_001450,23,11,96.06,1028.87,Month-to-month,DSL,Mailed check,7,No,1,Yes,No,0
CUST_001451,34,57,49.53,2709.07,Two year,Fiber optic,Electronic check,4,No,0,No,No,0
CUST_001452,20,59,48.47,2594.26,Two year,Fiber optic,Electronic check,3,No,0,Yes,No,0
CUST_001453,20,71,69.08,4564.24,Month-to-month,DSL,Bank transfer,4,Yes,0,No,No,1
CUST_001454,32,49,47.35,2370.56,Month-to-month,Fiber optic,Mailed check,8,No,0,Yes,Yes,0
CUST_001455,50,34,86.73,2893.33,One year,DSL,Credit card,1,No,0,Yes,No,0
CUST_001456,21,15,94.67,1286.4,Month-to-month,Fiber optic,Credit card,0,No,0,Yes,No,0
CUST_001457,74,22,67.2,1434.24,Month-to-month,Fiber optic,Bank transfer,2,Yes,0,No,No,0
CUST_001458,43,47,92.38,4224.89,Month-to-month,No,Credit card,1,Yes,0,Yes,Yes,0
CUST_001459,33,25,71.04,1679.97,Two year,No,Bank transfer,4,Yes,0,Yes,No,1
CUST_001460,47,35,91.29,2982.03,Month-to-month,DSL,Electronic check,1,No,0,Yes,Yes,1
CUST_001461,63,13,42.5,498.3,Month-to-month,DSL,Electronic check,1,No,0,Yes,No,0
CUST_001462,35,32,93.88,3081.8,Month-to-month,No,Credit card,0,No,0,No,No,0
CUST_001463,20,18,91.51,1735.37,One year,DSL,Mailed check,4,Yes,0,No,No,0
CUST_001464,20,9,46.66,397.46,Month-to-month,DSL,Credit card,2,Yes,0,No,No,0
CUST_001465,66,10,75.6,729.57,Two year,DSL,Electronic check,2,No,0,Yes,Yes,0
CUST_001466,24,38,105.53,4330.72,One year,Fiber optic,Electronic check,1,Yes,0,No,No,1
CUST_001467,54,27,44.95,1326.85,Month-to-month,Fiber optic,Bank transfer,3,No,0,No,No,0
CUST_001468,39,8,93.6,758.78,Month-to-month,No,Credit card,1,No,0,Yes,Yes,0
CUST_001469,62,38,115.4,4296.83,Two year,Fiber optic,Credit card,4,Yes,0,No,No,1
CUST_001470,21,12,106.62,1403.92,One year,DSL,Electronic check,5,No,0,Yes,No,1
CUST_001471,69,2,60.15,109.67,Month-to-month,Fiber optic,Mailed check,2,No,0,Yes,No,0
CUST_001472,57,10,80.72,774.18,Month-to-month,Fiber optic,Bank transfer,2,No,0,No,No,1
CUST_001473,43,33,119.18,3952.89,Month-to-month,DSL,Credit card,3,Yes,1,No,Yes,1
CUST_001474,29,69,76.84,5033.31,Month-to-month,No,Electronic check,4,Yes,0,No,Yes,0
CUST_001475,73,18,31.5,614.99,Month-to-month,Fiber optic,Bank transfer,4,No,0,No,No,0
CUST_001476,35,21,24.54,518.0,Month-to-month,Fiber optic,Electronic check,1,Yes,0,No,Yes,0
CUST_001477,45,18,99.03,1921.64,Month-to-month,No,Bank transfer,6,Yes,0,No,No,0
CUST_001478,40,26,62.36,1566.41,Two year,Fiber optic,Electronic check,4,No,0,No,No,0
CUST_001479,31,52,44.68,2167.9,One year,Fiber optic,Credit card,1,No,0,No,Yes,0
CUST_001480,41,24,54.77,1423.85,Two year,Fiber optic,Electronic check,4,No,0,No,No,1
CUST_001481,26,48,95.74,4575.68,One year,No,Bank transfer,1,No,0,Yes,No,0
CUST_001482,18,65,66.52,4577.24,One year,No,Bank transfer,0,Yes,0,Yes,No,0
CUST_001483,34,69,106.85,7100.48,Month-to-month,Fiber optic,Electronic check,3,Yes,0,No,No,1
CUST_001484,24,41,93.49,3533.63,One year,DSL,Electronic check,3,No,0,Yes,No,1
CUST_001485,41,52,117.4,6267.86,Month-to-month,No,Bank transfer,2,No,0,No,No,0
CUST_001486,67,67,108.85,6947.65,Month-to-month,No,Bank transfer,1,No,0,Yes,Yes,0
CUST_001487,27,57,45.45,2806.56,Two year,Fiber optic,Bank transfer,2,Yes,1,Yes,No,0
CUST_001488,18,22,85.91,1812.13,Two year,No,Bank transfer,5,No,0,Yes,No,0
CUST_001489,24,10,22.05,211.08,Month-to-month,Fiber optic,Electronic check,1,Yes,0,Yes,No,0
CUST_001490,46,9,119.11,1126.43,One year,Fiber optic,Credit card,4,Yes,0,Yes,Yes,1
CUST_001491,33,64,46.1,2878.03,Month-to-month,Fiber optic,Electronic check,3,No,0,Yes,No,0
CUST_001492,45,41,86.48,3292.48,Month-to-month,DSL,Bank transfer,3,No,0,No,Yes,0
CUST_001493,19,22,104.92,2187.83,Month-to-month,Fiber optic,Credit card,4,No,0,Yes,No,1
CUST_001494,36,25,36.05,930.68,Month-to-month,Fiber optic,Credit card,0,No,0,Yes,No,0
CUST_001495,41,21,104.79,2034.95,One year,DSL,Electronic check,1,No,0,Yes,Yes,1
CUST_001496,42,58,21.22,1279.1,Month-to-month,DSL,Electronic check,2,Yes,0,Yes,No,0
CUST_001497,49,45,64.2,3147.8,Month-to-month,Fiber optic,Bank transfer,3,No,0,No,No,1
CUST_001498,62,64,67.2,3988.23,Two year,Fiber optic,Electronic check,3,Yes,0,No,No,0
CUST_001499,44,22,57.41,1207.0,Month-to-month,No,Bank transfer,4,No,0,Yes,No,1
CUST_001500,65,35,78.64,2664.67,Month-to-month,DSL,Mailed check,2,No,0,Yes,No,0
CUST_001501,48,9,111.48,1020.77,Month-to-month,No,Electronic check,3,No,0,Yes,No,1
CUST_001502,32,70,52.7,3797.97,Month-to-month,DSL,Mailed check,3,No,0,No,No,0
CUST_001503,31,37,77.93,3151.12,Month-to-month,DSL,Bank transfer,0,Yes,0,Yes,No,0
CUST_001504,36,40,107.75,4726.84,One year,Fiber optic,Bank transfer,2,Yes,0,No,Yes,0
CUST_001505,52,30,97.3,2813.94,Two year,Fiber optic,Mailed check,4,Yes,0,Yes,No,0
CUST_001506,31,20,24.07,453.17,Month-to-month,Fiber optic,Electronic check,0,No,0,No,No,0
CUST_001507,70,69,114.28,7490.11,Month-to-month,DSL,Mailed check,1,Yes,0,Yes,Yes,1
CUST_001508,45,36,24.66,907.35,Month-to-month,DSL,Bank transfer,4,No,1,Yes,No,1
CUST_001509,67,49,78.88,3686.12,Two year,Fiber optic,Bank transfer,1,No,1,Yes,Yes,1
CUST_001510,56,3,77.54,247.3,Month-to-month,DSL,Credit card,8,No,0,No,No,1
CUST_001511,37,20,98.64,1958.12,Month-to-month,DSL,Credit card,1,Yes,1,No,Yes,0
CUST_001512,31,58,34.84,1823.08,Two year,DSL,Mailed check,5,Yes,0,No,No,0
CUST_001513,60,7,37.94,280.8,One year,DSL,Credit card,1,No,0,Yes,No,1
CUST_001514,36,8,95.21,749.89,Month-to-month,Fiber optic,Electronic check,3,No,0,No,Yes,1
CUST_001515,32,59,34.95,2265.31,Month-to-month,DSL,Bank transfer,1,No,0,Yes,No,0
CUST_001516,71,23,66.94,1620.4,Month-to-month,Fiber optic,Mailed check,2,Yes,0,No,No,0
CUST_001517,45,20,93.16,1885.45,Two year,Fiber optic,Bank transfer,0,Yes,0,No,No,0
CUST_001518,20,41,85.12,3225.86,Month-to-month,Fiber optic,Bank transfer,4,Yes,1,Yes,Yes,1
CUST_001519,46,15,41.06,618.52,Month-to-month,Fiber optic,Electronic check,4,No,0,No,No,1
CUST_001520,44,4,50.4,206.18,One year,Fiber optic,Credit card,2,No,0,No,Yes,1
CUST_001521,67,1,116.9,125.2,Month-to-month,No,Credit card,3,Yes,0,No,No,1
CUST_001522,58,6,64.87,413.46,Month-to-month,DSL,Credit card,8,No,0,Yes,No,1
CUST_001523,28,12,24.45,318.99,Two year,No,Mailed check,1,Yes,0,No,Yes,0
CUST_001524,26,51,41.96,2229.62,Month-to-month,DSL,Credit card,2,No,0,Yes,No,0
CUST_001525,52,22,54.24,1188.43,Two year,Fiber optic,Bank transfer,2,No,0,Yes,No,0
CUST_001526,20,6,119.95,706.96,One year,Fiber optic,Bank transfer,1,No,0,No,No,1
CUST_001527,36,2,50.27,100.07,Month-to-month,DSL,Mailed check,2,Yes,0,Yes,No,1
CUST_001528,25,35,22.64,761.07,One year,DSL,Credit card,4,No,0,Yes,No,0
CUST_001529,19,61,71.29,4036.16,One year,DSL,Bank transfer,0,No,0,No,No,0
CUST_001530,70,25,28.36,674.43,One year,DSL,Bank transfer,3,Yes,0,Yes,Yes,0
CUST_001531,23,5,47.41,246.2,One year,Fiber optic,Credit card,1,Yes,0,No,No,0
CUST_001532,18,17,119.24,1856.44,Month-to-month,DSL,Electronic check,2,No,0,No,No,1
CUST_001533,71,36,90.46,3185.7,Month-to-month,No,Bank transfer,1,No,0,Yes,No,0
CUST_001534,28,14,25.07,328.26,One year,No,Electronic check,1,No,0,No,No,0
CUST_001535,64,71,64.87,4779.55,Month-to-month,DSL,Mailed check,3,Yes,0,No,No,0
CUST_001536,19,55,37.16,1976.26,Month-to-month,DSL,Electronic check,0,Yes,1,Yes,No,0
CUST_001537,26,25,32.29,811.12,Month-to-month,Fiber optic,Electronic check,3,No,0,Yes,No,0
CUST_001538,24,69,78.71,5795.88,Month-to-month,No,Mailed check,3,Yes,1,Yes,No,0
CUST_001539,58,24,70.57,1703.22,One year,Fiber optic,Electronic check,2,Yes,0,No,No,1
CUST_001540,53,11,94.29,995.4,Two year,DSL,Electronic check,5,Yes,0,Yes,Yes,0
CUST_001541,45,68,109.23,7571.53,Two year,No,Bank transfer,3,No,0,Yes,No,0
CUST_001542,31,70,44.67,3423.8,Month-to-month,Fiber optic,Electronic check,2,Yes,1,No,No,0
CUST_001543,23,23,112.3,2618.45,Month-to-month,DSL,Electronic check,2,No,1,No,No,1
CUST_001544,50,43,71.8,2991.51,Two year,No,Electronic check,3,No,0,No,No,0
CUST_001545,31,13,45.88,628.67,Month-to-month,No,Electronic check,2,No,0,Yes,Yes,0
CUST_001546,51,47,104.58,5032.73,One year,Fiber optic,Electronic check,3,Yes,0,No,No,0
CUST_001547,57,50,23.55,1287.54,One year,DSL,Credit card,3,Yes,0,No,No,0
CUST_001548,66,52,75.95,3678.88,Month-to-month,Fiber optic,Bank transfer,2,Yes,0,No,No,1
CUST_001549,46,41,92.16,4147.32,Month-to-month,DSL,Mailed check,3,No,0,No,No,0
CUST_001550,18,51,48.0,2545.14,One year,Fiber optic,Mailed check,3,No,0,Yes,Yes,0
CUST_001551,33,40,106.35,4350.83,Month-to-month,DSL,Electronic check,3,No,0,Yes,No,0
CUST_001552,66,60,44.03,2779.61,Two year,Fiber optic,Bank transfer,2,No,1,Yes,No,0
CUST_001553,48,13,103.99,1257.51,One year,Fiber optic,Credit card,3,Yes,0,Yes,Yes,1
CUST_001554,53,35,27.85,927.23,Month-to-month,No,Electronic check,5,No,0,Yes,Yes,0
CUST_001555,44,30,35.99,997.4,One year,No,Electronic check,3,No,0,Yes,No,0
CUST_001556,27,39,58.1,2262.45,Month-to-month,DSL,Bank transfer,2,No,0,Yes,Yes,0
CUST_001557,69,11,105.41,1162.51,Month-to-month,DSL,Electronic check,2,No,0,No,No,1
CUST_001558,62,24,34.46,893.58,Two year,Fiber optic,Electronic check,0,No,0,No,No,0
CUST_001559,74,69,107.54,7334.84,One year,DSL,Bank transfer,1,No,0,No,No,0
CUST_001560,66,8,42.97,358.83,One year,DSL,Bank transfer,6,Yes,0,Yes,Yes,0
CUST_001561,34,46,65.25,2943.84,Two year,Fiber optic,Electronic check,4,No,0,Yes,No,0
CUST_001562,32,48,55.27,2811.01,Month-to-month,Fiber optic,Credit card,2,Yes,0,Yes,No,0
CUST_001563,32,35,31.81,1027.96,Month-to-month,DSL,Electronic check,2,No,0,No,No,0
CUST_001564,70,3,114.43,316.09,Month-to-month,Fiber optic,Electronic check,7,No,0,No,No,1
CUST_001565,49,3,63.82,184.66,Month-to-month,No,Bank transfer,1,Yes,0,Yes,No,0
CUST_001566,43,20,89.03,1957.09,Month-to-month,Fiber optic,Bank transfer,1,No,1,Yes,No,0
CUST_001567,73,8,77.53,624.46,Month-to-month,DSL,Bank transfer,5,No,0,Yes,No,1
CUST_001568,52,7,70.17,506.07,One year,Fiber optic,Bank transfer,4,No,0,Yes,No,1
CUST_001569,69,12,81.66,901.16,Month-to-month,No,Bank transfer,4,Yes,0,Yes,No,1
CUST_001570,74,14,109.83,1503.72,One year,DSL,Credit card,2,Yes,1,No,No,0
CUST_001571,22,61,89.93,5958.63,Two year,Fiber optic,Bank transfer,2,No,0,Yes,No,0
CUST_001572,38,46,73.25,3416.53,Two year,Fiber optic,Mailed check,3,No,0,No,Yes,0
CUST_001573,59,3,84.52,231.11,Month-to-month,Fiber optic,Bank transfer,5,No,0,Yes,No,1
CUST_001574,64,46,80.64,3969.19,Two year,DSL,Electronic check,3,No,0,Yes,No,0
CUST_001575,26,10,63.31,583.26,Two year,No,Bank transfer,3,No,0,No,No,0
CUST_001576,36,31,82.48,2617.53,Month-to-month,DSL,Electronic check,2,Yes,0,Yes,No,1
CUST_001577,49,3,64.36,179.63,Month-to-month,DSL,Mailed check,4,No,0,No,No,0
CUST_001578,63,7,95.76,720.23,Month-to-month,DSL,Bank transfer,2,Yes,0,Yes,No,1
CUST_001579,24,10,116.89,1279.53,One year,Fiber optic,Bank transfer,4,No,0,No,No,1
CUST_001580,52,32,115.99,3532.7,One year,DSL,Electronic check,1,No,1,No,Yes,0
CUST_001581,34,34,102.07,3711.74,Month-to-month,Fiber optic,Mailed check,1,No,0,Yes,No,0
CUST_001582,30,26,80.18,2254.01,One year,No,Credit card,2,Yes,0,Yes,Yes,0
CUST_001583,47,45,94.93,4493.39,Month-to-month,DSL,Credit card,4,Yes,0,Yes,No,0
CUST_001584,41,52,37.8,2074.23,Month-to-month,No,Mailed check,3,No,0,Yes,No,0
CUST_001585,54,53,67.9,3743.65,Two year,No,Electronic check,4,No,1,Yes,No,0
CUST_001586,36,42,45.73,1755.42,Two year,DSL,Mailed check,2,No,0,No,No,0
CUST_001587,64,40,20.35,790.5,One year,Fiber optic,Mailed check,2,No,0,Yes,No,0
CUST_001588,22,36,116.67,4038.12,Month-to-month,No,Electronic check,2,No,0,No,No,1
CUST_001589,67,18,106.38,1803.28,Month-to-month,Fiber optic,Credit card,2,Yes,1,No,No,0
CUST_001590,19,36,71.37,2548.75,Month-to-month,Fiber optic,Mailed check,5,Yes,0,No,Yes,0
CUST_001591,59,1,45.42,43.25,Month-to-month,No,Mailed check,2,No,0,No,No,1
CUST_001592,37,70,89.3,6283.36,Month-to-month,Fiber optic,Mailed check,1,Yes,0,No,Yes,0
CUST_001593,39,27,63.48,1707.32,Two year,DSL,Electronic check,3,No,0,Yes,Yes,0
CUST_001594,19,55,100.33,4975.14,One year,DSL,Mailed check,2,No,0,Yes,Yes,0
CUST_001595,58,69,119.95,7666.07,Month-to-month,Fiber optic,Mailed check,6,No,0,No,No,1
CUST_001596,27,36,54.91,2011.14,Month-to-month,Fiber optic,Electronic check,4,No,0,Yes,No,0
CUST_001597,55,63,44.44,3068.05,Month-to-month,DSL,Bank transfer,1,No,0,Yes,No,0
CUST_001598,59,35,46.74,1660.77,Month-to-month,DSL,Mailed check,0,No,1,No,Yes,0
CUST_001599,66,10,29.33,318.53,One year,No,Bank transfer,4,No,0,Yes,No,0
CUST_001600,58,2,59.4,130.49,Month-to-month,Fiber optic,Credit card,2,No,0,Yes,No,1
CUST_001601,35,10,21.74,225.42,Two year,DSL,Mailed check,1,Yes,1,Yes,No,0
CUST_001602,60,68,31.44,2176.22,Month-to-month,DSL,Mailed check,3,No,1,Yes,No,0
CUST_001603,65,35,47.17,1677.26,Month-to-month,DSL,Credit card,5,Yes,0,Yes,No,0
CUST_001604,36,23,35.99,778.35,Two year,DSL,Mailed check,0,Yes,0,No,No,0
CUST_001605,25,33,93.22,2870.93,Month-to-month,Fiber optic,Mailed check,3,No,1,Yes,Yes,1
CUST_001606,68,19,30.56,557.24,Month-to-month,DSL,Credit card,1,Yes,0,No,No,0
CUST_001607,26,63,106.6,6488.38,One year,No,Bank transfer,5,Yes,0,Yes,Yes,0
CUST_001608,51,72,42.11,2897.1,Month-to-month,DSL,Credit card,1,No,1,Yes,No,0
CUST_001609,31,7,30.86,202.73,Month-to-month,DSL,Mailed check,3,No,0,Yes,Yes,1
CUST_001610,25,52,21.01,1147.99,Month-to-month,No,Mailed check,3,No,0,Yes,No,0
CUST_001611,62,25,91.52,2229.86,Month-to-month,Fiber optic,Electronic check,1,No,0,No,No,0
CUST_001612,26,4,45.66,185.63,Month-to-month,DSL,Electronic check,4,No,0,Yes,No,0
CUST_001613,56,67,70.95,4656.5,Month-to-month,DSL,Mailed check,1,No,0,Yes,No,0
CUST_001614,57,5,31.16,153.91,One year,Fiber optic,Electronic check,2,Yes,0,No,Yes,0
CUST_001615,21,15,118.53,1751.6,Two year,Fiber optic,Mailed check,0,Yes,0,Yes,Yes,1
CUST_001616,27,2,32.54,66.06,Month-to-month,No,Electronic check,2,Yes,0,Yes,No,0
CUST_001617,63,34,61.19,1968.79,Month-to-month,Fiber optic,Electronic check,2,No,0,Yes,No,0
CUST_001618,46,44,105.16,5074.23,Month-to-month,No,Mailed check,3,Yes,0,Yes,No,1
CUST_001619,24,24,44.49,1089.34,Month-to-month,Fiber optic,Bank transfer,2,No,0,Yes,No,0
CUST_001620,74,6,46.7,291.12,Month-to-month,Fiber optic,Electronic check,3,No,0,Yes,No,1
CUST_001621,33,9,100.85,879.66,One year,Fiber optic,Bank transfer,1,No,0,Yes,No,1
CUST_001622,18,68,47.33,3450.39,Month-to-month,Fiber optic,Electronic check,3,No,0,Yes,No,0
CUST_001623,70,59,20.29,1165.28,Month-to-month,Fiber optic,Electronic check,1,Yes,0,Yes,No,0
CUST_001624,18,68,62.79,4554.62,One year,Fiber optic,Credit card,1,Yes,0,No,No,0
CUST_001625,49,39,21.25,783.48,Two year,DSL,Credit card,1,No,0,Yes,No,0
CUST_001626,74,40,110.98,4737.74,Month-to-month,Fiber optic,Mailed check,4,No,0,Yes,Yes,0
CUST_001627,50,57,84.18,5231.05,Month-to-month,DSL,Mailed check,2,Yes,0,No,No,0
CUST_001628,51,45,78.3,3314.15,Two year,Fiber optic,Credit card,1,No,1,No,No,0
CUST_001629,40,32,40.16,1165.19,Month-to-month,DSL,Mailed check,1,Yes,0,Yes,Yes,0
CUST_001630,25,22,89.99,2107.92,One year,DSL,Electronic check,3,Yes,0,No,No,1
CUST_001631,50,35,87.73,3121.91,One year,DSL,Electronic check,2,Yes,0,No,No,0
CUST_001632,69,5,26.05,123.6,Month-to-month,DSL,Electronic check,4,No,0,No,No,0
CUST_001633,23,14,108.08,1523.87,Month-to-month,DSL,Bank transfer,1,No,0,No,No,0
CUST_001634,68,54,77.94,4616.16,Month-to-month,DSL,Bank transfer,1,No,0,No,Yes,0
CUST_001635,41,63,99.25,6805.32,Month-to-month,Fiber optic,Electronic check,3,No,0,No,No,0
CUST_001636,48,8,46.29,356.06,Month-to-month,Fiber optic,Electronic check,2,No,0,Yes,No,0
CUST_001637,27,7,32.2,233.91,One year,No,Electronic check,2,Yes,0,No,No,1
CUST_001638,53,7,90.24,633.02,One year,No,Bank transfer,3,No,0,Yes,No,0
CUST_001639,28,57,99.39,5423.35,Two year,DSL,Credit card,6,Yes,0,Yes,No,1
CUST_001640,33,23,58.6,1251.58,Two year,Fiber optic,Mailed check,4,No,0,Yes,No,1
CUST_001641,59,24,22.37,496.83,One year,Fiber optic,Bank transfer,3,No,0,No,No,0
CUST_001642,20,1,101.83,92.14,Month-to-month,Fiber optic,Electronic check,6,No,0,Yes,No,1
CUST_001643,43,71,40.61,2963.23,Month-to-month,Fiber optic,Bank transfer,6,No,1,No,No,0
CUST_001644,51,32,53.9,1645.76,One year,Fiber optic,Mailed check,6,No,0,No,No,0
CUST_001645,25,58,82.82,4885.65,One year,Fiber optic,Electronic check,1,Yes,1,Yes,Yes,0
CUST_001646,34,51,30.0,1608.39,Month-to-month,Fiber optic,Mailed check,2,No,1,Yes,Yes,0
CUST_001647,37,11,27.2,269.57,One year,Fiber optic,Credit card,2,Yes,0,Yes,Yes,0
CUST_001648,55,58,22.57,1294.22,Month-to-month,DSL,Electronic check,5,No,0,No,No,0
CUST_001649,73,40,111.66,4262.51,Month-to-month,No,Mailed check,3,No,0,Yes,Yes,1
CUST_001650,65,44,51.14,2301.32,Two year,No,Credit card,3,Yes,0,No,No,0
CUST_001651,28,15,86.07,1198.97,Month-to-month,DSL,Bank transfer,1,Yes,0,No,No,0
CUST_001652,19,61,118.92,7356.35,Month-to-month,Fiber optic,Mailed check,5,No,1,Yes,No,1
CUST_001653,20,68,86.95,6014.4,One year,No,Electronic check,2,No,0,No,Yes,0
CUST_001654,51,30,72.51,2235.98,One year,Fiber optic,Credit card,3,No,0,Yes,Yes,0
CUST_001655,26,7,72.09,464.37,Month-to-month,DSL,Electronic check,3,No,0,Yes,No,0
CUST_001656,31,62,57.69,3919.59,One year,Fiber optic,Electronic check,1,No,0,No,No,0
CUST_001657,66,64,79.98,5053.69,Month-to-month,Fiber optic,Electronic check,2,No,1,Yes,No,0
CUST_001658,67,37,115.88,4252.28,One year,DSL,Mailed check,2,No,0,Yes,Yes,0
CUST_001659,65,42,98.8,4330.56,Month-to-month,Fiber optic,Bank transfer,4,No,0,Yes,No,0
CUST_001660,32,17,62.42,1151.2,Two year,Fiber optic,Credit card,1,No,0,No,No,1
CUST_001661,53,5,53.24,276.01,One year,DSL,Mailed check,2,Yes,0,No,No,0
CUST_001662,52,68,108.35,7613.45,Month-to-month,No,Credit card,3,No,0,Yes,No,0
CUST_001663,28,35,33.58,1221.06,Month-to-month,DSL,Bank transfer,0,Yes,0,Yes,No,0
CUST_001664,49,20,104.96,2174.28,Month-to-month,Fiber optic,Bank transfer,4,No,0,No,Yes,1
CUST_001665,47,50,45.51,2293.88,One year,Fiber optic,Electronic check,0,No,0,Yes,No,0
CUST_001666,40,2,91.56,183.68,One year,DSL,Electronic check,2,No,0,Yes,No,1
CUST_001667,60,6,100.62,600.86,One year,Fiber optic,Bank transfer,2,Yes,0,No,Yes,1
CUST_001668,56,18,67.7,1282.6,Two year,Fiber optic,Bank transfer,5,Yes,0,No,No,0
CUST_001669,48,33,39.23,1286.15,Month-to-month,Fiber optic,Electronic check,1,No,0,Yes,No,0
CUST_001670,59,27,104.48,2616.44,One year,Fiber optic,Mailed check,2,Yes,0,Yes,Yes,0
CUST_001671,61,14,56.75,792.7,Month-to-month,No,Mailed check,2,Yes,0,Yes,No,0
CUST_001672,50,26,52.07,1390.83,One year,No,Mailed check,6,Yes,0,No,No,1
CUST_001673,33,25,71.0,1798.06,Month-to-month,DSL,Electronic check,0,No,0,Yes,Yes,0
CUST_001674,61,38,63.51,2470.18,One year,Fiber optic,Electronic check,5,No,0,No,No,0
CUST_001675,58,41,88.31,3535.18,Month-to-month,Fiber optic,Electronic check,3,Yes,0,Yes,No,1
CUST_001676,74,64,33.72,2017.73,Month-to-month,No,Credit card,4,No,0,Yes,No,0
CUST_001677,26,59,63.57,3916.23,Month-to-month,No,Credit card,2,No,0,No,Yes,0
CUST_001678,41,22,109.17,2179.63,Two year,Fiber optic,Electronic check,2,No,0,No,Yes,0
CUST_001679,70,65,23.61,1459.36,Month-to-month,No,Electronic check,2,No,1,No,No,0
CUST_001680,47,38,65.73,2713.71,Month-to-month,Fiber optic,Mailed check,4,Yes,0,Yes,Yes,1
CUST_001681,71,14,86.05,1172.94,Month-to-month,DSL,Electronic check,4,No,0,Yes,No,1
CUST_001682,18,25,108.77,2628.99,Month-to-month,Fiber optic,Credit card,4,Yes,0,Yes,Yes,0
CUST_001683,20,54,79.38,3964.81,Two year,Fiber optic,Mailed check,2,Yes,0,Yes,No,0
CUST_001684,63,60,102.45,5840.59,Two year,Fiber optic,Credit card,3,No,0,Yes,Yes,0
CUST_001685,38,27,42.27,1104.67,Two year,Fiber optic,Electronic check,3,No,0,No,No,0
CUST_001686,47,12,55.28,634.12,Two year,Fiber optic,Credit card,3,No,0,No,Yes,0
CUST_001687,42,14,114.21,1518.68,Month-to-month,No,Bank transfer,1,No,0,No,No,1
CUST_001688,41,8,108.6,943.54,Month-to-month,DSL,Bank transfer,2,No,1,No,Yes,1
CUST_001689,71,51,75.8,3912.59,One year,Fiber optic,Credit card,2,Yes,0,No,Yes,0
CUST_001690,23,37,67.55,2274.13,One year,Fiber optic,Mailed check,1,No,0,Yes,No,1
CUST_001691,62,33,65.11,2333.89,Month-to-month,DSL,Electronic check,4,No,0,No,No,0
CUST_001692,68,49,25.88,1346.51,One year,Fiber optic,Mailed check,2,No,0,Yes,Yes,0
CUST_001693,55,60,109.24,6030.54,Month-to-month,Fiber optic,Credit card,1,No,0,Yes,No,0
CUST_001694,40,58,101.81,5592.32,Month-to-month,DSL,Credit card,2,No,0,Yes,Yes,1
CUST_001695,27,10,65.63,615.92,Month-to-month,No,Mailed check,8,No,0,Yes,No,1
CUST_001696,56,43,47.94,2139.94,Two year,Fiber optic,Bank transfer,4,No,0,No,Yes,0
CUST_001697,44,64,54.29,3545.03,One year,DSL,Electronic check,2,No,0,Yes,Yes,0
CUST_001698,26,56,32.32,1906.25,Month-to-month,DSL,Electronic check,1,No,0,No,No,0
CUST_001699,38,24,92.18,2215.67,Two year,Fiber optic,Bank transfer,2,No,0,No,Yes,0
CUST_001700,72,29,75.67,2107.64,Two year,No,Mailed check,5,Yes,1,No,No,0
CUST_001701,33,65,43.41,2676.39,Month-to-month,Fiber optic,Electronic check,1,No,0,Yes,No,0
CUST_001702,28,3,82.3,254.99,One year,DSL,Bank transfer,6,No,0,No,No,1
CUST_001703,56,38,117.92,4367.9,Month-to-month,DSL,Mailed check,0,Yes,0,Yes,Yes,0
CUST_001704,29,9,32.24,284.4,Month-to-month,Fiber optic,Mailed check,1,No,1,Yes,Yes,0
CUST_001705,70,65,65.85,4032.31,Month-to-month,Fiber optic,Electronic check,0,No,0,Yes,Yes,0
CUST_001706,66,3,69.42,220.2,Month-to-month,Fiber optic,Electronic check,2,No,0,Yes,No,0
CUST_001707,74,2,36.68,74.96,Month-to-month,DSL,Bank transfer,3,No,0,Yes,No,1
CUST_001708,70,24,73.16,1657.96,Month-to-month,Fiber optic,Credit card,3,No,1,Yes,No,1
CUST_001709,31,15,80.6,1188.91,Month-to-month,Fiber optic,Electronic check,4,No,1,Yes,No,1
CUST_001710,30,36,35.73,1339.16,One year,Fiber optic,Credit card,2,No,0,No,No,0
CUST_001711,37,22,35.47,810.17,One year,DSL,Bank transfer,4,Yes,0,No,No,0
CUST_001712,44,26,105.63,2719.04,Month-to-month,Fiber optic,Credit card,1,Yes,0,No,No,0
CUST_001713,68,41,51.14,2161.68,Month-to-month,Fiber optic,Bank transfer,5,Yes,0,Yes,No,1
CUST_001714,59,41,83.03,3487.38,Month-to-month,Fiber optic,Mailed check,0,No,0,No,No,0
CUST_001715,54,68,82.68,5156.13,Two year,DSL,Bank transfer,2,No,1,No,Yes,0
CUST_001716,68,35,103.92,3697.78,Two year,DSL,Mailed check,4,Yes,0,Yes,Yes,0
CUST_001717,54,41,93.99,3506.12,Month-to-month,Fiber optic,Electronic check,2,No,0,Yes,No,0
CUST_001718,39,49,104.06,5403.84,One year,DSL,Mailed check,2,Yes,0,Yes,No,0
CUST_001719,41,13,82.52,1142.93,One year,Fiber optic,Mailed check,3,Yes,0,Yes,Yes,0
CUST_001720,47,49,64.95,2897.62,Two year,Fiber optic,Mailed check,5,No,0,No,Yes,0
CUST_001721,23,63,59.36,3613.27,Month-to-month,DSL,Credit card,4,No,0,Yes,No,0
CUST_001722,60,23,57.9,1406.91,Month-to-month,Fiber optic,Mailed check,1,Yes,0,Yes,No,0
CUST_001723,55,13,61.84,830.17,One year,Fiber optic,Electronic check,3,Yes,0,No,Yes,0
CUST_001724,59,25,32.93,804.47,Month-to-month,DSL,Credit card,1,No,0,No,No,0
CUST_001725,48,20,62.4,1188.45,Month-to-month,No,Electronic check,2,No,1,No,No,1
CUST_001726,62,43,58.94,2430.56,Month-to-month,Fiber optic,Electronic check,4,No,1,Yes,Yes,0
CUST_001727,72,63,23.46,1366.27,Month-to-month,No,Credit card,2,No,0,No,No,0
CUST_001728,50,43,47.51,2246.33,One year,DSL,Credit card,1,No,0,Yes,No,0
CUST_001729,43,10,95.19,985.59,One year,No,Bank transfer,2,No,0,No,No,1
CUST_001730,23,23,77.79,1806.83,Month-to-month,No,Mailed check,2,Yes,0,No,No,1
CUST_001731,62,50,100.62,5518.97,Two year,DSL,Mailed check,1,No,0,No,Yes,0
CUST_001732,69,24,74.27,1736.45,Month-to-month,Fiber optic,Credit card,0,No,0,Yes,No,0
CUST_001733,57,43,105.41,4868.62,Two year,Fiber optic,Credit card,3,No,0,No,No,1
CUST_001734,67,50,99.61,5370.16,Month-to-month,Fiber optic,Electronic check,0,No,0,Yes,No,1
CUST_001735,67,24,29.83,661.67,Two year,Fiber optic,Credit card,3,No,0,No,No,0
CUST_001736,63,47,117.7,6075.02,Two year,No,Bank transfer,1,No,0,No,No,0
CUST_001737,46,29,21.47,653.69,Two year,Fiber optic,Electronic check,1,No,0,Yes,No,0
CUST_001738,23,10,79.68,772.02,Two year,No,Electronic check,2,No,0,Yes,No,0
CUST_001739,18,27,99.25,2627.86,Month-to-month,No,Electronic check,2,No,1,No,No,1
CUST_001740,29,32,53.19,1556.01,One year,No,Credit card,1,Yes,0,Yes,No,0
CUST_001741,42,1,79.86,84.4,One year,Fiber optic,Mailed check,0,No,0,Yes,No,0
CUST_001742,60,65,56.21,3511.03,Month-to-month,Fiber optic,Bank transfer,1,Yes,1,No,No,0
CUST_001743,43,39,26.06,984.22,Two year,No,Electronic check,2,No,0,No,No,0
CUST_001744,19,3,20.85,62.76,Month-to-month,Fiber optic,Bank transfer,2,No,0,No,No,0
CUST_001745,29,63,29.49,1860.0,Month-to-month,DSL,Mailed check,1,Yes,0,No,Yes,0
CUST_001746,73,62,29.84,1741.51,Two year,Fiber optic,Credit card,0,No,1,No,Yes,0
CUST_001747,74,1,81.09,73.17,Month-to-month,DSL,Mailed check,2,Yes,1,Yes,No,1
CUST_001748,39,12,72.59,908.31,Month-to-month,No,Bank transfer,3,No,0,Yes,No,0
CUST_001749,63,27,65.55,1747.71,Month-to-month,Fiber optic,Bank transfer,1,Yes,0,No,No,0
CUST_001750,59,37,89.19,3444.27,One year,Fiber optic,Mailed check,5,No,0,No,No,1
CUST_001751,71,53,21.68,1123.26,Two year,DSL,Credit card,6,No,0,No,No,0
CUST_001752,68,31,47.1,1422.72,Month-to-month,Fiber optic,Mailed check,4,No,0,No,Yes,1
CUST_001753,53,45,97.74,4755.91,One year,DSL,Credit card,4,Yes,0,No,Yes,0
CUST_001754,40,1,111.0,105.86,One year,Fiber optic,Electronic check,3,No,0,Yes,Yes,1
CUST_001755,53,48,63.83,2992.04,One year,Fiber optic,Bank transfer,3,No,1,No,No,0
CUST_001756,36,66,28.15,1803.56,One year,Fiber optic,Credit card,0,No,0,Yes,Yes,0
CUST_001757,37,38,99.87,3563.57,Two year,DSL,Credit card,1,Yes,0,No,Yes,0
CUST_001758,52,33,108.52,3368.15,Month-to-month,Fiber optic,Mailed check,1,No,0,Yes,Yes,1
CUST_001759,50,22,61.37,1470.62,Month-to-month,Fiber optic,Mailed check,6,Yes,0,Yes,No,1
CUST_001760,51,69,44.34,2812.2,One year,No,Credit card,6,Yes,0,Yes,No,0
CUST_001761,39,3,24.4,76.29,Month-to-month,No,Electronic check,2,No,0,No,Yes,0
CUST_001762,41,21,79.11,1533.01,Month-to-month,Fiber optic,Credit card,0,No,0,No,Yes,0
CUST_001763,18,10,110.99,1033.96,Month-to-month,DSL,Electronic check,2,No,1,No,No,1
CUST_001764,52,63,87.79,5788.15,Month-to-month,DSL,Electronic check,5,Yes,0,No,No,1
CUST_001765,50,35,51.72,1857.12,Two year,No,Bank transfer,2,Yes,0,Yes,No,0
CUST_001766,71,67,84.29,5482.05,Month-to-month,No,Mailed check,2,Yes,1,Yes,Yes,0
CUST_001767,46,48,103.21,4701.37,One year,DSL,Mailed check,1,No,0,Yes,Yes,0
CUST_001768,44,41,67.58,2725.35,One year,Fiber optic,Electronic check,4,Yes,1,Yes,No,0
CUST_001769,21,38,101.97,4163.75,Month-to-month,Fiber optic,Credit card,2,No,0,No,Yes,1
CUST_001770,29,15,59.19,927.91,Month-to-month,DSL,Bank transfer,4,No,0,No,No,0
CUST_001771,37,41,54.85,2427.67,Month-to-month,No,Credit card,2,No,1,Yes,No,0
CUST_001772,39,50,78.3,3748.77,Month-to-month,No,Electronic check,2,No,0,No,No,1
CUST_001773,38,70,66.47,4620.73,Month-to-month,No,Mailed check,4,Yes,1,No,No,0
CUST_001774,40,40,117.71,4865.97,One year,DSL,Electronic check,4,No,0,Yes,No,1
CUST_001775,61,68,71.64,5232.81,Month-to-month,Fiber optic,Mailed check,5,No,0,No,No,0
CUST_001776,25,69,58.52,4126.02,Month-to-month,No,Electronic check,5,Yes,0,Yes,Yes,0
CUST_001777,36,38,59.49,2056.63,Month-to-month,Fiber optic,Electronic check,1,Yes,0,Yes,Yes,1
CUST_001778,27,32,74.79,2367.47,Month-to-month,Fiber optic,Mailed check,5,Yes,0,Yes,No,0
CUST_001779,35,11,55.49,654.39,Month-to-month,Fiber optic,Bank transfer,1,No,0,Yes,No,0
CUST_001780,57,20,92.29,1952.32,Two year,DSL,Mailed check,2,No,0,Yes,No,1
CUST_001781,20,64,58.07,4055.6,Month-to-month,Fiber optic,Mailed check,1,No,0,Yes,No,0
CUST_001782,37,10,58.41,613.01,Month-to-month,No,Mailed check,1,No,0,Yes,No,1
CUST_001783,19,29,81.7,2208.82,One year,DSL,Mailed check,4,No,0,No,Yes,1
CUST_001784,72,51,26.08,1250.68,One year,DSL,Bank transfer,4,No,0,Yes,No,0
CUST_001785,59,18,85.54,1492.17,One year,Fiber optic,Credit card,2,Yes,0,Yes,Yes,0
CUST_001786,31,71,70.5,4620.2,Month-to-month,Fiber optic,Credit card,3,No,0,No,No,0
CUST_001787,29,47,65.3,3187.77,One year,DSL,Electronic check,4,No,0,No,No,0
CUST_001788,23,3,91.93,267.98,Month-to-month,DSL,Mailed check,6,No,0,No,No,1
CUST_001789,44,18,95.83,1620.16,One year,Fiber optic,Credit card,4,No,0,No,Yes,1
CUST_001790,60,54,104.63,5351.55,Month-to-month,DSL,Credit card,0,Yes,0,No,No,0
CUST_001791,51,63,57.48,3940.5,One year,Fiber optic,Mailed check,4,No,0,Yes,Yes,0
CUST_001792,68,67,52.7,3721.26,One year,Fiber optic,Mailed check,1,No,0,No,Yes,0
CUST_001793,37,62,91.43,5466.05,One year,Fiber optic,Bank transfer,2,Yes,0,Yes,No,0
CUST_001794,33,6,78.18,495.57,Month-to-month,Fiber optic,Credit card,1,Yes,0,No,No,1
CUST_001795,45,53,83.18,4779.07,One year,Fiber optic,Mailed check,5,Yes,0,Yes,No,0
CUST_001796,29,8,75.55,636.96,One year,Fiber optic,Electronic check,2,No,1,No,No,1
CUST_001797,73,6,97.27,570.79,Month-to-month,Fiber optic,Credit card,1,Yes,0,No,Yes,0
CUST_001798,28,50,39.0,1824.24,Month-to-month,Fiber optic,Bank transfer,2,Yes,0,Yes,No,0
CUST_001799,45,35,75.57,2797.33,Month-to-month,Fiber optic,Electronic check,3,No,0,Yes,Yes,0
CUST_001800,47,47,35.81,1533.42,Month-to-month,Fiber optic,Electronic check,1,Yes,1,Yes,Yes,0
CUST_001801,21,62,60.73,3605.21,One year,Fiber optic,Bank transfer,3,No,0,Yes,Yes,0
CUST_001802,44,5,86.4,395.52,Month-to-month,Fiber optic,Bank transfer,4,No,0,Yes,Yes,1
CUST_001803,43,38,69.31,2500.25,One year,DSL,Bank transfer,2,No,0,No,No,0
CUST_001804,32,61,57.96,3404.56,One year,Fiber optic,Electronic check,2,No,1,Yes,No,0
CUST_001805,25,32,108.5,3377.77,One year,DSL,Electronic check,5,Yes,0,Yes,No,0
CUST_001806,20,38,97.28,3432.35,One year,No,Bank transfer,4,Yes,0,Yes,No,1
CUST_001807,18,36,72.63,2674.03,One year,Fiber optic,Electronic check,2,No,0,Yes,No,0
CUST_001808,45,66,115.01,8292.77,Month-to-month,DSL,Mailed check,2,No,0,Yes,Yes,1
CUST_001809,23,4,62.44,230.54,Month-to-month,Fiber optic,Mailed check,1,No,0,No,Yes,1
CUST_001810,72,64,98.81,6590.7,Two year,Fiber optic,Electronic check,2,No,0,Yes,No,1
CUST_001811,31,59,36.79,2031.95,Two year,No,Bank transfer,2,No,1,No,No,1
CUST_001812,55,59,48.58,2948.17,Month-to-month,No,Electronic check,2,Yes,0,No,No,0
CUST_001813,56,30,53.81,1505.86,Two year,No,Bank transfer,1,Yes,0,No,No,0
CUST_001814,46,38,30.58,1252.19,Two year,Fiber optic,Bank transfer,0,No,1,Yes,Yes,0
CUST_001815,68,27,70.18,1714.34,Month-to-month,No,Mailed check,3,No,0,Yes,Yes,1
CUST_001816,24,19,39.23,703.29,One year,Fiber optic,Credit card,4,Yes,0,Yes,No,0
CUST_001817,31,64,83.42,5504.29,One year,No,Electronic check,2,No,0,Yes,No,0
CUST_001818,32,37,39.01,1493.68,Month-to-month,DSL,Credit card,5,Yes,0,No,No,0
CUST_001819,25,53,32.35,1700.04,Month-to-month,No,Electronic check,3,No,0,No,Yes,0
CUST_001820,34,8,116.91,887.61,Month-to-month,Fiber optic,Credit card,4,Yes,0,No,Yes,0
CUST_001821,35,57,85.82,5011.07,One year,DSL,Electronic check,1,No,1,No,No,0
CUST_001822,61,48,113.65,5991.54,Month-to-month,No,Bank transfer,2,Yes,0,Yes,Yes,0
CUST_001823,35,72,68.99,5106.0,One year,Fiber optic,Electronic check,4,No,0,Yes,No,0
CUST_001824,67,10,23.34,218.38,One year,No,Mailed check,5,No,1,Yes,No,0
CUST_001825,62,39,77.44,3271.63,One year,DSL,Electronic check,2,No,1,No,No,0
CUST_001826,69,37,75.83,2925.86,Month-to-month,Fiber optic,Electronic check,2,Yes,1,No,No,1
CUST_001827,23,39,21.5,855.21,Month-to-month,Fiber optic,Electronic check,5,Yes,1,Yes,Yes,0
CUST_001828,74,4,106.12,397.06,Month-to-month,DSL,Electronic check,1,Yes,0,No,No,1
CUST_001829,52,35,82.0,2753.46,Month-to-month,Fiber optic,Bank transfer,1,No,0,No,Yes,0
CUST_001830,73,22,94.47,2069.01,Month-to-month,Fiber optic,Mailed check,1,No,0,No,No,0
CUST_001831,38,45,69.39,3182.31,Month-to-month,DSL,Electronic check,6,Yes,0,Yes,No,1
CUST_001832,72,17,81.84,1349.99,Month-to-month,Fiber optic,Credit card,4,Yes,0,No,No,1
CUST_001833,51,32,45.75,1507.35,One year,DSL,Bank transfer,6,No,0,No,No,0
CUST_001834,22,45,117.38,4927.92,Month-to-month,No,Electronic check,2,Yes,0,Yes,No,1
CUST_001835,41,5,60.07,319.59,Month-to-month,No,Mailed check,5,No,0,Yes,Yes,0
CUST_001836,25,57,36.23,1929.36,Two year,Fiber optic,Mailed check,4,No,0,Yes,No,0
CUST_001837,71,52,25.59,1452.06,Month-to-month,Fiber optic,Bank transfer,1,No,0,Yes,No,0
CUST_001838,35,5,83.62,436.88,Two year,Fiber optic,Credit card,2,No,0,No,Yes,0
CUST_001839,30,5,118.34,623.66,One year,DSL,Bank transfer,2,No,0,No,Yes,0
CUST_001840,49,62,109.58,6560.75,Month-to-month,No,Credit card,3,No,0,No,No,1
CUST_001841,42,21,90.21,1822.98,Two year,DSL,Bank transfer,4,Yes,0,Yes,No,0
CUST_001842,23,62,119.06,7845.79,Two year,Fiber optic,Credit card,3,Yes,0,No,Yes,0
CUST_001843,64,36,92.28,3544.17,One year,DSL,Bank transfer,1,No,0,Yes,No,0
CUST_001844,66,25,53.93,1371.3,Month-to-month,Fiber optic,Bank transfer,1,Yes,0,Yes,Yes,0
CUST_001845,60,20,80.12,1565.45,Month-to-month,No,Bank transfer,3,No,1,No,No,1
CUST_001846,53,48,27.98,1358.98,Month-to-month,DSL,Bank transfer,1,No,0,No,Yes,0
CUST_001847,40,8,42.17,351.12,One year,DSL,Electronic check,3,Yes,1,No,No,0
CUST_001848,48,29,61.75,1894.1,Month-to-month,DSL,Electronic check,1,No,0,Yes,No,0
CUST_001849,47,25,40.18,994.59,Month-to-month,DSL,Electronic check,1,Yes,0,No,No,0
CUST_001850,27,12,115.35,1465.59,Month-to-month,Fiber optic,Electronic check,2,Yes,1,Yes,No,1
CUST_001851,22,26,119.56,3197.16,Month-to-month,Fiber optic,Credit card,6,Yes,0,No,No,1
CUST_001852,32,39,57.09,2379.56,Month-to-month,Fiber optic,Bank transfer,1,Yes,0,Yes,No,0
CUST_001853,43,49,90.92,4724.2,Month-to-month,DSL,Electronic check,5,Yes,0,Yes,No,1
CUST_001854,27,7,60.78,417.98,Two year,Fiber optic,Mailed check,1,No,0,No,Yes,0
CUST_001855,24,63,33.95,2253.92,Month-to-month,Fiber optic,Electronic check,2,No,0,Yes,No,0
CUST_001856,66,64,53.69,3508.25,Month-to-month,Fiber optic,Credit card,2,Yes,0,No,No,0
CUST_001857,39,50,43.34,2237.79,Month-to-month,DSL,Credit card,2,Yes,0,Yes,No,0
CUST_001858,51,67,52.81,3345.48,Month-to-month,Fiber optic,Electronic check,2,No,0,No,No,0
CUST_001859,47,31,41.5,1356.91,One year,DSL,Mailed check,1,Yes,0,No,No,0
CUST_001860,59,60,31.23,1729.75,Month-to-month,No,Credit card,2,Yes,1,Yes,No,0
CUST_001861,60,53,41.74,2077.15,Two year,No,Bank transfer,3,No,0,Yes,No,0
CUST_001862,34,41,110.58,4398.27,Two year,No,Credit card,2,No,0,No,No,1
CUST_001863,66,13,28.52,390.13,Two year,DSL,Mailed check,3,Yes,0,Yes,No,0
CUST_001864,39,41,52.48,2115.27,Two year,DSL,Electronic check,1,No,1,Yes,Yes,0
CUST_001865,65,65,72.84,4846.57,Month-to-month,No,Bank transfer,2,No,0,Yes,No,0
CUST_001866,41,71,55.45,4265.7,One year,Fiber optic,Electronic check,2,No,0,Yes,No,0
CUST_001867,24,33,71.76,2468.62,Month-to-month,Fiber optic,Credit card,1,Yes,1,Yes,Yes,0
CUST_001868,61,18,24.34,467.19,One year,Fiber optic,Bank transfer,2,No,0,Yes,No,0
CUST_001869,19,54,84.86,4246.4,Month-to-month,DSL,Electronic check,3,No,0,Yes,Yes,0
CUST_001870,62,6,76.35,417.86,Month-to-month,Fiber optic,Mailed check,2,Yes,0,No,No,0
CUST_001871,20,11,88.1,919.09,Month-to-month,No,Bank transfer,2,No,0,Yes,No,0
CUST_001872,29,41,76.73,3395.84,One year,Fiber optic,Credit card,0,No,0,Yes,No,0
CUST_001873,52,72,63.79,4804.08,One year,Fiber optic,Mailed check,0,No,0,No,No,0
CUST_001874,71,24,55.01,1288.79,Month-to-month,No,Bank transfer,3,Yes,1,No,No,1
CUST_001875,41,32,42.64,1476.53,Month-to-month,Fiber optic,Electronic check,2,Yes,1,Yes,No,0
CUST_001876,24,24,70.01,1732.46,Month-to-month,DSL,Credit card,2,No,0,Yes,Yes,0
CUST_001877,31,32,22.61,766.94,One year,Fiber optic,Bank transfer,1,Yes,0,Yes,No,0
CUST_001878,69,1,52.82,48.47,Month-to-month,DSL,Electronic check,2,Yes,0,No,No,0
CUST_001879,59,43,87.79,4025.4,Month-to-month,DSL,Bank transfer,3,No,1,No,No,1
CUST_001880,23,43,30.87,1324.68,One year,Fiber optic,Bank transfer,2,No,0,Yes,Yes,0
CUST_001881,39,23,26.29,554.45,One year,DSL,Bank transfer,2,No,0,Yes,No,0
CUST_001882,33,20,85.22,1547.22,Two year,DSL,Electronic check,4,No,1,No,No,0
CUST_001883,28,55,59.78,3331.59,One year,Fiber optic,Bank transfer,1,No,1,No,No,0
CUST_001884,66,14,100.18,1426.92,Two year,DSL,Credit card,1,No,0,Yes,No,0
CUST_001885,53,4,113.73,425.91,Month-to-month,Fiber optic,Electronic check,0,No,0,No,No,1
CUST_001886,28,3,115.7,333.69,Month-to-month,DSL,Electronic check,1,No,1,No,No,1
CUST_001887,55,64,62.56,3919.26,Two year,Fiber optic,Credit card,1,No,0,No,No,0
CUST_001888,41,27,46.43,1130.95,Month-to-month,No,Bank transfer,1,Yes,1,No,Yes,1
CUST_001889,21,8,80.86,707.72,One year,DSL,Mailed check,1,No,0,No,Yes,0
CUST_001890,43,64,82.82,5649.91,Month-to-month,Fiber optic,Credit card,3,No,0,No,No,0
CUST_001891,28,11,82.23,859.35,Month-to-month,DSL,Electronic check,3,No,1,No,No,0
CUST_001892,31,25,52.18,1394.36,Month-to-month,DSL,Credit card,3,No,1,No,Yes,0
CUST_001893,68,2,26.38,53.91,One year,Fiber optic,Mailed check,4,Yes,0,No,Yes,0
CUST_001894,58,49,41.0,1879.98,One year,DSL,Electronic check,1,No,1,No,Yes,0
CUST_001895,25,51,35.44,1912.18,Month-to-month,DSL,Credit card,6,No,0,Yes,No,0
CUST_001896,66,55,32.39,1637.61,Month-to-month,Fiber optic,Bank transfer,2,No,1,Yes,No,0
CUST_001897,50,19,112.63,2107.39,Month-to-month,Fiber optic,Electronic check,2,Yes,0,Yes,No,1
CUST_001898,67,24,21.38,539.23,Month-to-month,No,Credit card,2,No,1,Yes,Yes,0
CUST_001899,60,68,80.19,5886.37,Month-to-month,No,Credit card,2,Yes,0,No,No,0
CUST_001900,37,60,114.75,6591.91,Two year,Fiber optic,Credit card,0,No,0,No,No,0
CUST_001901,48,3,56.01,171.5,Month-to-month,DSL,Electronic check,2,No,0,Yes,Yes,0
CUST_001902,48,50,72.71,3884.21,Month-to-month,DSL,Electronic check,1,No,0,No,No,0
CUST_001903,59,59,89.58,5671.69,Month-to-month,Fiber optic,Bank transfer,1,No,0,Yes,No,1
CUST_001904,32,41,51.72,1909.89,Month-to-month,No,Credit card,3,No,0,No,No,0
CUST_001905,36,47,67.77,2926.99,Month-to-month,DSL,Electronic check,0,Yes,1,No,No,1
CUST_001906,31,1,101.71,95.39,One year,DSL,Mailed check,4,No,0,Yes,No,1
CUST_001907,34,3,94.54,255.98,One year,Fiber optic,Electronic check,3,No,0,No,No,0
CUST_001908,27,3,100.84,326.35,Two year,No,Mailed check,3,No,0,Yes,No,0
CUST_001909,20,12,118.73,1301.21,Month-to-month,Fiber optic,Bank transfer,3,No,0,Yes,No,1
CUST_001910,71,72,57.03,4447.16,One year,Fiber optic,Electronic check,1,Yes,0,Yes,Yes,0
CUST_001911,22,46,94.71,4187.57,Two year,Fiber optic,Bank transfer,4,Yes,0,Yes,Yes,0
CUST_001912,68,57,80.28,4186.49,Two year,Fiber optic,Bank transfer,2,No,0,No,No,0
CUST_001913,18,22,86.66,1859.97,Two year,Fiber optic,Mailed check,5,No,0,No,No,0
CUST_001914,62,68,93.99,6682.93,Month-to-month,Fiber optic,Credit card,3,No,0,No,No,0
CUST_001915,36,15,94.97,1320.51,Two year,Fiber optic,Electronic check,3,Yes,0,Yes,Yes,0
CUST_001916,47,65,108.57,7697.93,Two year,Fiber optic,Electronic check,4,No,0,Yes,Yes,0
CUST_001917,34,3,54.93,154.14,One year,DSL,Mailed check,5,No,0,Yes,No,1
CUST_001918,45,2,85.35,184.31,One year,DSL,Mailed check,2,Yes,0,Yes,No,0
CUST_001919,43,6,48.03,260.19,Two year,DSL,Electronic check,0,No,0,No,No,1
CUST_001920,48,58,79.46,4826.36,Month-to-month,DSL,Credit card,2,No,1,Yes,Yes,1
CUST_001921,40,19,95.12,1802.3,One year,DSL,Electronic check,5,Yes,0,Yes,No,1
CUST_001922,48,33,99.1,3445.32,One year,Fiber optic,Electronic check,4,No,0,No,No,1
CUST_001923,65,34,62.01,2174.54,One year,No,Credit card,2,No,0,No,No,0
CUST_001924,42,57,70.87,3793.49,One year,Fiber optic,Credit card,2,Yes,0,No,No,0
CUST_001925,38,26,53.38,1262.8,Month-to-month,Fiber optic,Mailed check,2,No,0,No,No,0
CUST_001926,25,1,36.9,36.19,Month-to-month,No,Electronic check,1,Yes,0,Yes,No,0
CUST_001927,38,28,46.05,1309.87,Month-to-month,No,Mailed check,2,No,0,No,No,0
CUST_001928,25,21,111.21,2498.84,One year,DSL,Electronic check,3,No,0,No,No,0
CUST_001929,28,53,50.9,2555.38,One year,DSL,Mailed check,1,Yes,0,No,No,0
CUST_001930,72,55,117.48,6204.6,Two year,DSL,Bank transfer,5,Yes,0,No,No,0
CUST_001931,23,7,44.15,299.16,One year,No,Mailed check,4,No,0,No,No,1
CUST_001932,45,58,92.31,5594.06,One year,DSL,Mailed check,2,No,0,Yes,No,0
CUST_001933,65,6,77.39,429.58,Month-to-month,DSL,Bank transfer,1,Yes,0,No,No,1
CUST_001934,72,45,89.69,4053.59,One year,Fiber optic,Electronic check,3,Yes,0,Yes,No,1
CUST_001935,26,29,84.4,2491.87,Two year,Fiber optic,Electronic check,0,No,0,No,No,1
CUST_001936,27,22,90.67,2003.38,One year,Fiber optic,Credit card,0,Yes,0,No,No,0
CUST_001937,39,35,110.55,3903.57,Two year,Fiber optic,Electronic check,6,No,0,No,No,0
CUST_001938,49,23,76.35,1732.86,Two year,Fiber optic,Electronic check,1,Yes,0,No,No,0
CUST_001939,72,58,26.78,1704.25,Month-to-month,No,Electronic check,2,Yes,0,Yes,No,0
CUST_001940,29,70,47.08,3263.07,One year,DSL,Bank transfer,1,No,0,Yes,No,0
CUST_001941,27,59,90.82,5719.4,Month-to-month,No,Bank transfer,3,Yes,0,No,Yes,0
CUST_001942,32,32,69.41,2245.25,Month-to-month,Fiber optic,Mailed check,4,No,1,Yes,Yes,1
CUST_001943,67,37,74.86,2831.49,Month-to-month,DSL,Mailed check,3,No,0,No,Yes,0
CUST_001944,19,33,79.66,2793.15,Month-to-month,No,Mailed check,1,No,0,No,No,0
CUST_001945,39,58,58.26,3704.63,Month-to-month,No,Electronic check,3,No,0,Yes,No,0
CUST_001946,24,40,97.39,3616.21,One year,No,Credit card,2,No,1,No,No,0
CUST_001947,26,34,92.35,3190.91,Month-to-month,No,Credit card,0,Yes,0,Yes,No,0
CUST_001948,70,30,91.43,2568.64,Month-to-month,Fiber optic,Mailed check,1,Yes,0,No,Yes,0
CUST_001949,18,28,91.53,2331.06,Month-to-month,DSL,Mailed check,4,No,0,Yes,Yes,0
CUST_001950,36,40,109.04,4709.05,Month-to-month,DSL,Bank transfer,1,No,1,Yes,Yes,0
CUST_001951,70,50,79.54,4369.63,Two year,No,Electronic check,1,No,0,No,No,0
CUST_001952,52,32,116.71,3876.81,Month-to-month,No,Electronic check,7,No,0,Yes,No,1
CUST_001953,22,59,31.92,1847.76,Month-to-month,No,Credit card,4,Yes,0,No,Yes,0
CUST_001954,44,60,83.2,5247.8,Two year,No,Electronic check,3,No,0,Yes,No,0
CUST_001955,73,31,91.69,3119.39,Two year,Fiber optic,Electronic check,2,No,0,No,No,1
CUST_001956,40,66,67.72,4840.04,One year,DSL,Mailed check,3,No,0,No,No,0
CUST_001957,48,13,48.82,680.7,One year,DSL,Bank transfer,3,No,0,No,No,0
CUST_001958,48,68,75.0,5114.59,Month-to-month,Fiber optic,Bank transfer,2,Yes,0,Yes,No,0
CUST_001959,55,22,56.47,1171.62,One year,Fiber optic,Electronic check,3,No,0,No,No,0
CUST_001960,28,41,110.91,4214.14,Month-to-month,DSL,Bank transfer,4,No,1,No,No,1
CUST_001961,65,21,55.68,1069.04,Month-to-month,No,Electronic check,4,No,0,No,No,0
CUST_001962,74,32,37.57,1164.02,Month-to-month,Fiber optic,Credit card,2,No,0,No,No,0
CUST_001963,26,25,77.64,1762.47,One year,DSL,Electronic check,3,No,0,No,Yes,0
CUST_001964,64,51,59.6,3146.46,Month-to-month,No,Electronic check,2,No,0,No,No,0
CUST_001965,64,6,29.59,189.09,Month-to-month,Fiber optic,Bank transfer,1,Yes,0,No,No,0
CUST_001966,60,61,76.48,4942.35,Month-to-month,Fiber optic,Electronic check,6,Yes,0,No,Yes,1
CUST_001967,39,66,73.78,4465.24,One year,Fiber optic,Bank transfer,2,No,0,No,Yes,0
CUST_001968,44,41,37.32,1438.33,Month-to-month,Fiber optic,Electronic check,1,No,1,No,No,0
CUST_001969,65,40,79.76,3489.31,Month-to-month,DSL,Mailed check,3,No,0,Yes,No,0
CUST_001970,26,51,76.74,4303.05,Month-to-month,Fiber optic,Electronic check,2,No,0,No,No,0
CUST_001971,65,15,97.36,1598.25,One year,Fiber optic,Mailed check,0,No,1,Yes,No,0
CUST_001972,70,54,56.16,3289.37,Month-to-month,No,Electronic check,2,No,0,No,Yes,0
CUST_001973,56,16,44.88,667.15,Two year,No,Electronic check,2,Yes,0,Yes,Yes,0
CUST_001974,37,49,115.12,5967.63,Month-to-month,DSL,Electronic check,6,No,0,No,Yes,1
CUST_001975,49,23,76.12,1650.08,Month-to-month,No,Credit card,3,No,0,Yes,No,0
CUST_001976,20,54,22.71,1166.83,Month-to-month,DSL,Bank transfer,3,Yes,0,No,Yes,0
CUST_001977,71,57,102.07,5807.54,Month-to-month,DSL,Electronic check,2,Yes,0,Yes,No,0
CUST_001978,37,16,39.68,673.35,Month-to-month,Fiber optic,Electronic check,3,No,0,Yes,No,0
CUST_001979,21,45,98.6,4386.56,Month-to-month,No,Electronic check,4,Yes,0,No,Yes,1
CUST_001980,63,36,90.52,3079.63,Two year,No,Electronic check,1,No,0,No,Yes,0
CUST_001981,55,22,116.88,2781.98,Month-to-month,No,Mailed check,3,No,0,No,No,1
CUST_001982,53,43,116.56,4797.44,Month-to-month,DSL,Mailed check,2,Yes,0,No,Yes,1
CUST_001983,21,72,47.44,3602.17,Month-to-month,DSL,Credit card,4,No,0,Yes,No,0
CUST_001984,60,1,96.64,101.77,Month-to-month,DSL,Bank transfer,1,Yes,0,No,No,0
CUST_001985,54,69,51.69,3274.64,Month-to-month,Fiber optic,Electronic check,3,No,1,Yes,No,0
CUST_001986,63,62,82.92,5085.04,Month-to-month,Fiber optic,Electronic check,3,Yes,0,Yes,Yes,0
CUST_001987,65,39,79.77,2881.91,Month-to-month,DSL,Electronic check,2,No,1,No,No,0
CUST_001988,30,44,25.45,1169.88,Month-to-month,Fiber optic,Electronic check,1,No,1,No,No,0
CUST_001989,30,27,20.52,580.91,Two year,Fiber optic,Mailed check,5,Yes,0,Yes,Yes,0
CUST_001990,70,10,25.78,247.57,One year,Fiber optic,Electronic check,4,No,1,Yes,Yes,0
CUST_001991,48,42,32.79,1427.2,Two year,Fiber optic,Electronic check,2,No,0,No,No,0
CUST_001992,42,59,45.77,2654.9,Month-to-month,DSL,Electronic check,1,No,0,No,No,0
CUST_001993,34,17,110.7,1904.8,Two year,Fiber optic,Bank transfer,2,No,0,Yes,No,1
CUST_001994,54,52,71.86,3875.36,Month-to-month,Fiber optic,Electronic check,2,No,0,No,Yes,0
CUST_001995,60,54,99.69,5748.45,Month-to-month,DSL,Credit card,3,No,0,Yes,No,0
CUST_001996,18,55,103.83,5702.82,Two year,DSL,Mailed check,5,No,0,Yes,Yes,0
CUST_001997,49,25,93.49,2431.71,Month-to-month,No,Electronic check,0,No,0,Yes,No,1
CUST_001998,74,29,59.14,1638.75,Month-to-month,Fiber optic,Mailed check,3,Yes,0,No,No,0
CUST_001999,33,30,106.39,3170.57,Two year,DSL,Mailed check,2,Yes,1,No,No,0
CUST_002000,34,62,94.2,5358.36,One year,Fiber optic,Mailed check,0,No,0,No,Yes,0
CUST_002001,68,65,94.32,6109.19,Month-to-month,Fiber optic,Mailed check,1,Yes,0,Yes,No,1
CUST_002002,21,30,110.16,3220.2,Month-to-month,DSL,Electronic check,3,No,0,Yes,Yes,0
CUST_002003,40,70,79.87,6061.79,Month-to-month,DSL,Electronic check,2,No,0,No,Yes,0
CUST_002004,44,42,72.86,2914.62,Two year,No,Electronic check,0,No,1,No,Yes,0
CUST_002005,63,28,109.02,3354.6,Month-to-month,Fiber optic,Bank transfer,3,No,0,Yes,No,0
CUST_002006,25,1,65.45,61.66,Month-to-month,DSL,Bank transfer,3,No,0,No,No,1
CUST_002007,42,44,101.16,4538.99,Month-to-month,Fiber optic,Bank transfer,3,Yes,0,Yes,No,0
CUST_002008,26,47,25.38,1151.66,Two year,Fiber optic,Credit card,4,Yes,0,No,Yes,0
CUST_002009,62,70,20.13,1521.9,One year,Fiber optic,Mailed check,3,No,0,No,No,0
CUST_002010,54,52,72.83,3773.93,Month-to-month,DSL,Credit card,2,No,0,Yes,No,0
CUST_002011,46,3,27.36,78.2,Two year,DSL,Mailed check,5,No,0,No,No,0
CUST_002012,40,41,117.65,4504.43,Month-to-month,DSL,Mailed check,1,Yes,0,No,No,0
CUST_002013,26,54,20.55,1164.56,Two year,No,Bank transfer,2,Yes,1,Yes,No,0
CUST_002014,70,36,91.81,3564.85,Month-to-month,Fiber optic,Electronic check,1,No,0,No,No,0
CUST_002015,54,31,44.34,1447.88,Month-to-month,No,Electronic check,3,No,0,No,Yes,0
CUST_002016,36,59,116.76,6914.65,Month-to-month,DSL,Mailed check,3,No,0,Yes,No,1
CUST_002017,41,45,58.15,2836.9,Two year,Fiber optic,Electronic check,2,No,0,Yes,No,0
CUST_002018,59,50,22.73,1139.17,Two year,Fiber optic,Electronic check,5,No,0,No,No,0
CUST_002019,59,34,22.69,728.47,One year,Fiber optic,Bank transfer,1,No,0,Yes,No,0
CUST_002020,44,21,75.34,1497.76,Month-to-month,Fiber optic,Mailed check,7,Yes,0,No,No,1
CUST_002021,35,38,118.67,4636.87,Month-to-month,Fiber optic,Electronic check,1,Yes,0,Yes,No,1
CUST_002022,55,70,117.98,8777.81,Month-to-month,DSL,Electronic check,1,Yes,0,No,Yes,0
CUST_002023,55,44,53.73,2458.03,Month-to-month,DSL,Credit card,3,No,0,Yes,Yes,0
CUST_002024,52,51,68.27,3219.22,Month-to-month,Fiber optic,Credit card,3,No,0,No,Yes,0
CUST_002025,22,9,30.05,268.4,One year,DSL,Bank transfer,0,No,1,No,No,0
CUST_002026,44,72,72.22,4746.89,One year,DSL,Electronic check,4,No,1,No,Yes,0
CUST_002027,52,18,79.97,1560.47,Two year,No,Mailed check,5,No,0,Yes,No,0
CUST_002028,72,70,45.11,2907.12,Month-to-month,DSL,Electronic check,2,No,0,Yes,No,0
CUST_002029,47,33,81.21,2900.66,Month-to-month,Fiber optic,Bank transfer,2,No,1,Yes,Yes,0
CUST_002030,37,67,109.97,7158.5,Month-to-month,No,Mailed check,3,No,0,No,No,0
CUST_002031,49,65,20.1,1328.64,Month-to-month,Fiber optic,Bank transfer,3,Yes,0,Yes,Yes,0
CUST_002032,28,55,42.89,2455.59,One year,DSL,Mailed check,3,No,0,No,No,0
CUST_002033,23,66,40.99,2885.94,One year,Fiber optic,Credit card,2,No,0,Yes,No,0
CUST_002034,56,44,32.39,1485.98,Month-to-month,Fiber optic,Mailed check,2,No,1,No,No,0
CUST_002035,74,62,36.61,2271.69,Month-to-month,Fiber optic,Mailed check,2,Yes,0,No,Yes,0
CUST_002036,66,13,82.59,1022.49,Two year,Fiber optic,Mailed check,3,Yes,0,Yes,No,0
CUST_002037,51,6,30.27,170.75,Month-to-month,No,Bank transfer,3,No,0,No,No,1
CUST_002038,20,40,93.85,3889.7,Month-to-month,DSL,Credit card,4,No,0,Yes,No,1
CUST_002039,74,59,108.7,6284.77,One year,DSL,Mailed check,1,Yes,0,No,No,0
CUST_002040,43,56,112.66,6589.83,One year,Fiber optic,Credit card,4,No,0,No,Yes,0
CUST_002041,34,39,86.02,3542.85,Month-to-month,Fiber optic,Mailed check,2,No,1,Yes,No,1
CUST_002042,68,38,39.74,1434.76,Two year,Fiber optic,Electronic check,2,No,0,Yes,No,0
CUST_002043,60,44,28.53,1136.0,Two year,DSL,Electronic check,1,No,0,No,No,0
CUST_002044,60,63,43.2,2721.49,Month-to-month,DSL,Electronic check,4,Yes,0,No,Yes,0
CUST_002045,33,61,116.2,6839.15,Month-to-month,Fiber optic,Credit card,4,No,0,No,Yes,0
CUST_002046,74,8,116.23,856.04,One year,No,Electronic check,3,No,0,Yes,No,0
CUST_002047,43,43,58.19,2467.6,One year,DSL,Electronic check,2,No,0,No,No,1
CUST_002048,48,28,52.58,1439.84,Month-to-month,No,Electronic check,2,No,0,Yes,No,1
CUST_002049,60,58,71.0,3891.84,Month-to-month,Fiber optic,Bank transfer,1,Yes,0,Yes,Yes,1
CUST_002050,55,37,49.17,1756.82,One year,DSL,Credit card,1,No,0,No,No,0
CUST_002051,27,72,117.97,7721.98,Month-to-month,Fiber optic,Credit card,0,No,1,No,No,0
CUST_002052,35,32,42.12,1472.58,Month-to-month,DSL,Electronic check,4,Yes,0,Yes,No,0
CUST_002053,38,49,56.91,2909.96,Month-to-month,Fiber optic,Mailed check,0,No,0,Yes,Yes,0
CUST_002054,72,8,62.94,471.58,Month-to-month,DSL,Electronic check,1,No,0,No,No,1
CUST_002055,58,68,32.51,2239.53,Two year,Fiber optic,Credit card,1,No,0,Yes,No,0
CUST_002056,38,12,58.28,721.43,One year,DSL,Electronic check,3,No,0,No,No,0
CUST_002057,59,28,105.67,2976.69,Month-to-month,No,Credit card,2,No,1,No,No,0
CUST_002058,60,61,34.04,2120.12,Two year,No,Credit card,3,No,0,No,No,0
CUST_002059,40,70,78.4,5893.3,Month-to-month,Fiber optic,Bank transfer,1,Yes,0,Yes,No,0
CUST_002060,40,35,60.66,2288.94,Month-to-month,Fiber optic,Bank transfer,6,No,0,No,Yes,0
CUST_002061,68,35,37.05,1174.2,Month-to-month,No,Electronic check,1,No,0,No,Yes,0
CUST_002062,50,4,21.23,85.17,One year,DSL,Electronic check,1,No,0,No,Yes,0
CUST_002063,26,71,47.33,3332.05,One year,No,Mailed check,0,No,0,No,No,0
CUST_002064,59,2,26.18,47.56,One year,Fiber optic,Electronic check,0,No,0,No,Yes,0
CUST_002065,51,2,57.68,124.75,Month-to-month,No,Bank transfer,7,No,0,Yes,No,1
CUST_002066,47,35,101.02,3883.47,Month-to-month,DSL,Mailed check,5,No,0,Yes,Yes,0
CUST_002067,59,1,91.97,95.83,Month-to-month,DSL,Credit card,1,No,0,Yes,No,1
CUST_002068,69,12,114.74,1314.29,Two year,DSL,Credit card,2,Yes,0,No,Yes,1
CUST_002069,36,46,62.7,2633.81,Month-to-month,DSL,Electronic check,1,No,0,Yes,No,0
CUST_002070,41,51,90.78,4428.48,One year,DSL,Electronic check,0,No,0,No,No,0
CUST_002071,28,22,86.53,1944.06,One year,No,Mailed check,2,No,1,Yes,No,0
CUST_002072,54,58,41.7,2315.37,Month-to-month,DSL,Electronic check,0,Yes,0,No,No,0
CUST_002073,40,44,50.36,2323.58,Month-to-month,DSL,Bank transfer,2,No,0,No,Yes,0
CUST_002074,37,17,72.98,1360.11,Month-to-month,DSL,Bank transfer,1,No,0,Yes,No,1
CUST_002075,57,52,99.67,4885.61,One year,Fiber optic,Bank transfer,0,No,0,Yes,Yes,0
CUST_002076,41,43,66.18,3126.41,Two year,Fiber optic,Mailed check,2,No,1,Yes,Yes,0
CUST_002077,44,59,42.77,2523.31,Month-to-month,DSL,Credit card,4,Yes,0,No,No,0
CUST_002078,43,12,119.35,1408.53,Two year,Fiber optic,Bank transfer,2,No,0,No,Yes,1
CUST_002079,32,17,31.56,504.03,Month-to-month,No,Credit card,3,Yes,0,No,Yes,1
CUST_002080,25,22,115.59,2325.33,Month-to-month,DSL,Credit card,2,No,0,Yes,Yes,1
CUST_002081,65,25,100.9,2645.96,Two year,Fiber optic,Bank transfer,1,Yes,0,No,No,0
CUST_002082,23,64,103.89,6877.04,Two year,Fiber optic,Electronic check,2,No,0,Yes,No,0
CUST_002083,36,53,99.49,5554.12,Month-to-month,Fiber optic,Credit card,1,No,0,No,Yes,0
CUST_002084,56,40,40.82,1540.29,One year,No,Electronic check,2,No,0,No,No,0
CUST_002085,25,39,83.26,3408.12,Two year,No,Mailed check,2,No,0,Yes,No,0
CUST_002086,55,64,95.67,6280.36,One year,Fiber optic,Mailed check,5,Yes,1,Yes,No,0
CUST_002087,59,33,94.57,3056.74,One year,Fiber optic,Electronic check,0,Yes,0,Yes,No,0
CUST_002088,55,17,47.16,749.29,Month-to-month,DSL,Electronic check,1,No,0,No,Yes,0
CUST_002089,35,10,38.11,393.66,Month-to-month,Fiber optic,Electronic check,2,No,0,No,Yes,0
CUST_002090,19,24,52.81,1371.33,One year,Fiber optic,Credit card,1,No,0,No,No,0
CUST_002091,68,48,67.98,3459.74,Month-to-month,DSL,Bank transfer,4,No,0,No,No,1
CUST_002092,36,34,77.38,2886.18,Month-to-month,No,Credit card,4,Yes,0,Yes,No,1
CUST_002093,63,31,103.7,2990.33,Month-to-month,Fiber optic,Credit card,2,No,1,Yes,No,1
CUST_002094,29,35,96.9,3491.88,Month-to-month,DSL,Mailed check,5,Yes,0,No,No,1
CUST_002095,27,71,87.62,6042.11,Month-to-month,No,Bank transfer,1,No,0,Yes,No,0
CUST_002096,62,72,46.35,3233.16,Month-to-month,Fiber optic,Bank transfer,1,Yes,0,Yes,No,0
CUST_002097,71,12,67.89,787.85,Month-to-month,DSL,Electronic check,2,No,1,Yes,Yes,0
CUST_002098,67,9,53.54,497.47,Month-to-month,Fiber optic,Credit card,1,No,0,No,No,0
CUST_002099,60,18,43.49,827.33,Two year,No,Credit card,0,No,0,No,Yes,0
CUST_002100,32,62,21.02,1316.88,One year,No,Electronic check,2,Yes,0,Yes,No,0
CUST_002101,70,34,53.95,1907.51,Month-to-month,DSL,Credit card,1,No,0,No,No,0
CUST_002102,56,63,45.61,2788.62,Month-to-month,Fiber optic,Electronic check,2,Yes,0,No,No,0
CUST_002103,27,47,77.19,3627.37,Month-to-month,No,Credit card,4,No,0,No,No,0
CUST_002104,25,40,26.23,978.1,One year,No,Bank transfer,1,No,0,Yes,Yes,0
CUST_002105,67,21,47.05,899.73,One year,DSL,Electronic check,5,Yes,1,No,Yes,0
CUST_002106,33,25,24.48,606.47,One year,Fiber optic,Credit card,0,Yes,0,No,No,0
CUST_002107,61,11,84.14,1013.7,One year,No,Mailed check,2,Yes,0,Yes,Yes,0
CUST_002108,25,38,76.82,3166.03,Month-to-month,DSL,Electronic check,3,No,0,No,No,1
CUST_002109,33,21,53.75,1218.42,Month-to-month,Fiber optic,Bank transfer,6,Yes,0,No,Yes,1
CUST_002110,34,22,34.73,743.35,Month-to-month,Fiber optic,Bank transfer,4,Yes,0,Yes,No,0
CUST_002111,34,3,115.79,364.73,Month-to-month,Fiber optic,Mailed check,4,Yes,0,Yes,No,1
CUST_002112,56,58,78.44,4946.7,Month-to-month,Fiber optic,Bank transfer,2,Yes,0,Yes,No,1
CUST_002113,70,68,87.91,5452.58,One year,DSL,Electronic check,1,No,1,No,No,0
CUST_002114,69,36,73.13,2604.26,Month-to-month,Fiber optic,Electronic check,1,No,0,No,No,0
CUST_002115,60,39,100.65,3824.91,One year,DSL,Bank transfer,2,Yes,0,Yes,No,0
CUST_002116,29,67,109.64,7849.37,Month-to-month,No,Electronic check,4,No,0,Yes,Yes,0
CUST_002117,72,37,58.27,2189.63,Month-to-month,Fiber optic,Mailed check,1,No,1,No,Yes,0
CUST_002118,48,45,89.0,4404.05,One year,DSL,Credit card,3,No,0,No,Yes,0
CUST_002119,49,31,42.99,1214.48,Month-to-month,No,Credit card,1,No,0,No,No,0
CUST_002120,57,38,85.19,3116.07,Month-to-month,Fiber optic,Bank transfer,1,No,1,Yes,Yes,1
CUST_002121,61,38,59.92,2301.2,Month-to-month,DSL,Bank transfer,0,No,0,No,No,0
CUST_002122,72,52,20.68,1015.03,One year,DSL,Credit card,1,No,0,Yes,Yes,0
CUST_002123,51,44,115.55,5560.4,Month-to-month,Fiber optic,Credit card,2,No,0,No,No,1
CUST_002124,52,37,106.84,4106.28,Two year,No,Electronic check,5,Yes,0,Yes,Yes,0
CUST_002125,60,6,49.08,300.78,Two year,DSL,Mailed check,4,Yes,0,No,No,1
CUST_002126,32,66,119.78,7330.94,Two year,No,Electronic check,3,No,0,Yes,No,0
CUST_002127,35,64,51.71,3502.12,Month-to-month,DSL,Electronic check,1,No,0,No,No,0
CUST_002128,53,14,65.88,1009.16,One year,Fiber optic,Electronic check,6,No,1,No,No,0
CUST_002129,21,22,105.13,2452.51,Month-to-month,Fiber optic,Bank transfer,1,No,0,No,Yes,0
CUST_002130,36,71,50.46,3629.67,Two year,DSL,Bank transfer,1,No,0,Yes,No,0
CUST_002131,58,24,65.05,1618.74,Month-to-month,No,Credit card,3,No,0,Yes,Yes,0
CUST_002132,73,59,86.56,5140.56,Month-to-month,DSL,Mailed check,4,No,0,Yes,No,0
CUST_002133,47,57,33.05,1709.44,Month-to-month,No,Mailed check,2,No,0,Yes,No,0
CUST_002134,40,62,62.24,4145.39,Two year,DSL,Electronic check,1,No,0,Yes,No,0
CUST_002135,43,2,50.94,96.46,Two year,DSL,Electronic check,2,No,0,No,No,0
CUST_002136,57,35,87.68,2954.34,Month-to-month,No,Electronic check,10,No,1,No,No,1
CUST_002137,49,41,33.6,1492.07,Month-to-month,Fiber optic,Credit card,3,No,1,No,Yes,1
CUST_002138,19,61,43.27,2770.31,One year,DSL,Electronic check,5,No,0,Yes,No,0
CUST_002139,48,17,91.14,1564.99,Two year,Fiber optic,Bank transfer,5,No,0,Yes,No,0
CUST_002140,40,23,35.62,778.99,One year,DSL,Electronic check,1,Yes,0,No,No,0
CUST_002141,57,13,62.2,860.92,Month-to-month,No,Mailed check,1,No,0,No,No,0
CUST_002142,67,55,91.29,5055.49,One year,DSL,Credit card,2,Yes,0,Yes,No,0
CUST_002143,72,72,96.55,7015.62,Two year,Fiber optic,Credit card,1,Yes,0,Yes,Yes,0
CUST_002144,52,11,29.49,304.27,Month-to-month,DSL,Electronic check,1,No,1,Yes,No,0
CUST_002145,38,17,105.2,1766.65,Month-to-month,Fiber optic,Credit card,5,No,0,No,No,1
CUST_002146,43,23,92.4,2064.36,Month-to-month,No,Electronic check,3,Yes,0,Yes,No,1
CUST_002147,28,65,53.93,3360.76,Month-to-month,No,Credit card,2,Yes,1,No,No,0
CUST_002148,71,33,96.38,3163.69,One year,Fiber optic,Electronic check,3,No,0,No,Yes,1
CUST_002149,66,21,92.83,2082.32,Month-to-month,DSL,Mailed check,1,No,0,No,No,1
CUST_002150,66,24,80.09,1851.52,Month-to-month,DSL,Bank transfer,2,No,1,No,No,1
CUST_002151,36,44,75.85,3167.82,Month-to-month,No,Credit card,2,No,1,No,Yes,0
CUST_002152,36,28,93.47,2817.22,Two year,DSL,Credit card,0,No,0,Yes,Yes,0
CUST_002153,66,11,119.93,1391.21,Two year,Fiber optic,Electronic check,3,No,0,Yes,No,1
CUST_002154,49,60,77.86,4732.77,Month-to-month,Fiber optic,Credit card,2,Yes,0,Yes,Yes,0
CUST_002155,58,31,100.87,3239.58,One year,No,Electronic check,5,No,1,No,Yes,1
CUST_002156,45,19,94.43,1645.13,Month-to-month,Fiber optic,Electronic check,2,No,1,Yes,No,1
CUST_002157,43,53,105.58,5862.29,Two year,Fiber optic,Electronic check,2,No,0,No,No,1
CUST_002158,54,54,115.45,6722.01,One year,No,Electronic check,3,No,0,No,No,0
CUST_002159,64,12,39.31,469.18,Month-to-month,No,Electronic check,2,Yes,0,Yes,No,0
CUST_002160,37,6,36.55,234.29,Two year,Fiber optic,Bank transfer,0,No,0,Yes,No,0
CUST_002161,64,4,78.64,318.92,Month-to-month,Fiber optic,Electronic check,0,No,0,No,No,1
CUST_002162,31,56,64.93,3298.7,One year,Fiber optic,Bank transfer,6,No,0,No,Yes,0
CUST_002163,40,46,77.07,3199.86,Month-to-month,Fiber optic,Electronic check,3,No,0,Yes,No,0
CUST_002164,70,58,99.8,5356.22,One year,DSL,Bank transfer,4,No,0,Yes,No,0
CUST_002165,72,46,113.17,5688.97,Month-to-month,Fiber optic,Electronic check,3,No,1,Yes,Yes,1
CUST_002166,70,29,61.74,1954.05,Month-to-month,Fiber optic,Electronic check,2,Yes,0,Yes,Yes,0
CUST_002167,36,43,91.79,3585.15,Month-to-month,DSL,Bank transfer,1,No,1,Yes,No,0
CUST_002168,66,53,39.68,2048.03,Two year,DSL,Credit card,2,No,0,Yes,Yes,1
CUST_002169,71,29,73.46,2320.68,Month-to-month,Fiber optic,Credit card,3,Yes,1,No,No,1
CUST_002170,73,66,22.18,1479.41,One year,DSL,Mailed check,1,No,0,Yes,No,0
CUST_002171,19,65,70.38,4841.91,Month-to-month,Fiber optic,Credit card,4,Yes,0,Yes,Yes,0
CUST_002172,60,58,74.53,4067.03,Two year,Fiber optic,Bank transfer,4,No,0,Yes,No,0
CUST_002173,74,72,93.54,6199.84,Month-to-month,Fiber optic,Credit card,0,No,0,Yes,No,0
CUST_002174,61,29,84.95,2379.96,One year,DSL,Electronic check,3,No,0,No,No,0
CUST_002175,31,9,55.84,521.9,Two year,Fiber optic,Electronic check,1,Yes,0,No,No,0
CUST_002176,61,35,20.57,781.85,Month-to-month,Fiber optic,Electronic check,3,Yes,0,No,No,0
CUST_002177,23,54,31.55,1799.17,Month-to-month,Fiber optic,Credit card,1,Yes,1,Yes,Yes,0
CUST_002178,45,57,117.31,6565.49,Two year,Fiber optic,Electronic check,4,No,0,Yes,No,0
CUST_002179,53,28,112.23,3062.48,Month-to-month,No,Electronic check,3,No,0,No,Yes,1
CUST_002180,44,22,52.51,1240.8,Month-to-month,DSL,Bank transfer,5,Yes,0,Yes,No,0
CUST_002181,57,33,45.89,1519.64,Month-to-month,Fiber optic,Credit card,6,Yes,0,No,No,0
CUST_002182,31,58,63.64,3659.22,Two year,DSL,Bank transfer,2,Yes,0,No,No,0
CUST_002183,52,5,88.99,425.87,Two year,No,Bank transfer,1,No,0,Yes,Yes,1
CUST_002184,54,24,55.68,1387.05,One year,DSL,Electronic check,1,No,0,Yes,No,0
CUST_002185,54,17,26.73,422.79,One year,Fiber optic,Credit card,1,No,0,Yes,Yes,0
CUST_002186,34,59,60.28,3476.8,Month-to-month,Fiber optic,Electronic check,1,Yes,0,Yes,No,0
CUST_002187,35,34,46.06,1645.11,Month-to-month,DSL,Electronic check,4,No,0,Yes,No,0
CUST_002188,32,7,52.49,380.29,Month-to-month,No,Mailed check,2,No,0,Yes,No,0
CUST_002189,44,19,36.3,639.11,Month-to-month,DSL,Electronic check,2,Yes,0,No,No,1
CUST_002190,51,4,85.88,333.76,Month-to-month,DSL,Bank transfer,2,Yes,0,Yes,Yes,0
CUST_002191,38,35,72.66,2489.34,One year,Fiber optic,Bank transfer,5,Yes,1,Yes,No,0
CUST_002192,41,72,47.09,3209.85,Month-to-month,Fiber optic,Electronic check,3,No,0,Yes,Yes,0
CUST_002193,34,41,75.39,2905.71,Month-to-month,DSL,Electronic check,2,No,0,Yes,No,0
CUST_002194,30,63,69.27,4371.86,Month-to-month,DSL,Electronic check,2,No,0,Yes,No,0
CUST_002195,55,54,99.6,5201.06,Month-to-month,DSL,Electronic check,2,No,0,No,No,1
CUST_002196,64,64,115.6,7556.71,Month-to-month,No,Credit card,5,Yes,0,Yes,No,0
CUST_002197,34,23,33.07,782.06,Month-to-month,Fiber optic,Bank transfer,2,No,0,No,No,0
CUST_002198,67,69,108.39,8159.89,Month-to-month,DSL,Electronic check,3,No,0,No,No,0
CUST_002199,50,18,90.48,1658.16,Month-to-month,Fiber optic,Electronic check,1,Yes,1,Yes,No,0
CUST_002200,27,32,89.26,3039.76,One year,No,Credit card,4,No,0,Yes,No,1
CUST_002201,38,50,57.43,3107.34,Two year,No,Credit card,0,No,0,Yes,No,0
CUST_002202,18,21,54.39,1125.16,One year,DSL,Credit card,3,No,1,No,No,0
CUST_002203,20,20,20.56,384.43,One year,Fiber optic,Electronic check,2,No,0,No,No,0
CUST_002204,37,10,118.22,1130.1,Two year,DSL,Mailed check,4,No,0,No,No,1
CUST_002205,43,1,80.65,83.62,Month-to-month,DSL,Electronic check,4,Yes,0,No,No,1
CUST_002206,63,37,60.23,2149.08,One year,No,Bank transfer,3,Yes,0,No,No,0
CUST_002207,25,72,74.38,4960.03,Month-to-month,No,Mailed check,5,No,0,No,No,0
CUST_002208,65,16,24.05,357.05,Month-to-month,DSL,Bank transfer,2,No,0,No,No,0
CUST_002209,31,32,37.37,1156.21,Month-to-month,No,Electronic check,2,No,0,Yes,No,0
CUST_002210,25,68,82.34,5201.25,Month-to-month,Fiber optic,Bank transfer,3,Yes,0,Yes,No,0
CUST_002211,57,56,71.43,4334.44,One year,Fiber optic,Electronic check,2,No,0,No,No,0
CUST_002212,62,1,98.71,88.97,Month-to-month,Fiber optic,Credit card,7,No,1,No,No,1
CUST_002213,52,37,85.87,3007.06,One year,Fiber optic,Electronic check,5,Yes,0,Yes,Yes,0
CUST_002214,24,11,80.14,957.16,Two year,No,Bank transfer,2,Yes,0,Yes,Yes,0
CUST_002215,24,18,101.53,1939.65,Month-to-month,DSL,Electronic check,0,No,0,Yes,Yes,1
CUST_002216,40,18,26.83,523.98,Month-to-month,Fiber optic,Bank transfer,3,Yes,0,Yes,No,0
CUST_002217,43,45,89.09,4311.55,Month-to-month,DSL,Bank transfer,5,Yes,0,Yes,Yes,1
CUST_002218,74,15,91.56,1351.44,Month-to-month,No,Mailed check,3,Yes,1,No,No,1
CUST_002219,34,19,47.52,829.41,Two year,DSL,Electronic check,4,No,0,Yes,No,0
CUST_002220,28,17,39.56,717.14,One year,Fiber optic,Electronic check,2,No,0,Yes,No,0
CUST_002221,71,26,41.39,1049.01,One year,Fiber optic,Electronic check,2,Yes,1,Yes,No,0
CUST_002222,26,48,39.81,1763.77,Month-to-month,DSL,Bank transfer,0,No,0,No,No,0
CUST_002223,19,29,72.38,2213.79,One year,DSL,Electronic check,1,Yes,1,No,No,0
CUST_002224,42,24,33.56,728.97,One year,DSL,Electronic check,3,No,0,Yes,No,0
CUST_002225,40,38,85.93,3081.0,Month-to-month,Fiber optic,Electronic check,4,Yes,0,No,No,0
CUST_002226,53,45,30.51,1415.83,Month-to-month,DSL,Electronic check,3,No,0,No,No,0
CUST_002227,68,2,22.69,43.02,Month-to-month,Fiber optic,Electronic check,3,No,0,No,No,0
CUST_002228,71,65,51.93,3082.66,Month-to-month,Fiber optic,Bank transfer,5,No,1,No,No,0
CUST_002229,34,66,39.19,2680.95,Two year,No,Electronic check,1,Yes,0,Yes,No,0
CUST_002230,73,44,118.87,5024.59,One year,Fiber optic,Credit card,2,No,0,Yes,Yes,1
CUST_002231,54,42,50.3,2288.79,Month-to-month,DSL,Bank transfer,1,No,0,No,Yes,0
CUST_002232,21,51,42.21,1964.67,Two year,No,Mailed check,3,No,0,Yes,Yes,0
CUST_002233,71,32,39.68,1231.51,Month-to-month,No,Credit card,4,No,1,No,No,0
CUST_002234,25,27,57.39,1672.91,Month-to-month,Fiber optic,Bank transfer,4,No,0,No,No,0
CUST_002235,51,26,80.58,1918.94,Two year,Fiber optic,Bank transfer,3,No,0,Yes,No,0
CUST_002236,63,12,98.19,1266.92,Two year,DSL,Electronic check,5,Yes,0,No,No,0
CUST_002237,32,61,56.46,3675.92,One year,Fiber optic,Bank transfer,1,Yes,0,No,No,0
CUST_002238,33,24,82.6,1836.58,Month-to-month,Fiber optic,Electronic check,5,No,0,No,No,1
CUST_002239,45,21,68.21,1449.27,Two year,DSL,Mailed check,3,No,0,Yes,Yes,0
CUST_002240,68,70,104.65,6767.32,One year,DSL,Electronic check,2,No,0,Yes,No,0
CUST_002241,30,37,76.9,3088.4,One year,DSL,Mailed check,1,No,0,No,No,1
CUST_002242,55,45,48.99,2418.83,Month-to-month,Fiber optic,Bank transfer,1,No,0,No,No,1
CUST_002243,43,18,90.36,1576.74,Month-to-month,DSL,Electronic check,3,No,0,Yes,Yes,1
CUST_002244,24,20,102.01,2228.23,Two year,Fiber optic,Electronic check,2,No,0,Yes,Yes,0
CUST_002245,58,53,66.54,3367.47,Two year,No,Credit card,3,Yes,0,Yes,Yes,0
CUST_002246,65,33,118.72,3998.22,One year,DSL,Electronic check,0,Yes,0,Yes,No,0
CUST_002247,50,11,107.91,1125.58,Month-to-month,DSL,Electronic check,2,No,0,Yes,Yes,1
CUST_002248,28,61,39.7,2189.77,One year,DSL,Electronic check,4,No,1,Yes,No,1
CUST_002249,26,29,98.68,2776.21,Month-to-month,Fiber optic,Credit card,4,Yes,1,Yes,Yes,1
CUST_002250,42,49,80.1,3878.67,Month-to-month,No,Bank transfer,8,No,0,No,Yes,0
CUST_002251,46,25,73.48,1724.33,Month-to-month,Fiber optic,Bank transfer,2,No,0,Yes,No,1
CUST_002252,49,41,71.39,2936.77,Month-to-month,No,Credit card,6,No,0,Yes,No,1
CUST_002253,31,56,105.34,6407.06,One year,No,Bank transfer,5,No,0,Yes,No,0
CUST_002254,46,64,81.09,5515.92,Month-to-month,DSL,Credit card,2,Yes,0,Yes,No,0
CUST_002255,34,15,73.77,1087.22,Month-to-month,Fiber optic,Bank transfer,5,No,0,Yes,No,0
CUST_002256,57,49,24.89,1199.99,Two year,Fiber optic,Credit card,3,No,0,No,No,0
CUST_002257,63,66,64.83,4593.45,One year,Fiber optic,Bank transfer,2,No,0,No,No,0
CUST_002258,55,47,110.8,5281.17,Month-to-month,DSL,Electronic check,2,No,0,Yes,Yes,0
CUST_002259,18,11,91.17,986.43,Month-to-month,DSL,Electronic check,2,Yes,0,No,Yes,0
CUST_002260,74,14,25.1,335.7,One year,Fiber optic,Electronic check,0,No,0,No,No,0
CUST_002261,19,15,108.4,1768.57,Month-to-month,Fiber optic,Mailed check,2,No,0,No,No,1
CUST_002262,74,8,102.67,819.38,Month-to-month,DSL,Credit card,3,Yes,0,Yes,No,1
CUST_002263,19,55,74.67,3964.02,Month-to-month,DSL,Bank transfer,2,Yes,0,No,No,0
CUST_002264,47,70,22.24,1681.11,Month-to-month,Fiber optic,Bank transfer,1,No,0,No,Yes,1
CUST_002265,24,38,76.24,3001.45,One year,Fiber optic,Bank transfer,0,No,0,No,No,0
CUST_002266,23,44,25.46,1206.49,Month-to-month,Fiber optic,Credit card,1,Yes,0,No,No,0
CUST_002267,56,56,52.04,2797.77,Month-to-month,DSL,Bank transfer,3,No,0,Yes,No,0
CUST_002268,59,30,82.89,2724.11,Month-to-month,DSL,Electronic check,4,No,0,Yes,No,0
CUST_002269,24,35,111.29,4184.99,Month-to-month,Fiber optic,Mailed check,1,Yes,0,No,No,1
CUST_002270,73,43,55.78,2463.85,Month-to-month,Fiber optic,Mailed check,4,No,1,Yes,No,0
CUST_002271,36,22,106.0,2553.64,Two year,DSL,Electronic check,0,No,0,No,No,0
CUST_002272,36,5,111.84,552.44,Month-to-month,Fiber optic,Electronic check,2,Yes,0,Yes,No,1
CUST_002273,34,41,22.1,906.49,Month-to-month,Fiber optic,Electronic check,4,No,1,No,No,0
CUST_002274,44,60,43.94,2687.27,Month-to-month,Fiber optic,Electronic check,2,No,0,No,Yes,1
CUST_002275,28,6,90.99,576.59,One year,DSL,Electronic check,3,No,0,No,No,1
CUST_002276,42,16,95.68,1592.64,Month-to-month,Fiber optic,Credit card,1,No,0,Yes,No,1
CUST_002277,29,19,59.24,1219.54,Two year,No,Electronic check,5,No,0,Yes,No,1
CUST_002278,20,58,85.68,4939.78,One year,Fiber optic,Credit card,0,No,0,Yes,No,0
CUST_002279,39,37,81.22,3046.2,Month-to-month,DSL,Electronic check,3,Yes,0,No,No,1
CUST_002280,56,39,93.98,3603.16,One year,DSL,Credit card,4,Yes,0,Yes,No,0
CUST_002281,61,47,91.87,4567.8,Month-to-month,DSL,Bank transfer,3,Yes,0,Yes,No,0
CUST_002282,38,20,28.59,596.74,Two year,No,Credit card,3,No,0,Yes,No,0
CUST_002283,36,52,35.83,2032.65,Two year,No,Mailed check,3,No,1,No,Yes,0
CUST_002284,62,3,33.27,109.15,Month-to-month,DSL,Bank transfer,2,No,0,Yes,No,1
CUST_002285,56,9,113.25,1031.41,One year,No,Mailed check,0,No,0,Yes,No,1
CUST_002286,65,59,111.35,5963.0,Month-to-month,DSL,Mailed check,3,No,0,Yes,No,1
CUST_002287,69,48,99.74,4870.4,Month-to-month,Fiber optic,Bank transfer,2,No,0,Yes,No,1
CUST_002288,64,13,31.67,423.94,One year,Fiber optic,Electronic check,3,No,0,Yes,No,0
CUST_002289,71,32,77.43,2263.35,Two year,Fiber optic,Electronic check,0,No,0,No,No,0
CUST_002290,41,4,38.72,144.99,Month-to-month,Fiber optic,Credit card,3,Yes,1,Yes,Yes,1
CUST_002291,40,49,56.84,2989.79,One year,Fiber optic,Electronic check,2,Yes,0,No,Yes,0
CUST_002292,36,55,46.71,2534.05,One year,DSL,Bank transfer,2,Yes,1,Yes,Yes,0
CUST_002293,31,21,102.89,2343.66,Month-to-month,No,Electronic check,1,No,0,No,No,0
CUST_002294,60,26,34.45,863.96,One year,DSL,Mailed check,4,No,0,Yes,No,0
CUST_002295,58,18,84.62,1669.56,One year,DSL,Electronic check,4,No,1,No,Yes,1
CUST_002296,63,29,118.39,3552.79,One year,No,Mailed check,2,No,1,Yes,No,1
CUST_002297,27,20,88.71,1862.52,Two year,Fiber optic,Credit card,2,No,0,Yes,No,0
CUST_002298,46,18,27.92,512.58,Month-to-month,Fiber optic,Credit card,4,No,0,Yes,Yes,1
CUST_002299,30,31,110.78,3464.25,Month-to-month,DSL,Electronic check,2,Yes,0,No,No,1
CUST_002300,68,62,84.31,5464.43,Month-to-month,DSL,Electronic check,2,Yes,0,Yes,No,0
CUST_002301,33,55,65.63,3393.19,Month-to-month,DSL,Credit card,1,Yes,1,No,Yes,0
CUST_002302,26,22,85.97,1886.55,Month-to-month,Fiber optic,Electronic check,2,No,0,Yes,No,0
CUST_002303,50,68,107.9,7997.66,Two year,Fiber optic,Electronic check,1,No,0,No,No,0
CUST_002304,68,16,67.71,1168.85,Month-to-month,Fiber optic,Mailed check,1,No,0,Yes,Yes,0
CUST_002305,70,66,73.13,5243.0,One year,No,Bank transfer,2,No,0,No,No,0
CUST_002306,23,23,65.24,1590.87,Month-to-month,No,Electronic check,4,No,0,No,No,0
CUST_002307,36,39,27.26,1123.66,Month-to-month,DSL,Electronic check,3,No,0,Yes,No,0
CUST_002308,26,15,98.71,1606.77,Two year,No,Credit card,3,No,0,Yes,Yes,1
CUST_002309,35,55,32.64,1890.29,One year,No,Credit card,2,Yes,0,Yes,No,0
CUST_002310,48,23,59.46,1255.62,Month-to-month,No,Bank transfer,2,Yes,0,Yes,No,0
CUST_002311,33,63,58.68,3753.03,Two year,Fiber optic,Bank transfer,3,No,0,No,No,0
CUST_002312,21,6,48.0,261.41,Month-to-month,DSL,Credit card,3,Yes,0,Yes,Yes,0
CUST_002313,47,37,60.25,2085.55,Month-to-month,DSL,Bank transfer,3,No,0,No,No,0
CUST_002314,21,12,81.8,1016.62,Month-to-month,No,Bank transfer,5,No,0,Yes,No,1
CUST_002315,30,65,51.14,3604.69,One year,Fiber optic,Mailed check,1,No,1,No,Yes,0
CUST_002316,18,31,37.25,1042.6,Month-to-month,No,Electronic check,3,Yes,0,No,Yes,0
CUST_002317,22,49,106.94,5508.7,Two year,Fiber optic,Credit card,1,Yes,0,Yes,No,0
CUST_002318,42,64,117.08,7428.77,Month-to-month,DSL,Bank transfer,1,No,0,No,No,1
CUST_002319,66,39,65.86,2734.36,Month-to-month,Fiber optic,Electronic check,2,No,0,Yes,No,0
CUST_002320,62,5,52.7,270.54,Two year,No,Bank transfer,3,Yes,0,Yes,No,1
CUST_002321,23,16,24.75,402.93,Month-to-month,DSL,Credit card,1,No,0,No,Yes,0
CUST_002322,19,16,23.69,373.43,Month-to-month,Fiber optic,Electronic check,2,No,1,Yes,Yes,0
CUST_002323,37,66,59.29,3794.41,Month-to-month,No,Bank transfer,2,Yes,0,No,No,0
CUST_002324,55,66,113.02,7463.48,Month-to-month,DSL,Electronic check,2,No,0,Yes,No,0
CUST_002325,60,35,93.07,3369.9,Month-to-month,DSL,Bank transfer,3,No,0,No,Yes,1
CUST_002326,64,65,54.93,3483.89,Month-to-month,Fiber optic,Credit card,1,No,0,Yes,No,0
CUST_002327,37,18,116.8,2097.34,One year,No,Credit card,1,No,0,Yes,No,0
CUST_002328,27,49,62.88,3140.26,Month-to-month,Fiber optic,Credit card,2,No,1,Yes,No,1
CUST_002329,19,29,47.68,1245.27,Month-to-month,DSL,Bank transfer,1,No,1,No,Yes,0
CUST_002330,26,18,62.64,1063.0,One year,DSL,Mailed check,1,Yes,0,No,No,0
CUST_002331,21,19,41.15,732.5,Month-to-month,Fiber optic,Bank transfer,2,No,1,No,No,1
CUST_002332,67,31,108.56,3616.66,One year,DSL,Electronic check,0,No,0,No,No,0
CUST_002333,33,25,56.12,1515.12,One year,DSL,Bank transfer,5,Yes,0,Yes,No,0
CUST_002334,64,16,85.8,1284.88,Month-to-month,No,Mailed check,3,Yes,1,No,No,0
CUST_002335,49,25,58.9,1530.83,Month-to-month,DSL,Mailed check,1,No,1,Yes,No,0
CUST_002336,48,10,110.17,1083.32,Month-to-month,No,Mailed check,1,No,0,Yes,Yes,1
CUST_002337,43,70,84.24,5953.64,Month-to-month,No,Mailed check,2,Yes,0,Yes,No,0
CUST_002338,64,28,68.83,1892.65,Month-to-month,Fiber optic,Electronic check,4,Yes,0,No,Yes,0
CUST_002339,20,8,33.21,264.01,One year,Fiber optic,Electronic check,3,No,0,Yes,No,1
CUST_002340,23,42,110.19,4803.8,One year,DSL,Mailed check,4,Yes,0,Yes,Yes,0
CUST_002341,42,64,74.68,4578.66,Month-to-month,Fiber optic,Electronic check,4,Yes,0,No,No,0
CUST_002342,40,26,48.51,1140.45,Two year,Fiber optic,Credit card,3,No,0,Yes,No,0
CUST_002343,49,61,107.79,6578.56,Month-to-month,DSL,Electronic check,2,No,0,Yes,No,1
CUST_002344,60,44,25.44,1029.38,Two year,Fiber optic,Credit card,4,No,0,Yes,No,0
CUST_002345,51,54,51.41,3029.95,Two year,DSL,Electronic check,2,No,0,No,No,0
CUST_002346,32,22,73.68,1569.77,Month-to-month,DSL,Credit card,3,No,0,No,No,1
CUST_002347,36,3,53.98,146.42,Month-to-month,Fiber optic,Bank transfer,3,Yes,1,No,No,1
CUST_002348,60,25,67.67,1685.13,Month-to-month,Fiber optic,Credit card,4,No,0,No,No,0
CUST_002349,29,67,46.43,2999.81,Two year,DSL,Credit card,4,No,0,No,Yes,0
CUST_002350,46,57,33.01,1951.63,Month-to-month,DSL,Bank transfer,0,No,0,No,No,0
CUST_002351,48,57,23.69,1405.91,Two year,DSL,Electronic check,1,No,0,No,Yes,0
CUST_002352,60,64,35.76,2379.44,Month-to-month,Fiber optic,Mailed check,1,No,0,Yes,No,0
CUST_002353,58,27,115.29,3045.5,Month-to-month,Fiber optic,Electronic check,4,Yes,0,Yes,No,1
CUST_002354,44,24,77.54,1994.18,One year,DSL,Credit card,0,No,0,Yes,Yes,0
CUST_002355,35,67,68.9,4198.4,Month-to-month,Fiber optic,Credit card,5,No,0,No,No,0
CUST_002356,38,42,58.43,2439.48,Month-to-month,No,Electronic check,0,No,0,Yes,No,1
CUST_002357,41,22,90.84,2177.34,Two year,Fiber optic,Bank transfer,2,No,0,Yes,Yes,0
CUST_002358,30,21,34.13,705.01,Month-to-month,Fiber optic,Electronic check,2,Yes,1,No,No,1
CUST_002359,53,64,47.61,3340.96,Two year,Fiber optic,Bank transfer,3,No,1,Yes,Yes,0
CUST_002360,29,4,85.59,356.83,Two year,No,Bank transfer,3,No,0,Yes,No,0
CUST_002361,54,5,67.91,333.38,Month-to-month,No,Mailed check,1,No,0,Yes,No,0
CUST_002362,60,54,97.01,5429.81,Month-to-month,DSL,Credit card,2,No,0,No,Yes,0
CUST_002363,72,1,109.71,119.51,Month-to-month,DSL,Electronic check,4,No,0,No,No,1
CUST_002364,24,13,102.34,1423.34,One year,DSL,Bank transfer,1,Yes,0,No,No,1
CUST_002365,61,72,38.42,2597.61,Two year,Fiber optic,Bank transfer,6,No,0,Yes,Yes,0
CUST_002366,22,31,29.15,960.73,Two year,DSL,Electronic check,4,Yes,0,No,No,0
CUST_002367,37,53,36.94,1851.0,Two year,No,Mailed check,2,Yes,1,No,No,0
CUST_002368,28,36,98.35,3257.26,Month-to-month,DSL,Electronic check,3,Yes,0,No,No,0
CUST_002369,27,7,111.38,764.59,Month-to-month,Fiber optic,Bank transfer,5,No,0,No,No,1
CUST_002370,27,14,112.54,1604.64,Month-to-month,DSL,Credit card,3,No,0,Yes,No,1
CUST_002371,20,55,49.82,2637.25,Two year,Fiber optic,Electronic check,5,No,0,No,No,0
CUST_002372,64,7,104.03,778.76,Month-to-month,Fiber optic,Electronic check,0,No,0,No,Yes,0
CUST_002373,21,43,73.62,3055.5,Month-to-month,Fiber optic,Mailed check,3,Yes,0,Yes,No,0
CUST_002374,40,26,102.28,2457.34,Month-to-month,Fiber optic,Electronic check,2,No,0,Yes,Yes,0
CUST_002375,57,27,74.84,2020.15,Month-to-month,Fiber optic,Electronic check,2,Yes,0,Yes,No,1
CUST_002376,74,69,34.59,2450.5,Month-to-month,Fiber optic,Bank transfer,6,No,1,No,Yes,1
CUST_002377,66,44,27.92,1173.45,Month-to-month,No,Mailed check,2,No,0,Yes,Yes,0
CUST_002378,25,45,115.72,5618.6,Two year,Fiber optic,Credit card,0,Yes,0,No,Yes,0
CUST_002379,74,26,62.58,1484.37,One year,Fiber optic,Mailed check,2,No,0,Yes,No,0
CUST_002380,55,28,55.05,1571.0,Month-to-month,Fiber optic,Bank transfer,2,No,1,No,Yes,1
CUST_002381,28,50,55.63,2971.71,One year,No,Mailed check,3,Yes,0,No,No,0
CUST_002382,43,3,57.89,184.46,Month-to-month,Fiber optic,Electronic check,3,No,0,Yes,No,1
CUST_002383,70,18,114.5,2123.33,One year,No,Mailed check,1,Yes,0,Yes,Yes,0
CUST_002384,40,44,26.27,1050.01,Month-to-month,No,Bank transfer,0,No,0,No,No,0
CUST_002385,28,45,31.91,1315.57,One year,DSL,Credit card,2,Yes,1,No,Yes,0
CUST_002386,67,7,98.97,690.27,Month-to-month,DSL,Electronic check,4,No,0,No,No,1
CUST_002387,72,57,74.94,4651.79,Month-to-month,Fiber optic,Mailed check,3,Yes,0,Yes,Yes,0
CUST_002388,73,40,32.85,1203.18,One year,Fiber optic,Bank transfer,1,No,0,No,No,0
CUST_002389,72,18,23.45,451.87,One year,Fiber optic,Electronic check,3,Yes,0,No,No,0
CUST_002390,67,55,42.42,2479.16,One year,No,Credit card,0,No,1,Yes,Yes,0
CUST_002391,43,72,46.08,3618.92,Month-to-month,Fiber optic,Electronic check,1,Yes,0,Yes,No,0
CUST_002392,28,31,21.42,617.73,Month-to-month,DSL,Credit card,2,Yes,1,No,No,0
CUST_002393,53,21,41.61,804.74,One year,Fiber optic,Bank transfer,2,Yes,0,Yes,No,0
CUST_002394,30,22,93.83,2014.42,Month-to-month,DSL,Electronic check,4,Yes,0,Yes,Yes,0
CUST_002395,44,43,105.54,4554.92,Month-to-month,Fiber optic,Bank transfer,4,No,0,No,Yes,1
CUST_002396,55,4,109.82,470.73,Month-to-month,No,Electronic check,3,No,0,No,No,1
CUST_002397,71,35,58.99,2238.32,Month-to-month,DSL,Bank transfer,4,No,0,No,Yes,0
CUST_002398,34,2,51.94,100.14,Month-to-month,No,Credit card,2,No,1,No,No,0
CUST_002399,32,3,119.99,383.26,Month-to-month,No,Bank transfer,0,Yes,0,Yes,No,1
CUST_002400,59,31,96.93,3207.65,One year,DSL,Electronic check,2,No,1,No,Yes,0
CUST_002401,18,54,73.74,3912.11,One year,No,Mailed check,3,No,0,Yes,No,0
CUST_002402,50,64,45.48,2886.13,One year,Fiber optic,Mailed check,7,Yes,0,No,Yes,0
CUST_002403,60,7,52.13,392.77,One year,Fiber optic,Bank transfer,2,No,1,Yes,Yes,0
CUST_002404,49,18,71.54,1384.8,Month-to-month,DSL,Bank transfer,2,Yes,0,Yes,No,1
CUST_002405,39,31,74.21,2512.66,Two year,DSL,Mailed check,1,No,0,Yes,No,0
CUST_002406,65,42,21.37,917.66,One year,Fiber optic,Bank transfer,2,No,0,Yes,No,0
CUST_002407,39,72,115.94,8325.63,Month-to-month,DSL,Bank transfer,1,No,0,Yes,No,1
CUST_002408,58,50,77.56,4131.46,Month-to-month,DSL,Bank transfer,3,No,0,No,No,0
CUST_002409,44,39,78.92,2819.76,One year,No,Electronic check,1,No,0,No,Yes,0
CUST_002410,19,5,41.15,221.07,One year,Fiber optic,Mailed check,5,No,0,Yes,No,0
CUST_002411,48,6,96.5,546.18,One year,Fiber optic,Mailed check,3,No,0,No,No,0
CUST_002412,20,12,93.73,1117.92,One year,No,Credit card,1,No,0,No,No,0
CUST_002413,71,48,29.52,1469.75,Two year,DSL,Credit card,1,No,0,Yes,Yes,0
CUST_002414,52,24,79.5,1727.83,Two year,DSL,Credit card,4,Yes,0,Yes,No,1
CUST_002415,39,18,85.82,1510.95,One year,Fiber optic,Electronic check,1,No,0,No,No,1
CUST_002416,45,49,103.56,4864.23,Two year,Fiber optic,Bank transfer,1,No,0,Yes,No,0
CUST_002417,53,59,40.61,2189.12,Two year,DSL,Credit card,2,No,0,No,No,0
CUST_002418,32,32,107.76,3219.48,Month-to-month,Fiber optic,Electronic check,1,Yes,0,No,Yes,1
CUST_002419,34,64,66.15,3945.33,One year,DSL,Electronic check,2,No,0,No,Yes,0
CUST_002420,41,53,29.65,1650.42,Month-to-month,Fiber optic,Electronic check,0,No,1,No,Yes,0
CUST_002421,32,52,30.56,1558.77,Month-to-month,Fiber optic,Bank transfer,4,Yes,0,No,No,0
CUST_002422,61,63,39.78,2278.68,Month-to-month,Fiber optic,Mailed check,4,Yes,1,No,Yes,0
CUST_002423,23,14,48.28,638.43,Month-to-month,DSL,Electronic check,4,No,1,Yes,No,0
CUST_002424,65,55,69.64,4001.3,Month-to-month,DSL,Mailed check,2,No,0,Yes,No,0
CUST_002425,37,69,94.88,6184.26,Month-to-month,No,Bank transfer,4,Yes,0,No,No,0
CUST_002426,49,72,38.67,2749.61,Month-to-month,No,Credit card,1,Yes,0,No,No,0
CUST_002427,26,42,119.27,5167.5,One year,Fiber optic,Bank transfer,2,Yes,0,No,No,0
CUST_002428,39,55,36.15,2171.61,Two year,DSL,Credit card,2,No,0,No,No,0
CUST_002429,61,64,79.94,4666.33,Two year,Fiber optic,Bank transfer,3,No,0,No,No,0
CUST_002430,33,62,112.89,6609.51,Month-to-month,DSL,Credit card,0,Yes,0,No,No,0
CUST_002431,25,65,103.25,6338.25,Month-to-month,DSL,Mailed check,2,No,1,Yes,No,0
CUST_002432,47,60,84.79,5477.69,Two year,DSL,Credit card,3,Yes,0,Yes,No,0
CUST_002433,27,28,91.55,2589.61,Month-to-month,DSL,Credit card,2,No,0,No,Yes,0
CUST_002434,35,53,33.42,1860.14,Two year,DSL,Bank transfer,5,No,1,No,No,1
CUST_002435,43,30,20.97,623.97,One year,DSL,Mailed check,4,Yes,0,Yes,No,0
CUST_002436,50,58,63.41,3657.9,Month-to-month,No,Electronic check,6,No,0,Yes,Yes,0
CUST_002437,54,59,28.95,1869.89,Month-to-month,Fiber optic,Electronic check,0,No,0,No,No,0
CUST_002438,56,68,55.78,3538.83,Month-to-month,Fiber optic,Electronic check,4,No,1,Yes,No,0
CUST_002439,66,43,42.37,1784.49,Month-to-month,DSL,Electronic check,0,Yes,1,Yes,No,0
CUST_002440,21,35,111.63,4287.57,Month-to-month,No,Mailed check,4,No,0,Yes,No,1
CUST_002441,38,12,108.01,1234.05,Two year,DSL,Electronic check,3,No,1,No,No,1
CUST_002442,18,46,101.89,4322.27,One year,DSL,Credit card,2,Yes,0,Yes,No,0
CUST_002443,18,41,91.39,3594.36,Month-to-month,Fiber optic,Bank transfer,2,No,0,Yes,No,1
CUST_002444,30,38,35.41,1435.97,Month-to-month,Fiber optic,Credit card,1,No,0,Yes,No,0
CUST_002445,52,49,24.84,1337.79,Month-to-month,No,Mailed check,3,Yes,0,No,No,0
CUST_002446,68,62,85.39,5424.55,Month-to-month,Fiber optic,Electronic check,1,No,0,No,Yes,0
CUST_002447,62,11,84.23,1017.26,One year,DSL,Electronic check,1,No,0,No,No,0
CUST_002448,54,32,56.94,1704.75,One year,DSL,Credit card,4,No,0,Yes,Yes,0
CUST_002449,62,53,67.27,3657.39,Two year,Fiber optic,Electronic check,5,No,0,No,No,1
CUST_002450,27,60,68.91,4211.14,Month-to-month,DSL,Bank transfer,5,Yes,1,No,Yes,0
CUST_002451,65,57,43.99,2322.63,Month-to-month,DSL,Electronic check,5,No,0,Yes,No,0
CUST_002452,68,58,51.42,3051.49,Two year,DSL,Mailed check,1,No,0,No,Yes,0
CUST_002453,23,62,61.84,3861.99,One year,No,Electronic check,2,No,0,Yes,No,0
CUST_002454,44,70,80.32,5910.63,One year,DSL,Mailed check,2,No,0,Yes,No,0
CUST_002455,65,44,115.58,5421.67,Month-to-month,DSL,Electronic check,0,No,0,No,Yes,0
CUST_002456,45,18,73.85,1255.94,Two year,No,Credit card,4,Yes,0,No,No,1
CUST_002457,65,41,93.12,3520.13,Month-to-month,Fiber optic,Electronic check,2,No,1,No,Yes,1
CUST_002458,71,52,100.7,5680.83,Month-to-month,Fiber optic,Electronic check,3,Yes,0,Yes,Yes,0
CUST_002459,45,8,31.35,262.87,One year,Fiber optic,Electronic check,1,No,0,No,No,0
CUST_002460,21,55,85.31,4562.89,Month-to-month,DSL,Credit card,2,No,0,No,No,0
CUST_002461,37,40,68.21,2748.41,Two year,No,Bank transfer,1,No,0,Yes,No,0
CUST_002462,30,68,77.24,5590.99,Month-to-month,DSL,Bank transfer,4,Yes,0,No,Yes,0
CUST_002463,45,16,23.84,355.71,Month-to-month,No,Mailed check,3,No,0,Yes,No,0
CUST_002464,51,66,110.62,6572.73,Month-to-month,DSL,Credit card,0,Yes,1,Yes,No,0
CUST_002465,44,33,115.28,3839.55,Two year,Fiber optic,Electronic check,1,Yes,0,Yes,No,0
CUST_002466,29,42,20.35,785.16,One year,Fiber optic,Bank transfer,1,No,0,No,No,0
CUST_002467,35,48,41.28,2164.6,Month-to-month,DSL,Credit card,3,Yes,0,No,Yes,0
CUST_002468,56,42,38.02,1502.23,Month-to-month,Fiber optic,Electronic check,2,No,0,No,No,0
CUST_002469,19,66,98.13,6782.54,Month-to-month,Fiber optic,Electronic check,2,No,0,Yes,Yes,0
CUST_002470,30,13,79.81,1081.33,Month-to-month,DSL,Mailed check,4,Yes,0,No,No,1
CUST_002471,68,53,37.73,1866.23,One year,No,Electronic check,1,No,0,No,No,0
CUST_002472,23,71,101.4,6516.09,Month-to-month,DSL,Electronic check,4,No,0,No,No,0
CUST_002473,41,16,55.35,837.82,Month-to-month,Fiber optic,Mailed check,1,No,0,No,Yes,1
CUST_002474,29,19,66.09,1266.0,Month-to-month,Fiber optic,Electronic check,2,No,0,Yes,No,0
CUST_002475,23,35,58.73,1901.95,One year,Fiber optic,Bank transfer,6,No,0,No,No,0
CUST_002476,42,53,72.14,4159.94,One year,Fiber optic,Mailed check,3,No,0,No,No,0
CUST_002477,47,70,68.01,5029.91,One year,Fiber optic,Bank transfer,2,No,0,Yes,No,0
CUST_002478,28,58,47.46,2600.86,One year,Fiber optic,Mailed check,6,No,0,No,Yes,0
CUST_002479,22,58,62.46,3342.32,Two year,Fiber optic,Mailed check,2,No,0,Yes,No,0
CUST_002480,25,32,110.83,3239.83,Month-to-month,Fiber optic,Mailed check,1,No,0,No,Yes,1
CUST_002481,55,47,70.29,3514.84,Two year,Fiber optic,Credit card,2,No,1,Yes,No,0
CUST_002482,67,16,111.64,1922.75,One year,DSL,Mailed check,6,Yes,0,No,No,0
CUST_002483,28,34,75.01,2563.62,Month-to-month,DSL,Bank transfer,2,Yes,0,Yes,No,1
CUST_002484,36,14,96.88,1373.85,Two year,Fiber optic,Credit card,3,Yes,0,No,Yes,0
CUST_002485,37,2,49.36,97.18,One year,No,Bank transfer,4,No,0,Yes,Yes,0
CUST_002486,38,62,99.04,6507.09,One year,DSL,Electronic check,2,Yes,0,Yes,No,0
CUST_002487,31,58,46.43,2894.18,Month-to-month,Fiber optic,Electronic check,3,No,0,Yes,No,0
CUST_002488,21,37,21.95,781.94,Month-to-month,DSL,Bank transfer,0,No,0,Yes,No,0
CUST_002489,47,2,36.07,77.92,Two year,Fiber optic,Bank transfer,0,Yes,0,No,No,0
CUST_002490,38,7,22.17,147.17,Month-to-month,Fiber optic,Bank transfer,3,No,0,No,No,0
CUST_002491,37,9,114.71,974.66,Month-to-month,Fiber optic,Bank transfer,5,Yes,0,Yes,Yes,1
CUST_002492,33,52,120.0,6678.42,Month-to-month,Fiber optic,Electronic check,6,No,0,No,No,1
CUST_002493,70,15,96.22,1449.16,Month-to-month,Fiber optic,Bank transfer,3,Yes,0,No,No,0
CUST_002494,52,19,30.81,532.98,Two year,DSL,Bank transfer,3,No,0,No,No,0
CUST_002495,41,62,109.89,6270.75,One year,Fiber optic,Credit card,2,Yes,0,Yes,Yes,1
CUST_002496,29,64,94.38,5784.4,Two year,DSL,Bank transfer,5,No,0,No,Yes,0
CUST_002497,63,55,53.22,2738.81,Month-to-month,No,Mailed check,4,Yes,0,Yes,No,0
CUST_002498,68,23,70.23,1775.63,Month-to-month,Fiber optic,Bank transfer,1,No,1,Yes,No,1
CUST_002499,19,42,86.18,3776.91,Month-to-month,DSL,Bank transfer,3,Yes,0,No,No,0
CUST_002500,70,15,22.41,332.03,Month-to-month,DSL,Electronic check,0,Yes,0,No,No,0
CUST_002501,57,62,70.15,4616.26,One year,Fiber optic,Mailed check,2,No,0,Yes,No,0
CUST_002502,23,7,93.24,625.8,Month-to-month,No,Electronic check,2,Yes,0,No,No,1
CUST_002503,60,54,38.82,1898.83,Month-to-month,DSL,Electronic check,4,No,0,Yes,No,0
CUST_002504,24,37,64.38,2317.79,Two year,Fiber optic,Bank transfer,3,No,0,No,No,0
CUST_002505,20,55,73.25,3914.34,One year,DSL,Mailed check,1,No,0,Yes,No,0
CUST_002506,24,33,93.56,2865.27,Month-to-month,Fiber optic,Bank transfer,1,Yes,0,No,No,1
CUST_002507,44,12,116.45,1433.87,One year,Fiber optic,Mailed check,1,No,0,Yes,No,1
CUST_002508,53,55,104.83,5634.88,Month-to-month,DSL,Credit card,1,No,0,Yes,No,0
CUST_002509,41,46,82.15,3626.57,Two year,Fiber optic,Bank transfer,2,No,1,Yes,No,0
CUST_002510,24,34,78.36,2719.88,One year,DSL,Bank transfer,6,No,0,Yes,No,0
CUST_002511,29,27,80.32,2265.22,Month-to-month,No,Mailed check,5,No,1,Yes,No,0
CUST_002512,66,25,74.52,2045.83,Month-to-month,DSL,Credit card,2,No,0,Yes,No,0
CUST_002513,72,35,25.94,977.82,Month-to-month,Fiber optic,Mailed check,2,Yes,0,No,No,0
CUST_002514,60,19,89.83,1541.37,One year,DSL,Bank transfer,1,No,0,Yes,Yes,1
CUST_002515,23,21,91.63,1790.21,Month-to-month,Fiber optic,Mailed check,1,No,1,No,Yes,1
CUST_002516,64,21,71.25,1509.81,One year,DSL,Electronic check,1,No,0,Yes,No,0
CUST_002517,57,1,107.04,106.25,Month-to-month,Fiber optic,Bank transfer,3,No,0,Yes,No,0
CUST_002518,47,67,87.24,6281.05,Month-to-month,DSL,Mailed check,3,Yes,0,No,No,0
CUST_002519,26,18,56.27,1076.59,Month-to-month,Fiber optic,Electronic check,2,Yes,0,Yes,No,1
CUST_002520,74,12,21.97,265.16,Month-to-month,No,Mailed check,2,Yes,0,No,Yes,0
CUST_002521,43,11,25.92,310.73,Month-to-month,Fiber optic,Electronic check,2,No,0,Yes,No,0
CUST_002522,20,72,55.18,3861.29,One year,Fiber optic,Credit card,2,No,0,Yes,No,0
CUST_002523,29,35,66.21,2387.83,Two year,Fiber optic,Bank transfer,1,Yes,0,No,No,0
CUST_002524,40,24,36.69,915.08,Month-to-month,Fiber optic,Electronic check,1,No,0,No,No,1
CUST_002525,21,30,38.93,1169.89,One year,No,Bank transfer,2,Yes,0,No,No,0
CUST_002526,36,7,43.02,284.02,Month-to-month,Fiber optic,Bank transfer,3,No,0,Yes,Yes,0
CUST_002527,44,23,98.05,2099.52,One year,No,Bank transfer,1,Yes,0,No,No,1
CUST_002528,72,18,97.13,1629.99,Month-to-month,No,Bank transfer,1,Yes,0,No,Yes,1
CUST_002529,22,58,58.29,3305.03,One year,Fiber optic,Electronic check,3,No,1,Yes,No,0
CUST_002530,50,5,37.24,192.57,Month-to-month,Fiber optic,Electronic check,1,Yes,0,Yes,No,0
CUST_002531,70,31,31.09,927.17,Month-to-month,Fiber optic,Bank transfer,4,No,1,No,No,0
CUST_002532,63,57,28.71,1754.48,One year,Fiber optic,Bank transfer,4,No,1,Yes,No,0
CUST_002533,70,61,59.13,3676.12,Month-to-month,DSL,Bank transfer,0,No,0,Yes,Yes,1
CUST_002534,27,37,24.55,900.0,Month-to-month,DSL,Electronic check,5,Yes,0,Yes,No,0
CUST_002535,63,17,53.36,874.72,Month-to-month,DSL,Credit card,1,Yes,0,Yes,No,0
CUST_002536,73,25,116.15,2679.23,Two year,Fiber optic,Mailed check,2,No,1,Yes,No,1
CUST_002537,36,17,70.75,1214.79,Month-to-month,Fiber optic,Bank transfer,1,Yes,0,Yes,Yes,1
CUST_002538,46,48,102.26,4788.87,Month-to-month,DSL,Electronic check,0,No,1,Yes,Yes,0
CUST_002539,48,22,32.93,791.52,Two year,Fiber optic,Bank transfer,3,No,0,Yes,Yes,0
CUST_002540,46,46,46.81,2257.66,One year,Fiber optic,Credit card,2,Yes,0,No,No,0
CUST_002541,34,48,114.65,5101.71,Month-to-month,No,Electronic check,5,No,1,No,Yes,1
CUST_002542,73,68,58.36,4012.97,One year,DSL,Bank transfer,2,No,0,No,Yes,0
CUST_002543,72,27,84.84,2461.96,Month-to-month,DSL,Bank transfer,4,No,0,Yes,No,1
CUST_002544,39,70,117.61,8955.92,Month-to-month,DSL,Electronic check,3,No,0,Yes,Yes,0
CUST_002545,63,29,75.08,2365.23,Month-to-month,Fiber optic,Electronic check,3,No,0,No,No,1
CUST_002546,40,50,50.53,2686.74,One year,DSL,Bank transfer,1,Yes,1,No,No,0
CUST_002547,63,48,73.19,3356.55,Two year,DSL,Electronic check,4,No,0,No,No,0
CUST_002548,51,59,25.46,1541.83,Month-to-month,Fiber optic,Electronic check,5,No,0,No,No,0
CUST_002549,44,34,31.24,1106.76,Month-to-month,Fiber optic,Credit card,1,No,1,Yes,No,0
CUST_002550,25,58,20.72,1282.06,Month-to-month,DSL,Bank transfer,1,No,0,Yes,No,0
CUST_002551,55,26,108.42,3036.7,Month-to-month,Fiber optic,Bank transfer,3,No,1,Yes,Yes,1
CUST_002552,36,36,87.13,3156.27,Month-to-month,DSL,Bank transfer,4,No,1,Yes,No,1
CUST_002553,30,36,49.83,1730.51,One year,Fiber optic,Mailed check,0,No,0,No,No,0
CUST_002554,29,51,42.12,2159.39,Month-to-month,Fiber optic,Bank transfer,2,Yes,0,Yes,No,0
CUST_002555,73,45,88.31,4309.41,Two year,DSL,Electronic check,2,No,0,No,No,0
CUST_002556,23,6,111.95,675.22,Month-to-month,DSL,Electronic check,3,Yes,0,No,No,1
CUST_002557,63,59,49.91,2733.15,Month-to-month,No,Bank transfer,1,No,0,No,Yes,0
CUST_002558,67,55,52.16,2831.49,Month-to-month,No,Credit card,7,Yes,0,No,No,0
CUST_002559,19,8,105.42,887.4,One year,DSL,Mailed check,4,No,0,Yes,No,1
CUST_002560,51,70,109.34,8378.82,Month-to-month,Fiber optic,Credit card,2,Yes,0,Yes,No,1
CUST_002561,50,48,111.4,5264.34,Month-to-month,DSL,Bank transfer,3,No,0,No,Yes,1
CUST_002562,38,7,49.32,365.76,Month-to-month,No,Mailed check,2,No,0,Yes,No,0
CUST_002563,56,36,32.03,1100.69,One year,No,Mailed check,3,No,0,No,Yes,0
CUST_002564,41,61,64.0,3797.56,Two year,Fiber optic,Electronic check,3,No,0,Yes,Yes,0
CUST_002565,43,21,49.58,999.11,Month-to-month,Fiber optic,Bank transfer,2,No,0,No,Yes,1
CUST_002566,42,68,108.39,7633.18,Month-to-month,Fiber optic,Electronic check,2,Yes,1,Yes,Yes,0
CUST_002567,63,31,23.66,794.68,Month-to-month,DSL,Mailed check,1,No,0,No,No,0
CUST_002568,54,17,83.39,1508.03,Month-to-month,Fiber optic,Electronic check,1,No,1,No,No,0
CUST_002569,39,26,110.62,2929.82,Two year,DSL,Credit card,1,No,0,Yes,No,1
CUST_002570,70,38,117.67,4502.65,Month-to-month,Fiber optic,Mailed check,2,No,1,No,No,1
CUST_002571,63,50,85.01,4548.39,One year,Fiber optic,Mailed check,3,No,0,No,No,0
CUST_002572,71,67,114.99,8378.99,Two year,DSL,Mailed check,1,Yes,0,Yes,No,0
CUST_002573,59,15,27.57,436.65,One year,Fiber optic,Electronic check,1,No,0,No,No,0
CUST_002574,40,70,55.93,4037.51,Month-to-month,Fiber optic,Mailed check,3,No,0,No,Yes,0
CUST_002575,62,38,20.87,840.16,One year,Fiber optic,Bank transfer,0,Yes,1,Yes,Yes,0
CUST_002576,36,10,118.12,1178.17,Month-to-month,Fiber optic,Bank transfer,1,No,0,Yes,No,1
CUST_002577,33,67,110.27,7276.39,Month-to-month,No,Mailed check,3,No,0,No,No,0
CUST_002578,43,26,22.81,648.03,Two year,DSL,Credit card,2,No,0,No,Yes,0
CUST_002579,73,45,21.81,991.63,Month-to-month,Fiber optic,Electronic check,4,Yes,0,Yes,No,0
CUST_002580,50,51,56.7,2935.31,Month-to-month,Fiber optic,Credit card,0,No,1,Yes,No,0
CUST_002581,39,1,45.85,42.34,Month-to-month,DSL,Electronic check,2,No,0,No,Yes,0
CUST_002582,44,16,104.69,1680.01,Month-to-month,No,Credit card,3,Yes,0,Yes,No,0
CUST_002583,34,50,36.05,1758.78,One year,Fiber optic,Credit card,0,No,0,Yes,No,0
CUST_002584,55,24,99.06,2272.52,One year,DSL,Credit card,4,No,1,Yes,No,0
CUST_002585,37,1,75.45,82.47,One year,DSL,Electronic check,3,No,0,Yes,Yes,1
CUST_002586,49,2,57.74,125.4,Month-to-month,No,Mailed check,1,No,0,No,No,0
CUST_002587,39,60,34.57,2272.35,Month-to-month,No,Credit card,4,Yes,0,No,No,0
CUST_002588,36,12,119.77,1394.09,Month-to-month,DSL,Mailed check,4,No,0,No,Yes,0
CUST_002589,73,8,81.8,674.06,Month-to-month,Fiber optic,Mailed check,2,Yes,0,Yes,Yes,1
CUST_002590,37,41,63.94,2520.86,One year,DSL,Mailed check,1,Yes,0,Yes,No,0
CUST_002591,22,9,57.11,508.29,One year,Fiber optic,Electronic check,2,Yes,0,No,No,0
CUST_002592,39,48,110.57,5059.37,Two year,Fiber optic,Mailed check,0,No,0,No,No,0
CUST_002593,48,40,102.12,4153.78,One year,DSL,Electronic check,4,No,0,Yes,No,0
CUST_002594,23,47,101.12,4551.84,Month-to-month,Fiber optic,Bank transfer,5,No,0,No,No,1
CUST_002595,35,36,81.62,2816.77,One year,No,Mailed check,2,No,0,Yes,Yes,0
CUST_002596,27,57,108.8,6103.96,One year,DSL,Electronic check,1,Yes,1,Yes,No,1
CUST_002597,46,47,49.93,2122.78,Two year,DSL,Electronic check,2,Yes,0,No,No,0
CUST_002598,59,30,90.37,2927.09,Month-to-month,No,Credit card,2,No,0,Yes,No,1
CUST_002599,73,2,60.44,114.16,One year,DSL,Bank transfer,1,No,0,Yes,No,0
CUST_002600,40,20,80.0,1641.86,Month-to-month,Fiber optic,Bank transfer,1,No,1,No,No,0
CUST_002601,67,10,119.82,1094.72,One year,Fiber optic,Bank transfer,2,Yes,1,Yes,No,1
CUST_002602,30,2,118.45,231.29,Two year,DSL,Bank transfer,2,No,0,No,No,1
CUST_002603,62,20,71.26,1295.21,Two year,DSL,Mailed check,0,No,0,Yes,Yes,0
CUST_002604,50,15,77.39,1276.43,Month-to-month,DSL,Bank transfer,0,No,0,No,No,1
CUST_002605,61,6,109.73,706.96,Month-to-month,DSL,Electronic check,2,Yes,0,Yes,Yes,1
CUST_002606,61,23,118.56,2918.87,One year,Fiber optic,Bank transfer,1,Yes,0,No,No,0
CUST_002607,48,37,97.86,3408.11,One year,No,Electronic check,4,No,0,Yes,No,0
CUST_002608,32,13,26.52,349.5,Two year,DSL,Credit card,1,Yes,0,No,No,0
CUST_002609,47,20,52.26,1122.12,Month-to-month,Fiber optic,Mailed check,3,No,0,No,No,0
CUST_002610,65,2,109.66,214.01,Two year,Fiber optic,Electronic check,2,No,0,Yes,No,1
CUST_002611,73,4,96.84,351.34,One year,DSL,Bank transfer,1,No,0,No,No,0
CUST_002612,70,12,94.22,1112.61,Month-to-month,Fiber optic,Electronic check,1,Yes,0,Yes,Yes,1
CUST_002613,28,33,86.79,3088.61,Month-to-month,DSL,Mailed check,6,No,1,Yes,No,1
CUST_002614,52,48,61.53,2723.73,One year,Fiber optic,Credit card,2,Yes,0,Yes,Yes,0
CUST_002615,23,57,60.32,3154.55,Month-to-month,DSL,Bank transfer,5,No,0,No,No,0
CUST_002616,56,46,100.89,4732.2,One year,Fiber optic,Bank transfer,3,Yes,1,Yes,No,0
CUST_002617,74,45,49.38,2100.69,One year,No,Mailed check,3,Yes,0,No,No,0
CUST_002618,20,68,88.48,5882.79,Month-to-month,DSL,Mailed check,2,No,0,No,No,0
CUST_002619,55,19,92.62,1724.35,Month-to-month,No,Electronic check,3,Yes,0,Yes,No,1
CUST_002620,71,58,104.46,6301.01,Two year,DSL,Bank transfer,0,No,0,Yes,No,0
CUST_002621,66,68,51.99,3201.72,One year,DSL,Bank transfer,3,No,0,No,Yes,0
CUST_002622,40,41,94.19,3984.68,One year,DSL,Electronic check,6,No,0,Yes,No,0
CUST_002623,23,61,30.65,1866.11,One year,No,Electronic check,2,No,0,Yes,No,0
CUST_002624,70,10,33.81,338.96,One year,Fiber optic,Electronic check,5,Yes,0,Yes,No,0
CUST_002625,70,64,61.73,4114.37,Two year,No,Electronic check,2,No,0,Yes,Yes,1
CUST_002626,51,41,25.52,1075.89,One year,Fiber optic,Electronic check,2,Yes,0,No,No,0
CUST_002627,73,16,114.77,1901.2,Month-to-month,Fiber optic,Mailed check,2,No,0,Yes,No,1
CUST_002628,18,5,110.19,528.81,Month-to-month,No,Mailed check,2,No,0,No,No,1
CUST_002629,53,52,24.89,1385.55,Month-to-month,No,Mailed check,2,No,0,No,No,0
CUST_002630,20,32,103.83,3399.4,One year,Fiber optic,Electronic check,2,Yes,0,No,No,1
CUST_002631,71,23,70.89,1617.53,Month-to-month,Fiber optic,Mailed check,3,No,0,No,No,0
CUST_002632,56,29,90.2,2616.71,One year,No,Credit card,3,No,1,Yes,No,0
CUST_002633,70,72,108.69,7426.72,Two year,DSL,Electronic check,3,No,0,Yes,No,0
CUST_002634,50,31,77.7,2547.68,Month-to-month,No,Electronic check,3,No,1,Yes,No,0
CUST_002635,22,6,31.63,181.36,Month-to-month,No,Mailed check,5,Yes,0,No,No,0
CUST_002636,19,21,20.26,432.22,One year,Fiber optic,Electronic check,2,No,0,No,Yes,1
CUST_002637,37,11,69.69,833.1,Month-to-month,DSL,Electronic check,2,No,0,Yes,Yes,0
CUST_002638,60,50,114.92,5805.28,One year,DSL,Mailed check,5,Yes,0,No,No,1
CUST_002639,26,58,77.26,4067.18,Month-to-month,No,Mailed check,2,No,0,Yes,No,0
CUST_002640,66,61,57.29,3821.91,Month-to-month,No,Credit card,2,No,0,No,Yes,0
CUST_002641,31,46,23.09,1075.83,One year,Fiber optic,Credit card,1,No,0,Yes,No,0
CUST_002642,46,56,111.5,5847.15,Month-to-month,No,Mailed check,0,Yes,1,Yes,Yes,0
CUST_002643,29,31,52.72,1633.32,Month-to-month,Fiber optic,Mailed check,1,Yes,0,No,No,0
CUST_002644,44,46,90.48,4053.06,Month-to-month,No,Credit card,0,Yes,0,No,No,1
CUST_002645,43,8,89.42,703.84,Month-to-month,DSL,Mailed check,6,No,0,No,Yes,0
CUST_002646,18,39,45.39,1764.54,Two year,DSL,Credit card,3,No,0,Yes,No,0
CUST_002647,50,41,26.38,1152.41,Month-to-month,Fiber optic,Bank transfer,5,No,0,No,No,0
CUST_002648,62,3,58.5,166.4,Month-to-month,DSL,Electronic check,3,No,0,Yes,Yes,0
CUST_002649,71,40,51.71,2134.8,Month-to-month,Fiber optic,Electronic check,3,Yes,0,Yes,Yes,0
CUST_002650,36,53,90.03,4980.67,Month-to-month,Fiber optic,Electronic check,5,No,0,No,No,0
CUST_002651,68,27,101.98,3017.9,Month-to-month,DSL,Credit card,2,Yes,0,Yes,No,0
CUST_002652,68,40,42.24,1626.75,One year,Fiber optic,Electronic check,1,Yes,0,No,No,0
CUST_002653,74,21,72.82,1437.6,Month-to-month,DSL,Bank transfer,2,No,0,Yes,Yes,0
CUST_002654,39,20,24.06,523.05,One year,No,Mailed check,1,No,0,No,Yes,0
CUST_002655,66,10,41.43,451.68,Month-to-month,DSL,Credit card,0,No,1,Yes,No,1
CUST_002656,50,24,96.18,2436.73,Month-to-month,Fiber optic,Bank transfer,3,Yes,0,Yes,No,0
CUST_002657,21,58,99.34,5631.72,Month-to-month,Fiber optic,Electronic check,2,No,0,Yes,No,1
CUST_002658,33,68,97.64,7265.78,One year,Fiber optic,Electronic check,2,No,0,No,No,0
CUST_002659,56,46,34.24,1601.34,Two year,DSL,Mailed check,2,No,1,No,No,0
CUST_002660,27,45,75.1,3189.2,Month-to-month,DSL,Credit card,1,No,0,Yes,Yes,0
CUST_002661,42,45,62.27,2984.62,Two year,Fiber optic,Bank transfer,0,No,0,Yes,No,0
CUST_002662,62,35,119.15,4155.0,Month-to-month,DSL,Mailed check,2,Yes,0,No,Yes,1
CUST_002663,26,31,85.41,2413.46,One year,DSL,Credit card,3,No,0,Yes,No,1
CUST_002664,46,45,113.52,5392.52,One year,Fiber optic,Mailed check,4,Yes,1,Yes,No,1
CUST_002665,30,57,34.54,2093.42,Month-to-month,DSL,Electronic check,6,No,1,Yes,No,0
CUST_002666,48,30,65.09,2091.63,Month-to-month,DSL,Credit card,2,No,0,Yes,No,0
CUST_002667,31,41,97.16,3714.77,Month-to-month,DSL,Mailed check,1,No,0,No,No,1
CUST_002668,73,34,56.79,1867.65,One year,Fiber optic,Credit card,2,No,0,Yes,No,0
CUST_002669,22,21,83.25,1850.21,Month-to-month,Fiber optic,Mailed check,1,No,0,Yes,Yes,0
CUST_002670,72,21,71.17,1572.77,Two year,Fiber optic,Bank transfer,3,No,1,Yes,No,1
CUST_002671,63,6,119.19,770.32,Month-to-month,Fiber optic,Electronic check,3,Yes,0,Yes,Yes,0
CUST_002672,66,32,37.39,1207.91,Two year,Fiber optic,Mailed check,3,Yes,0,No,No,0
CUST_002673,66,52,113.53,5680.06,Month-to-month,Fiber optic,Electronic check,4,Yes,1,Yes,No,1
CUST_002674,28,50,60.16,2954.19,One year,DSL,Bank transfer,5,Yes,0,No,No,0
CUST_002675,71,71,66.8,4547.33,Month-to-month,Fiber optic,Electronic check,4,No,0,No,No,1
CUST_002676,51,3,72.86,224.8,Month-to-month,DSL,Electronic check,4,No,0,No,No,1
CUST_002677,72,55,46.54,2557.01,Month-to-month,No,Mailed check,0,No,0,No,No,0
CUST_002678,68,58,116.37,6840.19,One year,Fiber optic,Mailed check,1,Yes,0,Yes,Yes,1
CUST_002679,51,32,111.15,3679.45,Month-to-month,Fiber optic,Bank transfer,2,Yes,0,Yes,No,1
CUST_002680,39,21,117.29,2334.6,One year,Fiber optic,Bank transfer,2,No,0,No,Yes,1
CUST_002681,24,26,119.69,3357.56,Two year,No,Bank transfer,2,Yes,1,Yes,No,1
CUST_002682,23,50,86.98,3954.82,Month-to-month,Fiber optic,Mailed check,1,No,0,No,No,1
CUST_002683,40,63,65.17,3896.1,Month-to-month,Fiber optic,Mailed check,5,No,0,No,Yes,1
CUST_002684,64,47,105.07,4567.42,Month-to-month,No,Electronic check,2,No,1,No,Yes,0
CUST_002685,46,38,22.38,835.35,Month-to-month,Fiber optic,Mailed check,1,Yes,0,No,No,0
CUST_002686,45,47,103.44,5294.1,Month-to-month,Fiber optic,Credit card,6,Yes,0,No,Yes,0
CUST_002687,31,6,69.73,445.73,One year,DSL,Mailed check,5,No,0,No,No,1
CUST_002688,50,44,87.32,3836.99,Month-to-month,DSL,Credit card,1,No,1,Yes,Yes,0
CUST_002689,54,4,57.4,225.11,Month-to-month,No,Electronic check,3,No,1,Yes,No,0
CUST_002690,73,70,56.86,3613.47,One year,DSL,Bank transfer,3,Yes,1,No,No,0
CUST_002691,59,65,23.17,1503.19,Month-to-month,DSL,Bank transfer,3,No,0,Yes,No,0
CUST_002692,52,37,62.38,2194.79,One year,DSL,Bank transfer,5,No,0,No,No,0
CUST_002693,69,27,60.84,1478.73,Two year,No,Bank transfer,1,Yes,0,Yes,No,0
CUST_002694,42,53,42.48,2406.8,Month-to-month,Fiber optic,Electronic check,2,No,0,No,Yes,0
CUST_002695,71,46,44.73,2149.1,Month-to-month,Fiber optic,Bank transfer,3,No,1,No,No,0
CUST_002696,39,51,78.41,4350.52,Two year,No,Mailed check,4,Yes,0,Yes,No,0
CUST_002697,25,38,51.78,1955.11,One year,Fiber optic,Mailed check,2,Yes,0,No,No,0
CUST_002698,41,18,103.03,1853.33,One year,Fiber optic,Electronic check,1,No,0,No,No,1
CUST_002699,25,6,31.14,189.11,One year,Fiber optic,Electronic check,1,No,0,No,Yes,0
CUST_002700,24,21,77.76,1757.81,Month-to-month,Fiber optic,Credit card,1,No,0,Yes,No,0
CUST_002701,68,39,36.0,1321.42,Month-to-month,Fiber optic,Electronic check,6,No,0,Yes,No,1
CUST_002702,63,31,72.82,2062.63,One year,No,Mailed check,3,No,1,No,No,0
CUST_002703,30,37,75.25,2875.64,One year,DSL,Electronic check,1,Yes,0,Yes,No,0
CUST_002704,65,20,84.23,1687.75,One year,DSL,Bank transfer,1,Yes,0,Yes,No,0
CUST_002705,21,68,62.74,4345.33,Month-to-month,No,Bank transfer,2,No,0,No,Yes,1
CUST_002706,34,27,70.95,2064.04,Two year,Fiber optic,Credit card,3,No,0,Yes,No,0
CUST_002707,58,61,38.1,2513.02,Month-to-month,Fiber optic,Bank transfer,4,No,0,No,Yes,1
CUST_002708,35,29,66.3,1876.0,Month-to-month,DSL,Electronic check,2,Yes,0,Yes,Yes,1
CUST_002709,59,32,57.3,1902.75,Month-to-month,No,Electronic check,2,No,0,No,Yes,0
CUST_002710,67,44,86.61,3804.85,Month-to-month,Fiber optic,Electronic check,3,Yes,0,Yes,No,1
CUST_002711,21,19,63.48,1219.59,One year,No,Bank transfer,1,No,0,Yes,No,0
CUST_002712,19,16,97.93,1664.97,Month-to-month,Fiber optic,Credit card,0,Yes,0,No,Yes,0
CUST_002713,71,28,62.6,1675.53,One year,No,Electronic check,1,No,0,Yes,No,0
CUST_002714,47,58,43.58,2321.13,Month-to-month,Fiber optic,Mailed check,2,No,0,Yes,No,0
CUST_002715,46,11,47.37,540.06,Month-to-month,Fiber optic,Bank transfer,4,No,1,No,No,0
CUST_002716,44,32,24.53,754.4,Month-to-month,Fiber optic,Bank transfer,3,Yes,0,Yes,No,0
CUST_002717,42,49,73.99,3478.83,Month-to-month,Fiber optic,Bank transfer,2,Yes,0,No,No,0
CUST_002718,57,51,103.09,4863.48,One year,Fiber optic,Mailed check,3,No,1,No,Yes,1
CUST_002719,51,32,96.91,3381.26,Month-to-month,DSL,Electronic check,2,No,0,Yes,No,0
CUST_002720,27,6,63.78,408.26,Month-to-month,Fiber optic,Mailed check,6,Yes,0,Yes,No,0
CUST_002721,53,2,39.61,82.88,Month-to-month,Fiber optic,Mailed check,2,Yes,0,No,No,0
CUST_002722,56,34,106.35,3647.23,Month-to-month,DSL,Bank transfer,2,No,0,Yes,Yes,1
CUST_002723,24,59,25.68,1372.48,Month-to-month,Fiber optic,Electronic check,3,No,0,Yes,Yes,0
CUST_002724,39,3,59.92,196.7,Two year,DSL,Mailed check,0,Yes,0,No,Yes,0
CUST_002725,63,64,105.66,6351.28,Month-to-month,DSL,Credit card,3,Yes,0,No,Yes,1
CUST_002726,53,49,59.32,3031.8,Month-to-month,Fiber optic,Mailed check,8,No,0,Yes,No,0
CUST_002727,25,1,31.79,32.09,Two year,DSL,Electronic check,1,No,0,Yes,Yes,0
CUST_002728,20,25,46.59,1113.77,One year,No,Credit card,1,No,0,No,Yes,0
CUST_002729,51,16,80.0,1268.87,Month-to-month,No,Electronic check,5,No,0,No,No,0
CUST_002730,44,69,35.2,2465.95,One year,Fiber optic,Bank transfer,3,No,0,Yes,No,0
CUST_002731,72,40,85.49,3557.81,Two year,Fiber optic,Electronic check,1,No,0,No,No,1
CUST_002732,47,24,63.82,1606.77,Month-to-month,DSL,Credit card,2,No,1,No,Yes,1
CUST_002733,71,21,53.44,1017.8,Month-to-month,Fiber optic,Electronic check,3,Yes,1,Yes,No,1
CUST_002734,30,41,44.09,1941.84,Two year,DSL,Mailed check,2,No,0,No,No,0
CUST_002735,43,1,102.33,106.83,One year,No,Credit card,2,Yes,0,No,No,0
CUST_002736,25,19,59.67,1197.78,Two year,No,Bank transfer,4,No,0,No,Yes,0
CUST_002737,50,12,93.85,1091.78,Month-to-month,DSL,Electronic check,1,No,0,No,No,1
CUST_002738,28,45,64.04,2993.64,Two year,Fiber optic,Electronic check,4,No,0,Yes,No,0
CUST_002739,46,49,29.19,1462.43,Month-to-month,Fiber optic,Electronic check,2,No,1,No,Yes,0
CUST_002740,37,34,64.05,2107.23,One year,Fiber optic,Electronic check,1,No,1,Yes,No,0
CUST_002741,28,11,70.77,726.78,Two year,DSL,Mailed check,2,No,0,Yes,Yes,1
CUST_002742,23,27,65.78,1805.48,Month-to-month,Fiber optic,Mailed check,1,No,0,No,Yes,0
CUST_002743,47,61,101.62,6533.53,Month-to-month,DSL,Credit card,1,No,0,No,No,0
CUST_002744,71,15,111.09,1614.61,One year,No,Bank transfer,1,Yes,0,Yes,No,0
CUST_002745,29,12,98.68,1271.25,Two year,Fiber optic,Credit card,2,No,0,Yes,No,1
CUST_002746,41,9,78.28,756.46,Month-to-month,Fiber optic,Mailed check,2,Yes,0,Yes,No,0
CUST_002747,30,59,74.14,4603.54,Two year,No,Mailed check,2,No,0,No,Yes,0
CUST_002748,64,9,84.46,703.58,Month-to-month,Fiber optic,Bank transfer,1,No,0,No,Yes,1
CUST_002749,41,42,48.78,2054.18,Month-to-month,Fiber optic,Mailed check,3,Yes,0,Yes,Yes,0
CUST_002750,73,72,101.18,7987.84,Month-to-month,Fiber optic,Electronic check,4,No,0,Yes,No,0
CUST_002751,31,47,105.68,4728.16,Two year,Fiber optic,Credit card,2,No,0,No,Yes,0
CUST_002752,22,30,46.72,1271.55,Month-to-month,DSL,Bank transfer,4,No,0,No,No,0
CUST_002753,51,15,110.28,1660.29,One year,No,Electronic check,0,Yes,0,No,No,0
CUST_002754,55,1,104.87,99.97,Month-to-month,DSL,Mailed check,4,No,0,No,No,1
CUST_002755,74,12,62.45,785.42,Two year,Fiber optic,Electronic check,5,Yes,0,Yes,No,0
CUST_002756,67,69,110.9,8328.08,One year,Fiber optic,Bank transfer,3,No,0,Yes,No,0
CUST_002757,68,11,32.04,347.59,Month-to-month,Fiber optic,Mailed check,2,No,0,Yes,No,0
CUST_002758,54,2,22.8,48.32,Month-to-month,No,Credit card,2,Yes,1,Yes,No,1
CUST_002759,38,59,54.79,3371.89,Month-to-month,DSL,Mailed check,3,Yes,0,No,No,0
CUST_002760,42,31,76.54,2453.92,Month-to-month,DSL,Mailed check,3,Yes,1,No,No,1
CUST_002761,25,26,55.14,1299.53,Two year,Fiber optic,Bank transfer,1,No,1,No,Yes,0
CUST_002762,42,52,114.21,6206.43,One year,Fiber optic,Credit card,3,Yes,0,Yes,No,0
CUST_002763,38,38,45.47,1823.84,Month-to-month,No,Credit card,1,No,1,No,No,0
CUST_002764,20,66,48.12,2905.94,One year,Fiber optic,Mailed check,3,No,0,No,Yes,0
CUST_002765,29,34,83.48,3069.95,Month-to-month,DSL,Mailed check,2,No,0,Yes,No,1
CUST_002766,48,52,20.39,1052.38,Month-to-month,DSL,Bank transfer,0,No,0,Yes,No,0
CUST_002767,39,64,92.76,6258.97,Month-to-month,Fiber optic,Credit card,2,No,0,No,No,1
CUST_002768,74,34,57.75,2041.25,Month-to-month,Fiber optic,Credit card,2,Yes,0,Yes,No,0
CUST_002769,45,21,117.77,2621.28,One year,DSL,Mailed check,4,No,0,No,Yes,1
CUST_002770,72,71,89.14,5724.32,Month-to-month,Fiber optic,Bank transfer,5,No,0,Yes,No,1
CUST_002771,55,17,25.22,441.02,One year,No,Electronic check,2,Yes,0,Yes,No,0
CUST_002772,20,3,29.26,84.58,Month-to-month,Fiber optic,Electronic check,3,Yes,0,No,No,0
CUST_002773,29,42,28.82,1180.32,One year,Fiber optic,Electronic check,5,No,0,Yes,No,0
CUST_002774,58,72,115.26,7693.87,Month-to-month,DSL,Electronic check,1,Yes,0,Yes,Yes,0
CUST_002775,49,7,88.41,627.69,Month-to-month,No,Mailed check,4,Yes,0,Yes,No,0
CUST_002776,35,62,62.76,4063.76,Month-to-month,DSL,Mailed check,2,No,0,Yes,No,1
CUST_002777,47,60,40.05,2279.8,Month-to-month,Fiber optic,Bank transfer,2,No,1,Yes,No,0
CUST_002778,69,67,107.36,6698.38,Month-to-month,DSL,Bank transfer,2,No,0,No,No,0
CUST_002779,40,31,40.16,1357.34,Month-to-month,DSL,Electronic check,1,No,0,Yes,Yes,1
CUST_002780,20,19,90.67,1633.89,One year,DSL,Bank transfer,4,Yes,0,Yes,Yes,1
CUST_002781,35,37,96.33,3441.91,Month-to-month,DSL,Electronic check,3,No,0,Yes,No,1
CUST_002782,71,11,49.47,585.68,One year,No,Electronic check,5,No,0,No,No,0
CUST_002783,61,61,70.49,4229.79,One year,DSL,Credit card,3,No,0,Yes,No,0
CUST_002784,65,48,42.3,1961.85,Month-to-month,No,Electronic check,3,No,0,No,No,0
CUST_002785,69,35,57.89,1851.69,One year,Fiber optic,Electronic check,2,No,0,No,No,0
CUST_002786,24,38,116.51,4682.59,Month-to-month,DSL,Bank transfer,1,No,0,Yes,No,1
CUST_002787,34,52,89.31,4863.24,One year,Fiber optic,Mailed check,3,No,0,Yes,Yes,0
CUST_002788,21,38,104.66,3796.24,One year,DSL,Mailed check,3,Yes,0,No,Yes,0
CUST_002789,18,61,74.06,4616.42,One year,No,Bank transfer,5,Yes,0,Yes,No,0
CUST_002790,65,67,43.9,2681.02,Month-to-month,DSL,Bank transfer,6,No,0,No,No,0
CUST_002791,71,69,91.29,5961.62,One year,No,Mailed check,7,Yes,0,No,No,0
CUST_002792,26,45,70.06,3348.69,Month-to-month,DSL,Credit card,2,Yes,0,No,No,0
CUST_002793,59,54,37.68,2216.91,Month-to-month,DSL,Electronic check,4,Yes,0,Yes,No,0
CUST_002794,48,23,61.24,1484.91,Month-to-month,DSL,Mailed check,2,No,0,Yes,No,1
CUST_002795,21,3,83.48,261.48,Month-to-month,Fiber optic,Electronic check,2,No,0,Yes,No,1
CUST_002796,70,29,93.53,2803.11,One year,Fiber optic,Electronic check,7,Yes,1,Yes,No,0
CUST_002797,67,63,44.32,2553.95,Two year,No,Credit card,0,No,0,No,Yes,0
CUST_002798,50,10,107.6,1087.9,Month-to-month,Fiber optic,Bank transfer,2,No,0,Yes,Yes,1
CUST_002799,58,40,57.96,2399.06,One year,DSL,Electronic check,2,No,0,No,No,0
CUST_002800,40,14,47.11,694.26,One year,Fiber optic,Mailed check,1,Yes,0,No,Yes,0
CUST_002801,63,31,39.51,1276.57,Two year,Fiber optic,Electronic check,1,No,0,Yes,No,0
CUST_002802,43,11,100.42,1066.94,One year,No,Bank transfer,3,No,0,No,No,0
CUST_002803,74,53,55.42,2984.24,Month-to-month,Fiber optic,Mailed check,3,No,0,No,No,0
CUST_002804,21,59,68.34,4280.09,Month-to-month,Fiber optic,Credit card,1,No,0,Yes,No,1
CUST_002805,27,55,42.28,2323.28,One year,DSL,Electronic check,1,Yes,0,No,Yes,0
CUST_002806,73,51,88.61,4439.84,Month-to-month,No,Electronic check,2,No,1,Yes,No,0
CUST_002807,34,17,98.1,1530.98,Two year,DSL,Credit card,2,Yes,1,No,No,0
CUST_002808,35,39,53.94,2123.54,Two year,No,Credit card,1,No,1,No,No,0
CUST_002809,63,8,114.51,954.27,Two year,DSL,Electronic check,6,No,0,No,No,1
CUST_002810,28,27,23.06,604.44,Month-to-month,Fiber optic,Mailed check,2,Yes,0,Yes,No,0
CUST_002811,47,37,33.29,1293.96,One year,No,Credit card,2,No,0,Yes,No,0
CUST_002812,34,49,78.88,4246.54,One year,No,Bank transfer,2,No,0,No,No,0
CUST_002813,29,7,90.14,594.08,Month-to-month,Fiber optic,Bank transfer,2,No,0,No,No,0
CUST_002814,72,59,45.07,2723.82,Month-to-month,Fiber optic,Bank transfer,2,No,0,Yes,No,1
CUST_002815,29,34,75.41,2479.72,Month-to-month,No,Credit card,2,No,1,No,Yes,0
CUST_002816,23,64,51.84,3146.91,Month-to-month,Fiber optic,Mailed check,3,No,0,Yes,No,0
CUST_002817,56,38,75.41,2899.2,Two year,Fiber optic,Electronic check,4,Yes,0,No,No,1
CUST_002818,67,40,85.93,3357.4,Two year,DSL,Mailed check,2,No,0,Yes,Yes,0
CUST_002819,25,50,117.28,6004.67,Month-to-month,Fiber optic,Bank transfer,5,No,0,Yes,No,0
CUST_002820,58,60,65.57,4062.37,Month-to-month,Fiber optic,Mailed check,2,Yes,0,Yes,No,0
CUST_002821,48,12,84.82,1000.01,Month-to-month,Fiber optic,Electronic check,3,No,0,Yes,No,1
CUST_002822,65,37,77.8,2598.57,Month-to-month,DSL,Bank transfer,2,No,0,No,Yes,0
CUST_002823,25,3,51.76,168.1,Month-to-month,Fiber optic,Mailed check,0,No,1,No,Yes,0
CUST_002824,73,35,45.31,1732.35,One year,No,Credit card,3,No,0,No,No,0
CUST_002825,53,59,118.79,6693.15,One year,Fiber optic,Mailed check,3,No,0,Yes,Yes,0
CUST_002826,66,63,40.69,2748.64,Two year,No,Bank transfer,1,No,0,No,No,0
CUST_002827,38,21,99.03,2251.21,Two year,DSL,Bank transfer,4,No,1,No,No,0
CUST_002828,71,28,34.66,916.27,Month-to-month,Fiber optic,Electronic check,1,No,0,No,Yes,0
CUST_002829,53,40,100.44,4005.19,One year,Fiber optic,Mailed check,2,No,0,No,No,0
CUST_002830,25,29,38.57,1024.63,Month-to-month,Fiber optic,Electronic check,1,No,0,Yes,No,0
CUST_002831,70,13,116.72,1500.34,Month-to-month,Fiber optic,Bank transfer,2,No,1,No,No,1
CUST_002832,63,22,88.6,1873.83,Month-to-month,DSL,Bank transfer,0,No,0,Yes,No,0
CUST_002833,35,30,29.01,811.68,Month-to-month,Fiber optic,Electronic check,3,Yes,1,No,No,0
CUST_002834,49,38,89.32,3432.1,Month-to-month,DSL,Mailed check,1,No,0,Yes,No,0
CUST_002835,40,67,80.36,4984.21,Month-to-month,Fiber optic,Credit card,3,Yes,0,Yes,No,0
CUST_002836,48,40,53.75,2086.86,Month-to-month,No,Electronic check,1,No,0,Yes,Yes,0
CUST_002837,73,28,46.07,1383.68,Two year,DSL,Credit card,4,No,0,No,No,0
CUST_002838,69,48,91.88,4568.72,Month-to-month,Fiber optic,Electronic check,3,No,0,No,Yes,0
CUST_002839,30,56,94.14,5594.23,Month-to-month,Fiber optic,Electronic check,5,No,0,Yes,No,1
CUST_002840,73,31,52.72,1547.16,Two year,Fiber optic,Mailed check,1,Yes,0,No,No,0
CUST_002841,42,36,107.62,3922.39,One year,DSL,Electronic check,3,Yes,0,Yes,No,0
CUST_002842,58,16,46.88,719.04,Month-to-month,Fiber optic,Credit card,2,No,0,No,No,0
CUST_002843,61,63,26.99,1684.25,Two year,Fiber optic,Bank transfer,1,No,0,No,No,0
CUST_002844,45,63,79.99,5149.09,Month-to-month,Fiber optic,Bank transfer,4,No,0,No,Yes,0
CUST_002845,44,13,30.71,389.71,Month-to-month,Fiber optic,Bank transfer,4,No,0,Yes,No,0
CUST_002846,44,25,47.67,1198.7,Month-to-month,Fiber optic,Bank transfer,4,No,0,No,No,0
CUST_002847,67,20,70.72,1439.34,Month-to-month,No,Bank transfer,3,Yes,0,No,Yes,1
CUST_002848,40,67,48.64,3016.86,One year,DSL,Bank transfer,2,No,0,Yes,No,0
CUST_002849,33,5,41.5,187.65,Month-to-month,DSL,Credit card,5,Yes,0,No,No,1
CUST_002850,38,15,90.32,1243.6,One year,Fiber optic,Bank transfer,1,Yes,0,Yes,No,0
CUST_002851,29,23,74.7,1849.64,One year,Fiber optic,Mailed check,3,Yes,0,Yes,No,0
CUST_002852,40,41,103.98,4677.52,Two year,Fiber optic,Mailed check,4,No,0,No,No,0
CUST_002853,24,18,78.12,1306.68,Month-to-month,DSL,Mailed check,1,Yes,0,No,No,0
CUST_002854,23,39,68.34,2586.84,Month-to-month,DSL,Electronic check,1,No,0,No,Yes,0
CUST_002855,59,54,46.13,2407.82,Two year,Fiber optic,Mailed check,4,No,0,No,No,0
CUST_002856,22,60,99.21,6064.8,One year,DSL,Mailed check,0,No,0,No,No,0
CUST_002857,50,8,39.69,305.32,Month-to-month,Fiber optic,Electronic check,1,No,1,Yes,Yes,0
CUST_002858,62,10,44.22,482.54,Month-to-month,Fiber optic,Credit card,0,Yes,1,Yes,No,0
CUST_002859,59,7,104.16,682.89,One year,DSL,Bank transfer,1,No,0,Yes,No,0
CUST_002860,43,66,94.12,6188.11,One year,Fiber optic,Electronic check,7,Yes,0,No,No,1
CUST_002861,29,47,81.29,3607.12,One year,No,Credit card,3,No,0,Yes,No,0
CUST_002862,71,39,23.89,913.3,Two year,No,Credit card,4,Yes,0,Yes,No,0
CUST_002863,65,57,32.73,1753.98,Month-to-month,DSL,Credit card,2,No,0,No,Yes,1
CUST_002864,52,43,70.0,2761.98,Month-to-month,Fiber optic,Electronic check,3,No,0,No,No,0
CUST_002865,22,17,94.63,1737.84,One year,No,Mailed check,3,No,0,Yes,No,1
CUST_002866,20,37,66.41,2497.77,Two year,Fiber optic,Mailed check,2,No,0,No,No,0
CUST_002867,35,51,21.73,1146.22,Month-to-month,DSL,Bank transfer,5,Yes,0,Yes,No,0
CUST_002868,26,3,38.43,113.08,One year,DSL,Bank transfer,0,Yes,0,No,No,0
CUST_002869,67,44,78.88,3232.99,Month-to-month,Fiber optic,Bank transfer,0,No,0,Yes,Yes,0
CUST_002870,29,36,89.42,3521.33,Month-to-month,Fiber optic,Bank transfer,0,No,0,No,Yes,0
CUST_002871,34,6,23.34,135.54,Two year,No,Credit card,1,Yes,0,Yes,No,0
CUST_002872,73,19,24.33,484.45,Month-to-month,No,Bank transfer,3,No,0,No,No,0
CUST_002873,64,33,46.13,1645.09,Month-to-month,DSL,Credit card,2,Yes,0,No,No,0
CUST_002874,30,25,28.35,717.26,One year,Fiber optic,Credit card,3,Yes,0,Yes,No,0
CUST_002875,39,21,74.19,1530.01,Month-to-month,DSL,Electronic check,3,No,1,No,No,0
CUST_002876,47,47,32.37,1447.34,Month-to-month,DSL,Credit card,6,Yes,0,No,No,0
CUST_002877,55,30,84.82,2315.64,One year,DSL,Electronic check,1,No,0,No,No,0
CUST_002878,71,36,97.72,3217.21,Month-to-month,No,Electronic check,3,Yes,0,No,No,1
CUST_002879,67,58,117.05,7020.33,One year,DSL,Credit card,1,No,0,Yes,Yes,0
CUST_002880,73,7,114.84,871.41,Month-to-month,Fiber optic,Mailed check,5,Yes,0,No,No,1
CUST_002881,20,26,47.34,1294.4,Month-to-month,Fiber optic,Mailed check,4,Yes,1,No,Yes,0
CUST_002882,31,6,22.94,132.35,One year,DSL,Credit card,3,No,1,Yes,No,0
CUST_002883,50,67,52.94,3272.88,Month-to-month,Fiber optic,Mailed check,1,No,0,Yes,No,0
CUST_002884,20,14,90.85,1196.4,Two year,DSL,Electronic check,2,No,0,No,No,1
CUST_002885,38,60,25.98,1670.3,Two year,Fiber optic,Electronic check,3,No,0,No,Yes,0
CUST_002886,26,14,55.97,744.43,Two year,Fiber optic,Mailed check,3,No,0,Yes,Yes,0
CUST_002887,71,24,49.8,1205.55,Month-to-month,No,Electronic check,3,Yes,1,Yes,Yes,0
CUST_002888,21,44,41.93,2027.46,Month-to-month,Fiber optic,Electronic check,0,No,0,No,No,0
CUST_002889,26,60,90.61,5979.15,Two year,No,Credit card,1,No,1,No,No,0
CUST_002890,29,13,85.91,1053.32,Month-to-month,Fiber optic,Electronic check,3,No,0,No,No,1
CUST_002891,26,16,73.55,1284.7,One year,DSL,Bank transfer,2,Yes,0,No,Yes,0
CUST_002892,50,64,111.08,6837.06,Two year,Fiber optic,Electronic check,1,No,0,Yes,Yes,0
CUST_002893,38,24,30.31,775.82,Month-to-month,No,Mailed check,3,No,0,No,No,0
CUST_002894,70,16,34.97,529.94,Month-to-month,DSL,Bank transfer,3,Yes,0,No,Yes,0
CUST_002895,32,54,58.34,2859.9,One year,DSL,Mailed check,2,No,0,No,No,0
CUST_002896,48,7,85.59,635.5,One year,No,Electronic check,3,No,0,No,Yes,1
CUST_002897,55,63,78.41,4896.39,Month-to-month,No,Electronic check,2,No,0,No,No,0
CUST_002898,53,64,27.4,1924.05,One year,DSL,Electronic check,3,No,0,Yes,No,0
CUST_002899,63,62,115.84,6972.14,One year,Fiber optic,Electronic check,0,No,0,Yes,No,1
CUST_002900,29,22,50.51,1081.57,Month-to-month,Fiber optic,Mailed check,4,No,0,Yes,No,0
CUST_002901,46,9,55.9,509.77,Month-to-month,Fiber optic,Electronic check,0,No,1,No,No,0
CUST_002902,63,31,82.36,2703.99,One year,Fiber optic,Electronic check,4,Yes,0,No,Yes,0
CUST_002903,67,25,114.52,2588.59,One year,No,Electronic check,0,No,0,No,Yes,0
CUST_002904,53,70,86.27,6201.02,Two year,DSL,Credit card,4,No,0,Yes,No,0
CUST_002905,55,46,115.48,5038.87,Month-to-month,Fiber optic,Mailed check,1,Yes,0,Yes,No,0
CUST_002906,67,68,38.76,2490.42,Two year,DSL,Bank transfer,5,Yes,0,Yes,No,0
CUST_002907,53,55,81.88,4132.24,One year,Fiber optic,Bank transfer,1,Yes,0,No,Yes,0
CUST_002908,72,52,102.89,4824.34,One year,Fiber optic,Mailed check,1,Yes,0,Yes,No,0
CUST_002909,25,9,70.9,613.06,Month-to-month,Fiber optic,Electronic check,2,No,0,No,No,1
CUST_002910,37,5,56.22,289.35,Month-to-month,No,Mailed check,3,Yes,0,Yes,Yes,0
CUST_002911,24,4,118.48,467.06,Month-to-month,Fiber optic,Mailed check,2,No,0,Yes,Yes,1
CUST_002912,23,43,34.1,1353.78,Month-to-month,Fiber optic,Mailed check,2,No,1,Yes,No,0
CUST_002913,44,15,61.09,914.74,Month-to-month,DSL,Electronic check,2,No,1,Yes,No,1
CUST_002914,30,72,107.34,8227.73,Two year,No,Credit card,7,No,0,No,Yes,0
CUST_002915,41,10,110.05,1174.52,Month-to-month,Fiber optic,Bank transfer,1,No,0,Yes,Yes,1
CUST_002916,42,69,118.04,8277.34,Two year,Fiber optic,Electronic check,0,No,0,No,No,0
CUST_002917,53,49,108.48,5370.75,Month-to-month,Fiber optic,Credit card,4,No,0,Yes,Yes,1
CUST_002918,71,8,25.1,195.41,Two year,Fiber optic,Electronic check,0,Yes,0,No,No,0
CUST_002919,66,5,112.98,563.65,Month-to-month,Fiber optic,Electronic check,1,No,0,Yes,Yes,1
CUST_002920,39,29,62.82,1920.83,One year,DSL,Electronic check,2,No,0,No,No,0
CUST_002921,36,25,85.16,2100.27,One year,DSL,Credit card,0,No,1,No,Yes,0
CUST_002922,61,23,59.43,1460.08,Two year,No,Electronic check,4,Yes,0,No,Yes,0
CUST_002923,25,39,101.37,4043.43,Month-to-month,No,Bank transfer,2,No,0,No,No,1
CUST_002924,48,10,77.59,761.48,Month-to-month,Fiber optic,Bank transfer,4,No,0,No,Yes,1
CUST_002925,42,10,104.55,1133.87,Two year,No,Mailed check,0,No,0,No,No,0
CUST_002926,28,51,39.38,2164.04,Month-to-month,Fiber optic,Mailed check,1,No,1,No,No,0
CUST_002927,53,72,38.5,2715.82,One year,Fiber optic,Electronic check,6,No,0,No,No,0
CUST_002928,36,20,64.04,1342.61,Month-to-month,No,Bank transfer,1,Yes,0,No,No,0
CUST_002929,28,68,20.48,1512.16,Month-to-month,Fiber optic,Mailed check,1,No,0,No,Yes,0
CUST_002930,55,25,89.29,2271.83,One year,Fiber optic,Mailed check,3,Yes,0,No,No,0
CUST_002931,27,25,49.61,1348.69,One year,Fiber optic,Electronic check,3,No,0,Yes,Yes,0
CUST_002932,56,7,75.73,485.56,One year,Fiber optic,Bank transfer,3,No,0,No,No,0
CUST_002933,27,31,27.0,910.34,Month-to-month,DSL,Bank transfer,0,Yes,0,Yes,No,0
CUST_002934,42,36,37.06,1382.65,One year,No,Mailed check,2,Yes,1,Yes,Yes,0
CUST_002935,64,48,82.29,3679.86,Two year,DSL,Mailed check,3,No,1,No,No,0
CUST_002936,31,12,50.57,560.75,Month-to-month,Fiber optic,Electronic check,2,No,0,Yes,No,1
CUST_002937,61,14,41.47,607.37,Month-to-month,DSL,Electronic check,0,No,0,Yes,No,1
CUST_002938,59,32,42.88,1303.38,Month-to-month,Fiber optic,Electronic check,2,No,0,No,No,0
CUST_002939,69,6,41.48,225.69,One year,Fiber optic,Bank transfer,2,No,0,Yes,No,0
CUST_002940,27,11,82.29,851.17,Month-to-month,Fiber optic,Electronic check,2,Yes,0,No,No,1
CUST_002941,58,46,36.77,1557.81,One year,Fiber optic,Electronic check,1,Yes,0,Yes,Yes,0
CUST_002942,71,69,56.27,3626.68,Month-to-month,DSL,Electronic check,3,Yes,0,No,No,0
CUST_002943,61,42,88.79,3750.9,One year,DSL,Electronic check,2,No,0,Yes,No,0
CUST_002944,28,11,71.37,790.27,Two year,DSL,Bank transfer,4,No,0,No,No,0
CUST_002945,64,72,79.73,5681.2,Month-to-month,Fiber optic,Bank transfer,3,Yes,0,Yes,No,0
CUST_002946,24,38,45.09,1797.99,Month-to-month,No,Mailed check,4,No,0,Yes,Yes,0
CUST_002947,51,52,113.27,5319.77,Month-to-month,DSL,Mailed check,1,Yes,0,Yes,No,1
CUST_002948,46,15,61.39,992.5,Month-to-month,Fiber optic,Bank transfer,2,Yes,0,Yes,No,0
CUST_002949,48,42,48.7,2245.79,Month-to-month,DSL,Bank transfer,2,Yes,1,No,No,0
CUST_002950,47,6,110.43,721.51,Two year,No,Credit card,2,No,0,No,Yes,1
CUST_002951,19,46,85.53,3749.53,Month-to-month,No,Credit card,2,Yes,1,Yes,No,0
CUST_002952,46,15,81.39,1313.24,Month-to-month,Fiber optic,Credit card,3,No,0,No,Yes,1
CUST_002953,71,66,108.67,7518.58,Month-to-month,DSL,Credit card,3,Yes,0,No,No,0
CUST_002954,42,4,25.85,103.07,Month-to-month,Fiber optic,Credit card,2,No,0,No,No,0
CUST_002955,33,47,103.77,5353.94,Two year,No,Bank transfer,2,No,0,No,Yes,0
CUST_002956,74,11,87.79,912.98,Month-to-month,DSL,Bank transfer,1,Yes,0,No,No,0
CUST_002957,23,50,56.0,2847.5,Month-to-month,Fiber optic,Bank transfer,4,No,0,No,No,0
CUST_002958,45,36,45.64,1548.89,Month-to-month,No,Electronic check,1,No,1,No,Yes,0
CUST_002959,47,70,30.48,2029.38,Two year,Fiber optic,Mailed check,3,Yes,0,Yes,No,0
CUST_002960,45,47,114.11,5718.68,Two year,Fiber optic,Credit card,4,Yes,0,Yes,No,0
CUST_002961,70,27,34.19,948.26,Month-to-month,Fiber optic,Mailed check,2,No,1,No,Yes,0
CUST_002962,42,7,45.94,335.33,One year,No,Electronic check,3,Yes,0,Yes,No,0
CUST_002963,73,43,89.11,3722.4,One year,Fiber optic,Mailed check,2,Yes,0,Yes,No,0
CUST_002964,21,32,91.02,3159.12,One year,No,Electronic check,2,No,0,No,Yes,0
CUST_002965,59,4,36.08,143.04,Month-to-month,Fiber optic,Mailed check,3,Yes,0,Yes,Yes,0
CUST_002966,51,42,101.41,4112.46,One year,Fiber optic,Mailed check,4,No,0,Yes,No,0
CUST_002967,31,16,71.03,1065.15,One year,No,Mailed check,3,No,0,No,No,0
CUST_002968,30,17,104.85,1698.46,Month-to-month,Fiber optic,Mailed check,3,No,0,Yes,No,0
CUST_002969,59,1,28.73,30.39,Month-to-month,DSL,Electronic check,0,Yes,1,No,No,0
CUST_002970,54,27,24.28,633.71,Month-to-month,DSL,Mailed check,1,No,0,Yes,No,0
CUST_002971,52,16,83.7,1291.4,Month-to-month,No,Electronic check,5,No,0,No,No,1
CUST_002972,20,6,35.0,205.27,Month-to-month,Fiber optic,Mailed check,1,No,0,No,No,0
CUST_002973,52,32,72.49,2239.49,Two year,DSL,Bank transfer,1,No,0,Yes,No,0
CUST_002974,73,16,21.41,344.11,Two year,No,Electronic check,5,No,0,No,No,0
CUST_002975,18,10,97.99,1073.57,Month-to-month,No,Credit card,0,No,0,No,Yes,0
CUST_002976,44,34,109.95,4073.31,Month-to-month,No,Bank transfer,4,No,0,No,No,1
CUST_002977,46,5,103.89,564.54,One year,Fiber optic,Electronic check,1,No,0,Yes,No,0
CUST_002978,69,72,115.84,8512.55,Month-to-month,No,Mailed check,5,Yes,0,No,Yes,1
CUST_002979,34,34,110.31,4114.25,Month-to-month,No,Electronic check,2,Yes,0,No,No,1
CUST_002980,45,72,64.4,4512.32,Two year,DSL,Electronic check,1,No,0,No,No,0
CUST_002981,58,64,59.83,3598.53,Month-to-month,No,Credit card,4,No,0,No,No,0
CUST_002982,21,71,109.62,8414.18,Month-to-month,Fiber optic,Bank transfer,1,No,0,Yes,No,1
CUST_002983,63,40,112.69,4794.99,One year,No,Bank transfer,3,No,0,No,No,0
CUST_002984,64,31,117.28,3555.0,One year,Fiber optic,Bank transfer,2,No,0,No,No,1
CUST_002985,59,52,96.83,4773.7,Month-to-month,Fiber optic,Credit card,2,Yes,0,Yes,No,1
CUST_002986,54,6,40.2,234.92,One year,DSL,Credit card,3,No,0,No,No,0
CUST_002987,60,61,114.5,6889.99,Two year,DSL,Electronic check,5,Yes,0,Yes,Yes,0
CUST_002988,62,24,114.71,2937.35,Month-to-month,DSL,Electronic check,1,No,0,No,Yes,1
CUST_002989,69,1,86.61,84.69,One year,Fiber optic,Mailed check,2,No,0,No,No,1
CUST_002990,42,18,105.73,1895.94,Month-to-month,No,Electronic check,5,No,0,No,No,0
CUST_002991,43,18,76.12,1283.61,Month-to-month,DSL,Mailed check,3,Yes,0,No,Yes,0
CUST_002992,54,2,114.41,239.44,Month-to-month,DSL,Electronic check,2,No,0,No,No,1
CUST_002993,29,49,29.39,1476.67,Month-to-month,Fiber optic,Bank transfer,2,No,0,Yes,Yes,1
CUST_002994,66,7,106.4,692.29,Month-to-month,DSL,Electronic check,2,Yes,0,No,No,1
CUST_002995,61,61,25.55,1490.82,Two year,DSL,Bank transfer,0,No,0,Yes,No,0
CUST_002996,53,33,53.91,1711.7,Month-to-month,DSL,Mailed check,3,Yes,0,No,No,0
CUST_002997,35,52,33.53,1783.59,Two year,Fiber optic,Electronic check,2,Yes,0,Yes,No,0
CUST_002998,37,25,67.91,1535.19,Month-to-month,Fiber optic,Credit card,0,No,0,No,No,1
CUST_002999,42,10,43.22,439.41,Two year,No,Mailed check,2,No,0,Yes,No,1
CUST_003000,55,13,115.21,1424.85,Month-to-month,DSL,Bank transfer,5,No,0,No,Yes,1
CUST_003001,62,47,75.93,3860.66,Month-to-month,DSL,Credit card,2,No,0,No,Yes,0
CUST_003002,56,52,109.77,6075.87,One year,Fiber optic,Electronic check,2,Yes,0,No,No,0
CUST_003003,71,20,47.81,967.57,One year,No,Electronic check,2,No,0,Yes,No,0
CUST_003004,72,26,22.6,563.83,Month-to-month,Fiber optic,Electronic check,1,No,0,No,No,0
CUST_003005,58,69,97.57,6414.48,Month-to-month,No,Electronic check,5,No,0,No,No,0
CUST_003006,39,62,90.24,5101.12,One year,Fiber optic,Credit card,2,No,1,Yes,Yes,0
CUST_003007,52,30,74.55,2183.58,One year,No,Credit card,3,Yes,0,No,No,0
CUST_003008,42,18,101.53,1698.97,Month-to-month,Fiber optic,Mailed check,1,No,0,No,Yes,1
CUST_003009,53,22,104.01,2347.08,One year,DSL,Bank transfer,0,Yes,0,Yes,No,0
CUST_003010,64,39,78.79,3295.15,Month-to-month,DSL,Credit card,3,Yes,0,No,No,0
CUST_003011,39,41,116.59,4376.4,Month-to-month,Fiber optic,Electronic check,0,No,0,No,No,1
CUST_003012,46,14,91.97,1389.17,One year,No,Electronic check,1,No,0,Yes,Yes,0
CUST_003013,20,5,87.69,430.02,Two year,Fiber optic,Credit card,3,Yes,0,No,No,0
CUST_003014,59,36,56.14,1830.39,Month-to-month,DSL,Bank transfer,3,Yes,0,No,No,0
CUST_003015,45,58,20.23,1075.62,Month-to-month,DSL,Electronic check,6,No,0,Yes,No,0
CUST_003016,44,11,44.09,436.51,Month-to-month,Fiber optic,Mailed check,1,No,0,No,No,1
CUST_003017,48,30,96.39,2944.93,One year,No,Electronic check,4,No,0,Yes,No,0
CUST_003018,30,12,90.99,1041.65,Month-to-month,Fiber optic,Bank transfer,4,No,0,Yes,No,1
CUST_003019,52,18,53.1,949.77,Month-to-month,Fiber optic,Bank transfer,2,Yes,0,Yes,No,0
CUST_003020,60,45,82.56,3885.46,Month-to-month,Fiber optic,Electronic check,3,No,0,No,Yes,0
CUST_003021,37,21,39.53,816.73,Two year,No,Bank transfer,6,No,0,Yes,No,0
CUST_003022,25,19,46.36,827.45,Month-to-month,No,Mailed check,2,No,0,Yes,Yes,1
CUST_003023,40,72,114.74,8819.73,One year,DSL,Bank transfer,1,Yes,0,Yes,No,0
CUST_003024,29,13,61.32,750.34,Month-to-month,Fiber optic,Bank transfer,7,No,0,No,No,1
CUST_003025,39,14,44.5,651.04,Month-to-month,No,Mailed check,1,Yes,0,Yes,Yes,0
CUST_003026,53,67,68.71,4776.3,Month-to-month,No,Electronic check,1,Yes,0,Yes,Yes,0
CUST_003027,24,40,58.7,2489.4,Month-to-month,Fiber optic,Electronic check,2,No,0,No,Yes,0
CUST_003028,60,4,92.95,367.76,Month-to-month,DSL,Bank transfer,5,Yes,0,No,No,1
CUST_003029,30,31,116.21,3911.55,Month-to-month,Fiber optic,Bank transfer,5,Yes,0,No,No,1
CUST_003030,68,41,79.17,2999.95,Month-to-month,Fiber optic,Electronic check,1,Yes,0,No,No,0
CUST_003031,59,19,79.11,1514.08,Month-to-month,DSL,Credit card,0,No,0,No,No,1
CUST_003032,33,40,56.48,2352.58,Month-to-month,No,Credit card,5,No,0,No,No,0
CUST_003033,50,47,76.46,3855.75,Month-to-month,DSL,Electronic check,4,No,0,No,No,1
CUST_003034,24,19,51.93,1016.04,Month-to-month,No,Electronic check,1,No,0,No,No,1
CUST_003035,23,59,20.11,1224.83,Month-to-month,Fiber optic,Mailed check,3,Yes,0,Yes,Yes,0
CUST_003036,72,33,106.61,3843.25,One year,DSL,Electronic check,4,No,0,No,No,0
CUST_003037,63,70,62.94,4327.63,Two year,Fiber optic,Credit card,1,No,0,No,No,0
CUST_003038,26,7,69.21,487.73,One year,Fiber optic,Bank transfer,4,Yes,0,No,No,0
CUST_003039,34,24,28.35,704.08,Month-to-month,No,Electronic check,2,No,0,Yes,No,1
CUST_003040,29,52,103.71,5143.33,Two year,Fiber optic,Mailed check,4,No,0,Yes,Yes,0
CUST_003041,40,65,37.03,2352.67,Two year,DSL,Electronic check,4,No,0,No,No,0
CUST_003042,34,16,61.06,1013.69,Month-to-month,No,Mailed check,1,No,0,Yes,No,1
CUST_003043,36,71,104.03,7229.93,Month-to-month,Fiber optic,Electronic check,5,No,1,No,Yes,0
CUST_003044,48,14,65.78,996.19,One year,DSL,Credit card,5,No,0,Yes,No,0
CUST_003045,28,30,113.12,3440.27,Two year,No,Bank transfer,4,No,1,Yes,No,1
CUST_003046,68,23,40.93,977.99,One year,DSL,Credit card,1,Yes,0,Yes,No,0
CUST_003047,59,31,91.52,2645.3,One year,DSL,Electronic check,5,Yes,1,No,No,0
CUST_003048,61,65,117.8,8377.19,One year,Fiber optic,Mailed check,4,Yes,0,Yes,No,0
CUST_003049,27,53,74.96,4365.67,Two year,Fiber optic,Credit card,2,No,0,Yes,Yes,0
CUST_003050,58,58,89.22,5350.63,Month-to-month,Fiber optic,Mailed check,2,No,0,No,No,0
CUST_003051,65,19,59.32,1061.68,Month-to-month,No,Mailed check,4,Yes,0,No,No,1
CUST_003052,27,69,95.13,6619.85,Two year,DSL,Credit card,1,Yes,0,No,No,0
CUST_003053,60,32,110.89,3263.82,Month-to-month,No,Bank transfer,2,No,0,No,No,1
CUST_003054,38,47,90.31,3867.25,Month-to-month,DSL,Credit card,2,No,0,Yes,No,0
CUST_003055,62,51,113.59,5564.86,Month-to-month,DSL,Mailed check,4,No,0,No,No,0
CUST_003056,45,48,78.87,3575.98,Month-to-month,DSL,Bank transfer,2,Yes,0,Yes,No,0
CUST_003057,63,44,77.71,3732.57,Month-to-month,DSL,Mailed check,5,No,0,Yes,No,0
CUST_003058,26,35,50.46,1853.65,One year,Fiber optic,Mailed check,0,No,0,No,No,0
CUST_003059,40,47,90.96,4457.91,Month-to-month,No,Electronic check,1,No,0,Yes,No,1
CUST_003060,33,66,108.2,7514.68,One year,No,Credit card,2,No,0,No,No,0
CUST_003061,32,29,84.63,2385.41,Month-to-month,Fiber optic,Mailed check,2,No,0,Yes,No,0
CUST_003062,35,37,43.3,1760.3,Two year,DSL,Bank transfer,1,No,0,Yes,Yes,1
CUST_003063,39,13,74.41,982.97,One year,No,Credit card,1,No,0,No,No,0
CUST_003064,25,26,95.59,2340.83,Two year,Fiber optic,Bank transfer,3,No,1,No,No,0
CUST_003065,58,56,113.94,6602.2,Month-to-month,Fiber optic,Electronic check,0,No,1,No,No,1
CUST_003066,49,47,35.66,1693.68,Month-to-month,Fiber optic,Bank transfer,3,Yes,1,Yes,Yes,0
CUST_003067,65,16,32.75,535.43,One year,DSL,Mailed check,3,No,0,Yes,No,0
CUST_003068,58,40,61.29,2337.28,Two year,Fiber optic,Electronic check,1,Yes,0,No,No,0
CUST_003069,26,59,32.56,1953.72,Month-to-month,No,Electronic check,2,No,0,Yes,No,0
CUST_003070,21,9,118.04,971.94,One year,DSL,Bank transfer,2,No,0,Yes,Yes,0
CUST_003071,42,5,62.43,331.84,One year,Fiber optic,Bank transfer,4,Yes,0,No,No,0
CUST_003072,45,29,73.36,2172.08,Month-to-month,No,Credit card,2,No,0,Yes,No,0
CUST_003073,31,48,42.71,2116.92,One year,Fiber optic,Mailed check,4,No,1,Yes,Yes,0
CUST_003074,62,23,64.91,1515.81,Month-to-month,Fiber optic,Mailed check,7,Yes,0,No,No,1
CUST_003075,51,60,118.47,7801.08,Month-to-month,Fiber optic,Electronic check,4,No,1,No,No,1
CUST_003076,60,61,68.87,3850.4,Two year,No,Credit card,1,No,0,Yes,No,0
CUST_003077,24,39,20.88,809.04,Month-to-month,Fiber optic,Credit card,1,Yes,0,No,No,0
CUST_003078,64,28,44.25,1281.48,One year,Fiber optic,Credit card,1,No,0,No,Yes,1
CUST_003079,29,4,117.85,481.04,One year,DSL,Mailed check,3,No,0,No,No,0
CUST_003080,43,60,118.91,7451.25,Two year,No,Electronic check,2,No,0,Yes,No,0
CUST_003081,43,65,41.05,2924.43,Month-to-month,No,Bank transfer,5,Yes,0,No,Yes,0
CUST_003082,64,32,81.53,2600.97,Month-to-month,Fiber optic,Mailed check,7,Yes,0,No,No,1
CUST_003083,33,38,27.69,1114.84,Month-to-month,No,Electronic check,3,Yes,0,Yes,No,0
CUST_003084,31,55,77.74,4273.6,One year,Fiber optic,Electronic check,3,No,0,Yes,Yes,0
CUST_003085,37,51,32.59,1741.95,Month-to-month,No,Electronic check,2,Yes,0,Yes,Yes,0
CUST_003086,38,10,101.87,1018.56,One year,DSL,Mailed check,2,No,0,Yes,Yes,1
CUST_003087,28,49,113.96,5530.26,Month-to-month,DSL,Credit card,2,No,1,Yes,No,1
CUST_003088,28,67,37.3,2731.2,Month-to-month,No,Bank transfer,2,No,1,Yes,Yes,0
CUST_003089,31,55,66.27,3780.1,Two year,Fiber optic,Bank transfer,2,No,1,No,No,0
CUST_003090,44,35,30.2,1095.57,Two year,Fiber optic,Electronic check,3,No,0,No,No,0
CUST_003091,37,38,53.91,2056.57,Month-to-month,Fiber optic,Bank transfer,6,Yes,0,Yes,No,0
CUST_003092,40,19,26.51,460.2,One year,Fiber optic,Mailed check,1,Yes,0,Yes,No,0
CUST_003093,58,48,46.45,2166.51,Month-to-month,DSL,Electronic check,4,No,1,Yes,No,0
CUST_003094,31,18,119.02,1949.47,One year,Fiber optic,Mailed check,4,No,0,Yes,Yes,1
CUST_003095,69,25,24.46,640.88,Month-to-month,Fiber optic,Electronic check,3,Yes,1,Yes,No,0
CUST_003096,60,20,105.9,2243.78,Month-to-month,DSL,Credit card,3,No,0,Yes,No,1
CUST_003097,27,25,27.75,628.76,Month-to-month,DSL,Credit card,1,Yes,0,Yes,No,0
CUST_003098,35,27,72.9,1967.85,Month-to-month,Fiber optic,Electronic check,2,No,0,Yes,No,1
CUST_003099,28,6,65.21,422.64,One year,Fiber optic,Bank transfer,6,No,0,No,No,1
CUST_003100,33,52,113.16,5420.77,Month-to-month,Fiber optic,Mailed check,2,Yes,0,No,No,1
CUST_003101,38,32,39.9,1240.38,Month-to-month,Fiber optic,Electronic check,3,No,0,No,Yes,0
CUST_003102,25,69,37.97,2420.22,Month-to-month,Fiber optic,Bank transfer,2,No,0,Yes,No,0
CUST_003103,18,14,94.87,1327.77,Month-to-month,DSL,Bank transfer,4,No,0,No,Yes,1
CUST_003104,43,49,92.57,4565.61,One year,Fiber optic,Bank transfer,2,No,0,No,No,0
CUST_003105,57,13,89.92,1143.68,Month-to-month,DSL,Electronic check,2,Yes,0,Yes,No,0
CUST_003106,35,40,22.61,965.42,One year,Fiber optic,Mailed check,4,No,0,No,No,0
CUST_003107,67,36,46.0,1626.1,Two year,DSL,Electronic check,3,No,0,Yes,Yes,0
CUST_003108,39,33,103.99,3163.63,Month-to-month,Fiber optic,Electronic check,1,No,0,Yes,No,1
CUST_003109,69,48,80.09,4072.66,Two year,Fiber optic,Electronic check,2,No,0,No,No,0
CUST_003110,31,60,80.22,4536.84,Month-to-month,No,Electronic check,4,No,0,Yes,Yes,1
CUST_003111,48,23,49.59,1191.55,Month-to-month,Fiber optic,Electronic check,0,No,1,No,Yes,1
CUST_003112,61,62,46.02,2815.88,Month-to-month,No,Mailed check,3,No,1,No,No,0
CUST_003113,21,14,114.66,1514.83,Month-to-month,Fiber optic,Bank transfer,2,No,0,Yes,No,1
CUST_003114,71,22,92.78,1877.64,Month-to-month,DSL,Electronic check,6,Yes,0,No,No,1
CUST_003115,38,23,32.69,801.01,Month-to-month,DSL,Electronic check,2,No,0,Yes,No,0
CUST_003116,46,69,113.77,7408.71,Two year,DSL,Credit card,1,Yes,0,No,No,0
CUST_003117,53,9,78.24,772.92,Month-to-month,DSL,Credit card,2,Yes,0,Yes,No,0
CUST_003118,54,29,53.34,1553.87,Two year,DSL,Electronic check,2,No,1,No,Yes,0
CUST_003119,19,31,59.71,1935.13,Month-to-month,Fiber optic,Mailed check,2,No,1,Yes,No,1
CUST_003120,67,58,92.54,5438.44,One year,Fiber optic,Electronic check,1,No,1,No,No,0
CUST_003121,53,35,57.63,2218.05,Month-to-month,Fiber optic,Credit card,6,No,0,No,No,1
CUST_003122,74,70,77.87,5166.91,Month-to-month,DSL,Mailed check,4,Yes,0,Yes,No,0
CUST_003123,44,54,91.05,4809.99,Month-to-month,Fiber optic,Electronic check,6,No,0,No,No,0
CUST_003124,52,51,39.54,2170.88,Two year,DSL,Bank transfer,0,No,0,No,No,0
CUST_003125,43,55,114.42,5904.82,Two year,Fiber optic,Bank transfer,1,Yes,0,No,Yes,0
CUST_003126,68,12,55.62,684.66,Month-to-month,Fiber optic,Electronic check,4,No,0,No,No,0
CUST_003127,65,33,61.94,2206.25,One year,DSL,Electronic check,4,Yes,1,Yes,Yes,0
CUST_003128,69,43,89.85,4243.53,One year,DSL,Mailed check,1,No,0,Yes,Yes,0
CUST_003129,46,16,80.88,1371.74,One year,No,Electronic check,1,No,0,Yes,No,0
CUST_003130,63,9,64.01,526.55,Month-to-month,Fiber optic,Electronic check,1,No,1,Yes,Yes,0
CUST_003131,38,10,84.97,861.22,One year,Fiber optic,Credit card,3,No,0,Yes,No,1
CUST_003132,44,57,110.28,6521.19,One year,DSL,Bank transfer,5,No,0,Yes,No,0
CUST_003133,61,48,100.03,4614.88,Month-to-month,DSL,Bank transfer,3,No,1,No,No,0
CUST_003134,22,21,102.43,2227.28,Month-to-month,Fiber optic,Bank transfer,6,No,0,Yes,No,1
CUST_003135,58,54,45.84,2678.63,Month-to-month,No,Mailed check,1,No,0,Yes,No,0
CUST_003136,18,51,61.94,3251.41,Two year,DSL,Mailed check,1,Yes,0,No,No,0
CUST_003137,51,59,75.38,4441.8,Month-to-month,DSL,Bank transfer,0,No,0,Yes,No,0
CUST_003138,45,66,24.42,1695.15,Month-to-month,No,Electronic check,2,No,0,Yes,Yes,0
CUST_003139,44,64,96.98,5954.4,Month-to-month,Fiber optic,Electronic check,1,No,0,No,No,0
CUST_003140,46,14,52.35,757.57,Two year,DSL,Electronic check,1,No,1,Yes,No,1
CUST_003141,46,56,48.26,2706.2,One year,Fiber optic,Bank transfer,3,Yes,0,Yes,No,0
CUST_003142,41,29,45.93,1361.53,Month-to-month,Fiber optic,Bank transfer,1,Yes,0,No,Yes,0
CUST_003143,43,30,48.34,1447.43,Month-to-month,No,Mailed check,4,Yes,0,No,No,0
CUST_003144,50,47,53.8,2485.57,One year,DSL,Mailed check,4,No,0,No,Yes,1
CUST_003145,61,44,80.48,3223.71,Month-to-month,Fiber optic,Credit card,2,No,0,No,No,1
CUST_003146,49,31,78.36,2488.31,Month-to-month,DSL,Electronic check,3,Yes,0,No,No,0
CUST_003147,54,72,45.57,3594.2,Two year,No,Mailed check,2,Yes,0,Yes,Yes,0
CUST_003148,65,13,40.64,512.92,Month-to-month,No,Bank transfer,1,Yes,0,Yes,No,0
CUST_003149,74,7,102.64,736.4,Month-to-month,No,Bank transfer,2,No,0,No,No,1
CUST_003150,24,3,29.27,91.74,Month-to-month,No,Mailed check,2,No,0,Yes,No,0
CUST_003151,58,59,71.28,4292.77,One year,Fiber optic,Electronic check,0,Yes,0,No,Yes,0
CUST_003152,30,30,72.06,2334.85,One year,DSL,Credit card,3,No,0,No,No,0
CUST_003153,29,32,77.41,2691.13,Month-to-month,DSL,Mailed check,4,Yes,0,No,Yes,0
CUST_003154,63,47,108.57,5481.62,One year,DSL,Credit card,4,No,0,Yes,No,1
CUST_003155,21,32,82.39,2594.63,Two year,Fiber optic,Bank transfer,1,No,0,No,No,0
CUST_003156,66,42,117.36,4574.26,Two year,DSL,Credit card,2,Yes,0,No,Yes,0
CUST_003157,61,5,107.14,525.04,Month-to-month,Fiber optic,Electronic check,3,No,1,Yes,Yes,0
CUST_003158,74,12,41.47,499.93,Month-to-month,Fiber optic,Mailed check,2,No,0,No,No,0
CUST_003159,56,68,44.12,2725.61,Two year,No,Electronic check,1,Yes,0,Yes,Yes,0
CUST_003160,67,33,54.48,1919.49,Month-to-month,Fiber optic,Electronic check,4,Yes,0,No,No,0
CUST_003161,24,13,59.15,828.26,Month-to-month,Fiber optic,Electronic check,1,Yes,1,Yes,No,1
CUST_003162,68,27,75.3,2086.84,Month-to-month,Fiber optic,Mailed check,3,Yes,1,No,No,1
CUST_003163,27,25,43.25,1098.59,Two year,No,Mailed check,5,Yes,1,No,Yes,0
CUST_003164,35,20,42.23,825.57,Month-to-month,Fiber optic,Bank transfer,1,No,0,Yes,No,1
CUST_003165,25,22,58.14,1401.36,Month-to-month,DSL,Electronic check,3,Yes,0,No,No,0
CUST_003166,40,53,87.2,4562.61,One year,DSL,Electronic check,1,No,0,No,No,1
CUST_003167,60,8,88.81,668.73,Month-to-month,No,Mailed check,2,No,0,Yes,No,1
CUST_003168,33,23,117.61,2954.41,Month-to-month,Fiber optic,Bank transfer,2,No,0,Yes,No,1
CUST_003169,64,34,40.24,1459.92,Month-to-month,No,Electronic check,3,No,0,No,Yes,0
CUST_003170,52,39,59.29,2232.43,Month-to-month,Fiber optic,Bank transfer,2,No,1,Yes,Yes,1
CUST_003171,53,64,116.47,7541.08,Two year,Fiber optic,Electronic check,4,No,0,Yes,No,0
CUST_003172,71,67,89.0,6064.64,Month-to-month,Fiber optic,Bank transfer,2,Yes,0,Yes,No,0
CUST_003173,42,22,79.23,1874.52,Two year,No,Bank transfer,3,No,0,Yes,No,0
CUST_003174,37,39,73.96,2911.88,Month-to-month,No,Mailed check,6,Yes,0,No,Yes,1
CUST_003175,74,2,27.55,54.2,Month-to-month,Fiber optic,Bank transfer,5,Yes,0,Yes,No,1
CUST_003176,49,45,109.34,5010.66,Month-to-month,DSL,Credit card,2,Yes,0,Yes,No,1
CUST_003177,53,12,82.55,1084.18,Month-to-month,DSL,Electronic check,3,No,0,No,No,0
CUST_003178,34,6,77.17,421.56,Month-to-month,Fiber optic,Electronic check,4,Yes,0,Yes,No,1
CUST_003179,30,49,73.95,3730.18,Month-to-month,No,Credit card,3,No,0,Yes,No,0
CUST_003180,27,13,59.19,705.2,Two year,No,Credit card,4,No,0,No,Yes,0
CUST_003181,30,35,45.47,1515.95,Month-to-month,Fiber optic,Bank transfer,4,No,0,No,Yes,0
CUST_003182,29,8,95.53,794.16,Two year,DSL,Electronic check,2,No,0,No,No,0
CUST_003183,60,54,70.96,3992.87,Month-to-month,Fiber optic,Electronic check,2,No,1,Yes,No,0
CUST_003184,21,56,23.39,1397.25,Month-to-month,No,Credit card,2,Yes,0,No,No,0
CUST_003185,53,42,59.91,2536.65,One year,Fiber optic,Bank transfer,6,No,0,No,No,1
CUST_003186,72,61,112.86,7300.26,Month-to-month,DSL,Electronic check,2,Yes,0,No,No,0
CUST_003187,61,32,57.39,1837.65,Month-to-month,Fiber optic,Electronic check,0,Yes,0,Yes,No,0
CUST_003188,40,14,61.32,807.25,Month-to-month,Fiber optic,Bank transfer,3,No,0,Yes,No,0
CUST_003189,21,11,82.4,896.51,Month-to-month,Fiber optic,Bank transfer,2,Yes,0,No,No,1
CUST_003190,65,16,100.17,1497.77,One year,No,Credit card,1,No,1,No,No,0
CUST_003191,18,15,86.85,1314.71,Month-to-month,No,Mailed check,3,No,0,Yes,No,0
CUST_003192,56,24,105.01,2528.36,Two year,DSL,Electronic check,4,No,0,No,No,1
CUST_003193,56,16,31.4,478.41,Month-to-month,DSL,Electronic check,3,Yes,0,Yes,No,0
CUST_003194,28,43,112.46,4822.47,Month-to-month,Fiber optic,Mailed check,2,Yes,0,No,No,1
CUST_003195,60,11,110.39,1239.46,Month-to-month,DSL,Electronic check,4,Yes,0,Yes,No,0
CUST_003196,28,45,71.91,3193.72,Month-to-month,Fiber optic,Electronic check,2,No,0,Yes,Yes,0
CUST_003197,30,25,82.47,1947.77,Two year,DSL,Electronic check,2,No,0,No,Yes,0
CUST_003198,64,50,41.28,2251.34,Two year,DSL,Electronic check,2,No,0,Yes,No,0
CUST_003199,73,37,64.79,2542.28,Month-to-month,No,Credit card,1,Yes,0,Yes,No,1
CUST_003200,33,66,40.27,2505.24,Month-to-month,DSL,Electronic check,3,No,0,Yes,No,0
CUST_003201,70,32,22.2,707.09,Two year,No,Mailed check,1,Yes,0,No,No,0
CUST_003202,70,22,118.09,2534.67,Month-to-month,DSL,Bank transfer,4,No,0,No,No,1
CUST_003203,61,43,45.91,2170.2,Month-to-month,DSL,Electronic check,2,No,0,No,No,0
CUST_003204,25,48,79.31,3975.54,Month-to-month,DSL,Mailed check,1,No,0,No,No,1
CUST_003205,35,32,50.03,1648.66,Month-to-month,DSL,Credit card,2,No,0,No,No,0
CUST_003206,56,41,57.06,2174.34,Month-to-month,Fiber optic,Bank transfer,5,Yes,0,No,Yes,0
CUST_003207,74,34,59.78,1906.6,Month-to-month,No,Mailed check,2,No,0,Yes,Yes,0
CUST_003208,64,23,53.5,1336.66,Two year,No,Credit card,3,No,1,Yes,Yes,0
CUST_003209,41,23,83.74,1906.37,Month-to-month,DSL,Credit card,4,Yes,0,No,Yes,0
CUST_003210,31,66,116.09,6918.7,Two year,DSL,Credit card,4,Yes,0,No,No,1
CUST_003211,72,49,62.86,3078.18,One year,DSL,Mailed check,0,No,1,No,Yes,1
CUST_003212,33,7,117.33,840.72,Month-to-month,Fiber optic,Bank transfer,2,No,0,Yes,No,1
CUST_003213,37,70,86.78,5820.35,Month-to-month,DSL,Mailed check,3,No,0,No,No,0
CUST_003214,72,52,80.71,4134.37,Month-to-month,DSL,Electronic check,2,Yes,0,Yes,No,0
CUST_003215,50,4,43.71,167.01,Two year,No,Mailed check,1,No,0,No,No,0
CUST_003216,33,53,26.29,1377.2,Month-to-month,No,Credit card,4,No,0,No,No,0
CUST_003217,18,43,105.19,4961.2,Two year,Fiber optic,Electronic check,3,No,0,Yes,No,1
CUST_003218,42,66,77.4,5066.69,One year,DSL,Credit card,4,Yes,1,No,Yes,1
CUST_003219,74,36,61.44,2347.41,One year,Fiber optic,Credit card,2,Yes,0,Yes,No,0
CUST_003220,42,38,101.2,3560.0,Month-to-month,DSL,Electronic check,0,No,0,No,No,1
CUST_003221,57,23,51.06,1242.47,One year,Fiber optic,Electronic check,2,No,0,Yes,No,1
CUST_003222,32,24,98.36,2363.7,One year,Fiber optic,Credit card,3,No,0,No,No,0
CUST_003223,62,45,52.8,2312.61,One year,DSL,Electronic check,3,Yes,1,Yes,Yes,0
CUST_003224,62,60,112.09,6828.19,Month-to-month,No,Bank transfer,3,No,0,Yes,No,0
CUST_003225,52,65,46.8,2951.16,One year,Fiber optic,Electronic check,3,No,0,Yes,Yes,0
CUST_003226,61,56,33.76,2007.67,Month-to-month,Fiber optic,Electronic check,1,No,0,Yes,No,0
CUST_003227,50,44,89.81,4180.16,One year,DSL,Electronic check,0,No,0,Yes,No,0
CUST_003228,39,37,36.28,1269.87,Month-to-month,Fiber optic,Electronic check,3,No,0,Yes,Yes,0
CUST_003229,60,25,114.94,2834.43,Month-to-month,DSL,Credit card,4,Yes,0,No,No,0
CUST_003230,65,56,85.56,4444.9,One year,Fiber optic,Electronic check,4,Yes,1,Yes,No,0
CUST_003231,65,23,43.09,893.07,Month-to-month,DSL,Electronic check,2,No,0,No,No,0
CUST_003232,30,20,40.88,784.32,One year,DSL,Bank transfer,1,No,0,No,No,0
CUST_003233,56,63,112.39,7166.39,One year,Fiber optic,Credit card,2,No,0,No,Yes,0
CUST_003234,18,43,80.79,3654.14,One year,Fiber optic,Mailed check,4,No,0,Yes,Yes,0
CUST_003235,50,26,109.37,3099.49,One year,Fiber optic,Bank transfer,0,Yes,0,Yes,Yes,0
CUST_003236,50,63,31.02,1924.11,Month-to-month,Fiber optic,Electronic check,2,No,1,Yes,No,0
CUST_003237,38,70,112.54,7095.42,Month-to-month,Fiber optic,Credit card,3,Yes,0,Yes,Yes,0
CUST_003238,74,23,72.0,1705.66,One year,Fiber optic,Bank transfer,4,No,0,No,No,0
CUST_003239,68,38,86.84,3106.36,Month-to-month,DSL,Credit card,0,No,0,No,No,1
CUST_003240,20,35,57.29,2035.64,Month-to-month,DSL,Bank transfer,6,No,0,No,No,0
CUST_003241,29,51,25.91,1308.69,Month-to-month,Fiber optic,Credit card,0,No,0,No,No,0
CUST_003242,29,69,115.8,7635.72,Month-to-month,DSL,Mailed check,2,No,0,No,No,0
CUST_003243,69,40,119.46,4586.1,Two year,Fiber optic,Bank transfer,7,No,0,Yes,Yes,1
CUST_003244,47,58,56.45,3170.77,Month-to-month,Fiber optic,Bank transfer,6,No,0,No,No,0
CUST_003245,59,43,114.39,4598.68,Month-to-month,DSL,Electronic check,1,No,1,Yes,No,0
CUST_003246,64,64,36.77,2450.11,Two year,Fiber optic,Credit card,5,Yes,0,No,Yes,0
CUST_003247,61,30,35.47,1041.66,Two year,Fiber optic,Bank transfer,0,No,0,No,No,0
CUST_003248,23,28,27.31,798.04,Month-to-month,Fiber optic,Credit card,4,Yes,0,No,Yes,0
CUST_003249,25,31,59.13,1863.22,Two year,No,Mailed check,2,No,0,No,Yes,0
CUST_003250,40,72,25.23,1717.41,Month-to-month,DSL,Credit card,3,Yes,0,No,No,0
CUST_003251,37,45,59.47,2580.48,One year,DSL,Electronic check,0,No,0,No,No,0
CUST_003252,60,11,33.84,403.8,Month-to-month,DSL,Credit card,1,No,0,No,No,1
CUST_003253,26,3,93.05,274.78,Month-to-month,Fiber optic,Electronic check,0,No,0,Yes,Yes,1
CUST_003254,39,38,103.34,3623.15,Month-to-month,DSL,Bank transfer,1,No,0,No,No,1
CUST_003255,31,59,88.78,5388.03,One year,No,Electronic check,2,Yes,0,Yes,No,0
CUST_003256,28,35,40.05,1357.52,Month-to-month,DSL,Bank transfer,2,No,0,Yes,No,0
CUST_003257,27,41,96.68,3936.66,Month-to-month,Fiber optic,Mailed check,1,Yes,0,Yes,Yes,0
CUST_003258,29,58,44.95,2454.03,One year,Fiber optic,Credit card,4,No,0,Yes,No,0
CUST_003259,50,38,95.95,3290.8,Month-to-month,DSL,Credit card,2,No,0,Yes,No,0
CUST_003260,41,66,76.74,5150.6,Two year,Fiber optic,Mailed check,5,Yes,0,Yes,No,0
CUST_003261,42,46,56.67,2572.52,Month-to-month,Fiber optic,Credit card,2,Yes,0,No,Yes,0
CUST_003262,45,53,28.35,1474.14,Month-to-month,Fiber optic,Bank transfer,2,No,0,No,No,0
CUST_003263,60,57,102.75,6352.27,Month-to-month,Fiber optic,Mailed check,2,No,1,Yes,Yes,1
CUST_003264,67,46,113.97,4992.22,Month-to-month,Fiber optic,Electronic check,4,No,1,No,No,1
CUST_003265,48,4,86.59,352.34,Month-to-month,Fiber optic,Electronic check,1,Yes,0,No,No,1
CUST_003266,54,31,116.45,3845.95,Month-to-month,Fiber optic,Electronic check,1,No,0,Yes,Yes,1
CUST_003267,60,11,113.41,1236.27,One year,Fiber optic,Mailed check,4,No,0,Yes,No,0
CUST_003268,57,37,39.46,1533.96,Month-to-month,Fiber optic,Mailed check,1,No,0,No,No,1
CUST_003269,25,11,93.12,1036.5,Month-to-month,DSL,Mailed check,5,No,0,Yes,No,0
CUST_003270,74,37,54.93,1971.85,One year,Fiber optic,Credit card,3,Yes,0,No,No,0
CUST_003271,27,25,68.75,1858.68,Month-to-month,DSL,Electronic check,1,No,1,No,No,0
CUST_003272,41,2,35.7,69.64,One year,No,Credit card,3,Yes,0,Yes,No,0
CUST_003273,55,9,117.48,1048.61,Two year,DSL,Credit card,1,No,0,Yes,No,0
CUST_003274,40,37,92.61,3527.82,Month-to-month,Fiber optic,Bank transfer,2,Yes,0,No,Yes,0
CUST_003275,31,6,46.69,285.39,One year,DSL,Mailed check,2,Yes,0,Yes,Yes,0
CUST_003276,70,62,57.15,3552.15,Two year,DSL,Electronic check,1,Yes,0,Yes,No,0
CUST_003277,22,55,62.25,3553.9,Month-to-month,DSL,Credit card,2,Yes,0,Yes,No,0
CUST_003278,32,52,94.75,5117.92,Two year,Fiber optic,Bank transfer,1,No,0,No,No,0
CUST_003279,74,13,112.57,1472.04,Month-to-month,DSL,Credit card,0,No,1,No,No,1
CUST_003280,59,58,52.14,3027.49,One year,DSL,Electronic check,0,No,0,No,No,0
CUST_003281,22,46,67.25,2886.04,Month-to-month,DSL,Bank transfer,3,No,0,Yes,No,1
CUST_003282,61,29,79.32,2397.31,Month-to-month,DSL,Mailed check,6,No,0,No,Yes,0
CUST_003283,73,1,59.33,65.16,Two year,No,Bank transfer,2,No,0,No,No,0
CUST_003284,23,39,70.42,2631.49,Month-to-month,Fiber optic,Bank transfer,1,No,1,Yes,No,0
CUST_003285,41,58,30.57,1666.77,Two year,Fiber optic,Electronic check,5,No,0,No,No,0
CUST_003286,44,3,36.77,120.01,One year,Fiber optic,Electronic check,1,No,0,Yes,Yes,0
CUST_003287,25,4,60.11,236.15,Two year,Fiber optic,Electronic check,2,No,0,Yes,No,0
CUST_003288,29,28,111.49,3241.76,Two year,No,Electronic check,3,Yes,0,Yes,No,0
CUST_003289,27,37,54.94,2021.02,One year,DSL,Electronic check,2,Yes,0,No,No,0
CUST_003290,28,35,44.98,1594.03,Two year,No,Electronic check,4,Yes,0,No,Yes,0
CUST_003291,41,31,94.29,2825.9,One year,Fiber optic,Mailed check,6,No,0,No,Yes,1
CUST_003292,44,19,114.91,2301.48,Month-to-month,Fiber optic,Bank transfer,2,No,0,No,No,1
CUST_003293,31,5,65.91,329.81,One year,No,Bank transfer,0,Yes,1,No,Yes,0
CUST_003294,34,3,20.86,62.36,Month-to-month,DSL,Electronic check,3,No,0,No,Yes,0
CUST_003295,28,8,88.81,719.13,Month-to-month,No,Electronic check,2,No,0,No,No,1
CUST_003296,63,50,61.51,3344.61,Month-to-month,No,Bank transfer,2,No,0,No,Yes,1
CUST_003297,30,57,87.36,5296.53,Month-to-month,DSL,Mailed check,4,Yes,0,Yes,No,0
CUST_003298,69,32,47.77,1394.09,Month-to-month,DSL,Electronic check,3,Yes,0,Yes,No,0
CUST_003299,48,6,20.24,118.02,Month-to-month,No,Mailed check,3,No,0,No,Yes,0
CUST_003300,63,30,54.45,1520.48,One year,DSL,Credit card,2,Yes,1,No,No,0
CUST_003301,54,71,90.48,6953.35,One year,Fiber optic,Mailed check,1,No,0,No,No,0
CUST_003302,33,18,59.31,1013.4,Two year,DSL,Credit card,2,No,0,Yes,No,0
CUST_003303,52,36,41.92,1589.6,Two year,DSL,Electronic check,2,No,0,Yes,Yes,0
CUST_003304,33,39,66.4,2648.96,Two year,Fiber optic,Electronic check,0,No,0,Yes,No,0
CUST_003305,24,24,95.23,2407.57,One year,Fiber optic,Electronic check,3,Yes,0,Yes,No,1
CUST_003306,32,32,31.94,1056.69,Month-to-month,Fiber optic,Bank transfer,4,Yes,0,No,No,0
CUST_003307,33,34,89.18,2903.29,Two year,Fiber optic,Mailed check,3,No,0,No,Yes,0
CUST_003308,25,35,86.73,3034.5,Month-to-month,DSL,Bank transfer,1,No,0,No,No,0
CUST_003309,19,52,57.07,2773.2,Month-to-month,Fiber optic,Credit card,2,Yes,0,No,Yes,0
CUST_003310,71,42,117.03,4651.32,Month-to-month,DSL,Mailed check,2,No,0,Yes,No,1
CUST_003311,47,4,109.47,404.97,One year,DSL,Electronic check,0,No,0,Yes,No,0
CUST_003312,40,1,51.62,55.5,One year,DSL,Bank transfer,3,No,0,Yes,No,1
CUST_003313,71,30,23.11,663.58,Month-to-month,Fiber optic,Electronic check,2,No,0,No,No,0
CUST_003314,30,66,50.83,3107.52,One year,DSL,Bank transfer,2,Yes,0,No,Yes,0
CUST_003315,40,3,40.47,115.12,Month-to-month,DSL,Credit card,4,No,0,Yes,Yes,1
CUST_003316,66,6,74.73,427.14,Month-to-month,Fiber optic,Mailed check,1,Yes,0,No,No,0
CUST_003317,54,49,111.87,5070.86,Month-to-month,DSL,Electronic check,1,No,1,Yes,No,0
CUST_003318,40,33,107.03,3671.52,Month-to-month,No,Bank transfer,1,No,1,No,No,1
CUST_003319,32,17,50.58,888.48,One year,Fiber optic,Electronic check,4,No,0,Yes,Yes,0
CUST_003320,20,15,62.86,959.74,Month-to-month,DSL,Electronic check,4,No,0,No,No,0
CUST_003321,22,48,23.65,1219.03,Month-to-month,No,Mailed check,4,No,0,No,No,0
CUST_003322,27,38,74.42,2575.68,Month-to-month,Fiber optic,Electronic check,2,Yes,0,No,No,0
CUST_003323,62,46,26.34,1237.57,One year,No,Electronic check,0,No,0,No,No,0
CUST_003324,54,21,113.86,2433.14,Two year,Fiber optic,Bank transfer,6,No,0,No,No,1
CUST_003325,42,38,106.69,4230.13,One year,Fiber optic,Mailed check,1,Yes,1,Yes,No,0
CUST_003326,62,62,41.42,2478.46,One year,Fiber optic,Mailed check,6,No,0,Yes,No,0
CUST_003327,27,23,89.94,2037.97,Two year,Fiber optic,Credit card,3,No,0,Yes,Yes,0
CUST_003328,30,29,76.8,2155.41,Month-to-month,Fiber optic,Electronic check,3,No,0,No,No,0
CUST_003329,40,12,100.14,1175.33,Month-to-month,DSL,Electronic check,4,Yes,0,No,No,1
CUST_003330,70,46,67.57,3195.28,Month-to-month,DSL,Credit card,3,No,0,No,No,0
CUST_003331,53,3,39.18,111.86,Month-to-month,DSL,Electronic check,0,Yes,0,Yes,Yes,0
CUST_003332,66,18,83.98,1622.9,Month-to-month,Fiber optic,Credit card,4,No,0,Yes,No,1
CUST_003333,32,52,28.03,1601.53,Month-to-month,DSL,Bank transfer,3,Yes,0,Yes,No,0
CUST_003334,66,2,78.46,154.6,Month-to-month,No,Mailed check,4,No,1,Yes,No,1
CUST_003335,22,72,41.27,3263.11,Month-to-month,DSL,Electronic check,2,No,0,No,No,0
CUST_003336,30,30,88.49,2645.2,Month-to-month,Fiber optic,Mailed check,5,No,0,Yes,No,1
CUST_003337,47,29,102.8,2694.9,Month-to-month,DSL,Credit card,5,No,0,No,No,1
CUST_003338,20,39,30.95,1304.2,Two year,Fiber optic,Electronic check,4,No,0,Yes,Yes,0
CUST_003339,66,47,60.03,2729.09,One year,No,Bank transfer,4,Yes,0,Yes,Yes,0
CUST_003340,67,34,93.35,2894.88,Month-to-month,Fiber optic,Credit card,4,No,1,No,No,1
CUST_003341,48,64,36.37,2180.74,Month-to-month,Fiber optic,Bank transfer,2,No,0,No,No,0
CUST_003342,35,70,76.65,5605.97,Month-to-month,Fiber optic,Electronic check,2,No,0,Yes,No,0
CUST_003343,23,15,87.18,1237.87,Month-to-month,DSL,Bank transfer,1,Yes,0,No,No,0
CUST_003344,53,51,55.48,2961.48,Month-to-month,Fiber optic,Bank transfer,5,No,0,Yes,Yes,0
CUST_003345,48,22,103.2,2420.97,Month-to-month,Fiber optic,Electronic check,1,No,1,No,Yes,1
CUST_003346,61,72,71.07,5536.73,Two year,DSL,Credit card,6,No,0,No,No,0
CUST_003347,52,19,82.7,1698.96,Two year,Fiber optic,Electronic check,1,No,0,Yes,No,0
CUST_003348,25,22,34.09,702.07,One year,Fiber optic,Credit card,2,No,0,Yes,No,0
CUST_003349,24,52,22.32,1174.22,One year,DSL,Electronic check,3,Yes,0,Yes,Yes,0
CUST_003350,62,57,25.07,1538.55,One year,DSL,Electronic check,4,Yes,0,Yes,Yes,0
CUST_003351,27,10,110.39,1047.16,One year,Fiber optic,Bank transfer,3,No,0,Yes,No,1
CUST_003352,71,41,108.26,4881.75,Two year,Fiber optic,Electronic check,1,No,0,No,No,1
CUST_003353,24,25,100.76,2638.09,One year,Fiber optic,Electronic check,3,Yes,0,Yes,Yes,0
CUST_003354,59,45,39.96,1954.18,One year,Fiber optic,Electronic check,3,No,0,Yes,No,0
CUST_003355,73,41,72.55,2862.02,Two year,DSL,Credit card,0,No,0,Yes,Yes,0
CUST_003356,43,71,99.61,6651.69,One year,DSL,Electronic check,3,No,0,No,Yes,1
CUST_003357,21,68,87.47,6482.84,Month-to-month,DSL,Bank transfer,1,No,1,Yes,Yes,0
CUST_003358,67,48,31.55,1448.26,Month-to-month,DSL,Bank transfer,3,No,0,No,No,0
CUST_003359,28,49,109.55,5801.97,Month-to-month,DSL,Mailed check,4,Yes,0,Yes,Yes,1
CUST_003360,48,65,36.07,2189.91,Month-to-month,DSL,Mailed check,2,No,1,Yes,No,0
CUST_003361,74,14,37.18,505.79,Month-to-month,Fiber optic,Electronic check,3,No,0,No,No,0
CUST_003362,60,53,110.1,5985.41,Month-to-month,Fiber optic,Credit card,1,No,0,No,No,0
CUST_003363,20,56,68.46,4149.58,Month-to-month,DSL,Bank transfer,2,Yes,0,No,No,0
CUST_003364,64,10,57.29,568.47,Two year,Fiber optic,Credit card,5,Yes,0,No,No,1
CUST_003365,27,64,75.37,4919.34,Month-to-month,DSL,Bank transfer,7,No,0,No,No,1
CUST_003366,60,51,118.14,5815.9,Month-to-month,Fiber optic,Credit card,3,No,0,No,No,1
CUST_003367,53,25,31.96,750.3,Month-to-month,No,Credit card,3,No,0,Yes,No,1
CUST_003368,34,35,95.69,3510.36,Month-to-month,Fiber optic,Mailed check,4,No,0,Yes,No,0
CUST_003369,42,36,53.43,2013.83,One year,DSL,Credit card,2,Yes,0,No,No,0
CUST_003370,24,67,31.7,2278.54,One year,DSL,Electronic check,1,No,0,No,Yes,0
CUST_003371,74,70,62.19,4049.17,Month-to-month,Fiber optic,Electronic check,4,No,0,No,No,0
CUST_003372,31,59,74.88,4027.91,Month-to-month,DSL,Mailed check,2,Yes,0,No,Yes,0
CUST_003373,35,47,40.6,1955.99,Month-to-month,No,Mailed check,2,Yes,0,No,No,0
CUST_003374,46,8,60.53,483.16,One year,Fiber optic,Mailed check,2,Yes,0,No,No,0
CUST_003375,56,66,83.57,5654.27,Two year,DSL,Mailed check,3,Yes,0,Yes,No,0
CUST_003376,46,10,77.64,735.84,Two year,Fiber optic,Mailed check,3,Yes,0,Yes,No,0
CUST_003377,46,13,92.32,1278.32,Month-to-month,Fiber optic,Credit card,1,No,0,Yes,No,0
CUST_003378,51,6,103.64,614.99,One year,Fiber optic,Electronic check,1,No,0,No,No,1
CUST_003379,66,69,60.91,4351.83,One year,No,Electronic check,0,No,0,Yes,Yes,0
CUST_003380,40,36,62.3,2105.99,Two year,No,Bank transfer,2,Yes,0,No,No,0
CUST_003381,65,17,69.67,1077.71,Month-to-month,DSL,Bank transfer,1,Yes,0,No,Yes,0
CUST_003382,62,6,76.64,446.78,Month-to-month,DSL,Credit card,4,No,0,No,No,1
CUST_003383,72,30,30.83,911.2,Month-to-month,DSL,Electronic check,1,Yes,1,No,No,0
CUST_003384,70,53,51.26,2678.51,Month-to-month,Fiber optic,Electronic check,3,No,0,Yes,No,0
CUST_003385,63,72,37.19,2538.11,One year,Fiber optic,Credit card,2,Yes,1,No,Yes,0
CUST_003386,32,40,58.59,2328.32,Month-to-month,DSL,Electronic check,1,No,0,No,No,0
CUST_003387,62,44,117.34,5168.9,Month-to-month,No,Bank transfer,3,No,0,Yes,No,1
CUST_003388,59,61,78.27,4570.51,Two year,DSL,Electronic check,2,Yes,0,Yes,Yes,0
CUST_003389,34,65,62.94,3953.67,Month-to-month,No,Mailed check,2,No,1,No,Yes,0
CUST_003390,56,21,76.59,1627.51,Two year,No,Credit card,2,No,0,No,No,0
CUST_003391,32,72,86.91,5687.81,One year,DSL,Mailed check,1,Yes,0,Yes,No,0
CUST_003392,47,38,63.5,2191.62,Two year,DSL,Electronic check,0,No,0,Yes,No,0
CUST_003393,63,67,64.77,4281.04,One year,DSL,Bank transfer,0,No,0,No,No,0
CUST_003394,28,9,90.14,740.3,Month-to-month,No,Electronic check,1,No,0,Yes,No,0
CUST_003395,37,8,26.09,219.01,Month-to-month,Fiber optic,Electronic check,0,Yes,0,No,No,0
CUST_003396,63,64,74.01,4818.89,Two year,No,Mailed check,4,No,0,Yes,No,0
CUST_003397,43,49,74.73,3314.83,Month-to-month,Fiber optic,Mailed check,2,No,0,Yes,Yes,0
CUST_003398,72,13,95.68,1201.42,Month-to-month,Fiber optic,Bank transfer,2,No,1,Yes,Yes,1
CUST_003399,18,65,118.26,7053.44,One year,No,Mailed check,5,Yes,1,Yes,No,0
CUST_003400,59,8,99.58,861.37,Month-to-month,Fiber optic,Mailed check,2,Yes,0,Yes,No,1
CUST_003401,64,50,70.38,3385.8,Month-to-month,Fiber optic,Electronic check,0,No,1,No,No,1
CUST_003402,70,15,36.95,541.19,Month-to-month,Fiber optic,Credit card,2,No,0,Yes,Yes,0
CUST_003403,26,6,78.83,500.14,Month-to-month,DSL,Electronic check,1,No,0,No,Yes,0
CUST_003404,74,59,103.43,5756.25,One year,DSL,Credit card,5,No,0,Yes,No,1
CUST_003405,40,62,113.24,6610.71,Month-to-month,DSL,Mailed check,4,No,0,No,Yes,1
CUST_003406,38,8,102.53,870.65,Month-to-month,Fiber optic,Mailed check,5,No,1,No,No,1
CUST_003407,38,7,38.9,274.1,Month-to-month,Fiber optic,Bank transfer,5,No,0,Yes,No,0
CUST_003408,54,45,91.26,3906.77,One year,Fiber optic,Mailed check,3,No,0,No,No,0
CUST_003409,55,3,108.02,301.88,Month-to-month,DSL,Bank transfer,4,No,0,Yes,Yes,1
CUST_003410,45,54,88.1,5034.76,Month-to-month,Fiber optic,Credit card,1,Yes,1,No,No,0
CUST_003411,22,66,88.58,5500.09,Two year,No,Credit card,3,No,1,No,No,0
CUST_003412,74,55,70.02,3844.26,Month-to-month,Fiber optic,Mailed check,0,Yes,0,Yes,No,0
CUST_003413,30,17,83.7,1334.69,One year,No,Bank transfer,2,No,0,No,Yes,0
CUST_003414,23,14,49.44,674.95,Month-to-month,DSL,Mailed check,3,No,0,Yes,Yes,1
CUST_003415,52,50,28.88,1323.83,Month-to-month,DSL,Bank transfer,0,No,0,No,Yes,0
CUST_003416,41,5,102.77,463.51,Month-to-month,Fiber optic,Electronic check,2,No,1,Yes,No,1
CUST_003417,53,39,114.31,4526.42,Two year,DSL,Electronic check,4,No,0,Yes,Yes,1
CUST_003418,67,33,105.68,3535.71,Month-to-month,Fiber optic,Mailed check,2,Yes,1,Yes,No,0
CUST_003419,23,54,53.39,2704.17,Month-to-month,Fiber optic,Electronic check,3,No,0,Yes,Yes,1
CUST_003420,34,15,29.35,413.6,Month-to-month,DSL,Bank transfer,4,No,0,No,No,0
CUST_003421,47,55,48.01,2784.81,Month-to-month,No,Electronic check,0,Yes,0,No,No,0
CUST_003422,62,51,104.28,5261.51,One year,DSL,Electronic check,1,Yes,0,No,No,0
CUST_003423,52,18,85.58,1572.49,Two year,Fiber optic,Bank transfer,1,No,0,Yes,No,0
CUST_003424,39,26,116.67,2899.87,Month-to-month,Fiber optic,Mailed check,1,No,0,No,No,1
CUST_003425,52,5,54.27,276.02,Month-to-month,Fiber optic,Credit card,5,No,0,No,No,0
CUST_003426,73,33,75.15,2439.4,Month-to-month,DSL,Electronic check,4,No,0,No,Yes,1
CUST_003427,45,19,99.0,1796.09,Two year,No,Electronic check,3,No,0,Yes,No,1
CUST_003428,68,9,43.4,394.79,Month-to-month,No,Electronic check,2,Yes,0,Yes,No,1
CUST_003429,62,41,116.41,4361.6,Month-to-month,Fiber optic,Mailed check,2,No,0,Yes,No,0
CUST_003430,35,41,79.24,3006.27,Two year,Fiber optic,Electronic check,1,No,0,No,No,0
CUST_003431,32,7,20.79,143.88,Two year,Fiber optic,Bank transfer,3,No,0,No,No,1
CUST_003432,61,14,22.52,303.17,Month-to-month,Fiber optic,Electronic check,2,Yes,0,Yes,Yes,0
CUST_003433,29,6,108.22,689.17,Month-to-month,Fiber optic,Credit card,3,No,1,No,Yes,1
CUST_003434,37,49,84.53,3890.64,One year,Fiber optic,Mailed check,1,No,1,Yes,No,0
CUST_003435,31,25,96.31,2231.51,Two year,No,Bank transfer,0,No,0,Yes,No,1
CUST_003436,52,6,98.4,539.24,Month-to-month,Fiber optic,Electronic check,1,Yes,0,No,No,1
CUST_003437,34,14,62.05,923.71,Month-to-month,DSL,Electronic check,3,Yes,0,Yes,No,0
CUST_003438,55,71,99.86,7600.82,Month-to-month,No,Mailed check,3,No,0,No,Yes,0
CUST_003439,71,19,113.75,2334.65,Month-to-month,DSL,Mailed check,4,No,0,No,Yes,1
CUST_003440,65,50,37.22,2005.03,Month-to-month,DSL,Bank transfer,1,Yes,0,Yes,Yes,0
CUST_003441,72,34,96.41,3523.08,One year,No,Electronic check,3,No,1,No,No,1
CUST_003442,19,14,50.78,778.44,Month-to-month,DSL,Electronic check,2,Yes,0,Yes,No,0
CUST_003443,43,23,52.15,1175.04,Month-to-month,DSL,Credit card,2,No,0,No,No,0
CUST_003444,30,2,61.28,126.44,Two year,Fiber optic,Electronic check,0,Yes,1,Yes,No,0
CUST_003445,70,54,106.37,5217.76,Month-to-month,No,Electronic check,0,Yes,0,Yes,No,0
CUST_003446,58,25,22.21,595.92,Month-to-month,DSL,Mailed check,2,Yes,0,Yes,No,0
CUST_003447,36,36,63.39,2120.09,Two year,Fiber optic,Electronic check,2,No,0,Yes,No,0
CUST_003448,50,12,88.0,1094.42,Month-to-month,DSL,Mailed check,0,No,0,Yes,Yes,0
CUST_003449,52,60,31.04,1797.74,Two year,Fiber optic,Bank transfer,7,Yes,0,Yes,Yes,0
CUST_003450,46,16,99.23,1615.56,Month-to-month,DSL,Bank transfer,7,No,0,No,No,1
CUST_003451,45,41,114.19,4956.3,Month-to-month,DSL,Bank transfer,4,No,0,Yes,No,1
CUST_003452,21,63,29.09,1835.92,One year,No,Electronic check,1,No,0,Yes,No,0
CUST_003453,43,52,35.29,2000.43,Month-to-month,Fiber optic,Electronic check,5,No,0,Yes,Yes,0
CUST_003454,37,44,117.41,4968.96,Month-to-month,No,Bank transfer,2,No,0,No,No,1
CUST_003455,64,64,39.79,2577.29,Month-to-month,No,Electronic check,1,Yes,0,No,No,0
CUST_003456,67,13,27.89,388.53,One year,No,Electronic check,2,No,1,No,Yes,0
CUST_003457,60,70,115.22,8148.51,Month-to-month,Fiber optic,Mailed check,1,No,0,No,No,1
CUST_003458,19,41,109.26,4510.49,One year,DSL,Bank transfer,2,No,0,No,No,0
CUST_003459,65,30,85.57,2508.8,One year,No,Electronic check,5,No,0,Yes,No,0
CUST_003460,40,19,75.14,1506.96,Month-to-month,Fiber optic,Credit card,1,No,0,No,No,0
CUST_003461,41,54,111.92,5873.47,Month-to-month,DSL,Electronic check,4,No,0,Yes,No,1
CUST_003462,71,71,85.55,5767.99,Month-to-month,Fiber optic,Credit card,1,No,0,No,Yes,0
CUST_003463,67,50,85.84,3973.23,One year,DSL,Electronic check,4,No,0,No,No,0
CUST_003464,20,3,104.37,308.57,Month-to-month,Fiber optic,Bank transfer,4,No,0,Yes,Yes,1
CUST_003465,38,34,85.32,2776.69,One year,Fiber optic,Mailed check,2,No,1,Yes,No,0
CUST_003466,60,53,70.37,4094.84,Month-to-month,Fiber optic,Credit card,4,Yes,0,Yes,No,0
CUST_003467,48,29,58.97,1748.12,Month-to-month,DSL,Mailed check,2,No,0,No,No,1
CUST_003468,32,56,70.31,4325.19,One year,DSL,Credit card,1,No,0,Yes,No,0
CUST_003469,47,51,72.25,3828.7,Month-to-month,No,Bank transfer,1,Yes,0,Yes,Yes,0
CUST_003470,67,5,56.08,299.89,Month-to-month,Fiber optic,Bank transfer,0,No,1,No,Yes,0
CUST_003471,30,41,64.81,2451.01,One year,Fiber optic,Electronic check,0,Yes,0,No,No,0
CUST_003472,60,13,100.19,1352.34,One year,Fiber optic,Electronic check,0,Yes,0,No,Yes,1
CUST_003473,59,36,61.65,2050.05,Month-to-month,No,Credit card,5,No,0,No,Yes,0
CUST_003474,68,28,22.56,587.01,Month-to-month,Fiber optic,Credit card,6,Yes,1,No,No,0
CUST_003475,34,59,48.3,2608.82,Month-to-month,Fiber optic,Electronic check,3,No,0,Yes,No,0
CUST_003476,30,63,43.17,2787.02,One year,DSL,Electronic check,2,No,0,Yes,No,0
CUST_003477,49,34,99.36,3479.94,Month-to-month,No,Electronic check,2,Yes,0,No,Yes,1
CUST_003478,48,39,64.93,2426.08,One year,Fiber optic,Electronic check,3,Yes,0,Yes,No,0
CUST_003479,41,46,48.03,2384.1,One year,Fiber optic,Electronic check,2,Yes,0,No,No,0
CUST_003480,62,48,101.07,5262.18,Two year,DSL,Credit card,4,No,0,No,No,0
CUST_003481,63,46,21.92,1069.8,Month-to-month,Fiber optic,Electronic check,2,No,0,Yes,Yes,0
CUST_003482,32,57,37.43,2187.3,Month-to-month,Fiber optic,Credit card,2,No,0,Yes,No,0
CUST_003483,63,71,102.7,7434.24,Month-to-month,Fiber optic,Credit card,1,Yes,0,No,No,0
CUST_003484,31,60,75.07,4407.82,Month-to-month,Fiber optic,Electronic check,4,No,0,Yes,No,0
CUST_003485,41,10,97.36,965.1,Month-to-month,Fiber optic,Mailed check,3,No,0,Yes,No,1
CUST_003486,19,35,103.82,3372.91,Two year,DSL,Mailed check,2,No,0,Yes,No,0
CUST_003487,37,34,114.2,4236.69,Month-to-month,No,Electronic check,4,No,0,Yes,No,0
CUST_003488,72,37,26.34,991.99,Month-to-month,DSL,Bank transfer,2,Yes,0,Yes,No,0
CUST_003489,43,39,99.92,3803.46,Month-to-month,Fiber optic,Bank transfer,2,Yes,0,Yes,No,1
CUST_003490,58,52,90.88,4443.85,Two year,DSL,Electronic check,5,No,1,Yes,No,0
CUST_003491,24,31,40.7,1238.18,Month-to-month,DSL,Credit card,4,No,0,Yes,No,0
CUST_003492,54,19,113.17,2007.38,One year,No,Electronic check,2,No,0,No,No,1
CUST_003493,39,33,60.42,2112.72,Two year,DSL,Electronic check,3,Yes,0,No,No,0
CUST_003494,60,62,108.76,7042.59,Month-to-month,No,Credit card,5,No,0,No,No,1
CUST_003495,70,23,80.51,1943.01,One year,DSL,Electronic check,3,No,0,No,Yes,0
CUST_003496,48,2,72.67,150.7,Month-to-month,Fiber optic,Electronic check,1,No,0,Yes,No,1
CUST_003497,23,71,35.95,2753.62,Month-to-month,DSL,Electronic check,2,No,0,Yes,No,0
CUST_003498,45,15,111.43,1565.24,Month-to-month,Fiber optic,Electronic check,2,No,1,No,Yes,1
CUST_003499,25,44,75.67,3345.91,Month-to-month,No,Mailed check,2,No,0,Yes,Yes,1
CUST_003500,43,58,20.61,1223.33,One year,Fiber optic,Bank transfer,0,No,0,Yes,No,0
CUST_003501,21,20,21.83,478.67,Two year,Fiber optic,Mailed check,1,Yes,0,Yes,No,0
CUST_003502,54,25,97.76,2376.84,Month-to-month,Fiber optic,Bank transfer,1,Yes,1,Yes,No,1
CUST_003503,35,21,36.19,726.06,One year,Fiber optic,Electronic check,3,Yes,0,Yes,No,0
CUST_003504,29,11,79.87,801.1,Month-to-month,DSL,Mailed check,3,No,0,No,No,1
CUST_003505,18,12,88.11,1156.74,Month-to-month,Fiber optic,Credit card,1,No,0,No,Yes,1
CUST_003506,68,14,47.94,638.07,One year,Fiber optic,Bank transfer,1,Yes,0,Yes,Yes,0
CUST_003507,65,33,76.93,2341.29,Month-to-month,Fiber optic,Bank transfer,2,No,1,No,No,0
CUST_003508,64,39,44.03,1853.43,One year,DSL,Electronic check,2,No,0,No,No,0
CUST_003509,21,2,114.63,249.04,Month-to-month,Fiber optic,Mailed check,2,No,0,Yes,No,1
CUST_003510,37,61,106.02,6520.62,Two year,No,Credit card,2,Yes,0,No,No,0
CUST_003511,73,49,48.8,2281.84,Month-to-month,Fiber optic,Credit card,4,No,0,Yes,Yes,0
CUST_003512,50,6,72.88,436.78,Month-to-month,Fiber optic,Bank transfer,5,No,0,No,No,1
CUST_003513,25,61,70.06,3941.36,One year,No,Mailed check,9,No,0,Yes,Yes,0
CUST_003514,26,3,116.0,322.47,Month-to-month,DSL,Electronic check,2,No,1,Yes,No,1
CUST_003515,32,41,59.4,2425.48,Month-to-month,Fiber optic,Electronic check,3,Yes,0,No,No,0
CUST_003516,73,34,76.22,2769.74,Two year,Fiber optic,Electronic check,1,No,0,No,No,0
CUST_003517,27,37,112.87,3879.16,Month-to-month,Fiber optic,Mailed check,4,No,0,Yes,No,1
CUST_003518,69,69,36.28,2575.39,Month-to-month,No,Electronic check,3,Yes,0,No,No,0
CUST_003519,56,67,75.05,4860.45,Month-to-month,Fiber optic,Mailed check,6,No,1,No,No,1
CUST_003520,70,21,30.57,584.95,One year,DSL,Bank transfer,3,Yes,0,No,Yes,0
CUST_003521,65,42,81.75,3263.18,One year,Fiber optic,Bank transfer,2,No,0,No,No,0
CUST_003522,36,70,56.57,3618.68,Two year,DSL,Bank transfer,2,No,0,No,No,0
CUST_003523,65,53,116.76,5801.97,Month-to-month,No,Electronic check,0,No,0,Yes,No,1
CUST_003524,27,64,61.54,3785.08,Month-to-month,DSL,Mailed check,0,No,0,Yes,Yes,1
CUST_003525,34,32,33.62,1005.59,Month-to-month,Fiber optic,Credit card,1,No,0,No,Yes,0
CUST_003526,30,21,103.4,2129.68,Month-to-month,Fiber optic,Mailed check,1,Yes,0,Yes,No,1
CUST_003527,25,37,102.09,3401.97,One year,DSL,Credit card,5,No,0,No,Yes,1
CUST_003528,23,59,89.49,4782.53,Month-to-month,DSL,Mailed check,3,Yes,0,Yes,No,0
CUST_003529,28,67,94.88,6694.32,One year,Fiber optic,Bank transfer,2,No,0,Yes,Yes,0
CUST_003530,24,50,46.47,2452.17,One year,DSL,Mailed check,5,Yes,0,Yes,Yes,0
CUST_003531,39,51,84.21,4194.57,One year,No,Bank transfer,1,No,0,Yes,No,0
CUST_003532,22,37,23.8,965.64,Month-to-month,No,Credit card,1,No,0,No,No,0
CUST_003533,21,24,39.69,909.34,Month-to-month,DSL,Mailed check,4,No,0,Yes,No,0
CUST_003534,74,31,113.23,3683.86,Two year,No,Bank transfer,3,No,0,No,Yes,0
CUST_003535,22,36,93.92,3342.58,One year,DSL,Credit card,2,No,0,No,Yes,0
CUST_003536,22,59,43.07,2460.78,Month-to-month,DSL,Bank transfer,4,No,0,Yes,No,0
CUST_003537,19,40,31.14,1192.87,One year,DSL,Electronic check,4,Yes,1,No,Yes,0
CUST_003538,25,58,114.89,6303.57,Two year,No,Electronic check,4,No,0,No,Yes,0
CUST_003539,48,2,31.22,64.47,Month-to-month,Fiber optic,Credit card,0,Yes,0,Yes,No,0
CUST_003540,65,55,45.71,2277.56,Two year,DSL,Bank transfer,4,No,0,Yes,Yes,0
CUST_003541,59,37,38.26,1530.19,Month-to-month,Fiber optic,Credit card,2,No,0,Yes,No,0
CUST_003542,51,72,20.75,1420.63,Two year,Fiber optic,Electronic check,2,No,0,No,No,0
CUST_003543,22,34,51.41,1741.35,Month-to-month,Fiber optic,Bank transfer,0,Yes,1,No,Yes,0
CUST_003544,62,35,117.42,4019.88,Month-to-month,Fiber optic,Credit card,2,No,0,No,No,1
CUST_003545,20,10,54.19,590.55,Month-to-month,No,Credit card,2,No,0,Yes,No,1
CUST_003546,53,59,70.43,3879.77,Two year,Fiber optic,Bank transfer,4,No,1,No,No,0
CUST_003547,41,51,94.59,4694.04,Two year,DSL,Electronic check,6,Yes,0,No,No,1
CUST_003548,68,63,75.11,4884.98,Month-to-month,No,Bank transfer,4,No,0,No,No,0
CUST_003549,35,7,94.36,631.79,Month-to-month,DSL,Bank transfer,1,No,0,No,Yes,1
CUST_003550,54,16,86.16,1390.87,Month-to-month,Fiber optic,Electronic check,3,No,0,Yes,No,0
CUST_003551,43,64,80.86,4685.39,Month-to-month,Fiber optic,Electronic check,2,No,1,No,No,0
CUST_003552,47,4,84.96,367.17,One year,DSL,Credit card,1,Yes,0,Yes,No,0
CUST_003553,71,37,99.92,3947.32,Month-to-month,DSL,Electronic check,1,No,0,No,No,0
CUST_003554,58,30,91.02,2525.38,Two year,Fiber optic,Mailed check,1,Yes,0,No,Yes,0
CUST_003555,41,68,99.18,7053.23,Two year,No,Bank transfer,2,No,1,Yes,Yes,0
CUST_003556,43,62,34.56,1954.67,Month-to-month,No,Credit card,1,Yes,0,No,No,0
CUST_003557,58,65,87.77,6187.26,Month-to-month,Fiber optic,Bank transfer,6,No,0,Yes,Yes,1
CUST_003558,37,21,93.7,1818.15,Two year,DSL,Electronic check,4,No,1,Yes,Yes,0
CUST_003559,27,43,50.0,2089.31,Two year,DSL,Electronic check,2,Yes,0,Yes,Yes,0
CUST_003560,44,51,107.46,5872.4,One year,Fiber optic,Electronic check,0,No,0,No,No,0
CUST_003561,21,70,50.47,3325.79,Month-to-month,Fiber optic,Electronic check,2,Yes,0,No,No,0
CUST_003562,27,1,44.38,48.18,Month-to-month,Fiber optic,Credit card,2,Yes,0,No,No,1
CUST_003563,41,71,106.71,7829.68,One year,DSL,Mailed check,2,No,0,Yes,No,0
CUST_003564,63,26,44.7,1156.33,Month-to-month,DSL,Electronic check,1,Yes,1,Yes,No,0
CUST_003565,62,10,61.55,569.03,One year,Fiber optic,Credit card,2,Yes,0,Yes,No,1
CUST_003566,32,45,56.79,2635.65,One year,Fiber optic,Electronic check,4,No,0,Yes,No,1
CUST_003567,42,57,109.81,6370.25,Month-to-month,Fiber optic,Electronic check,2,Yes,0,No,Yes,0
CUST_003568,26,10,65.52,645.02,Month-to-month,DSL,Mailed check,3,No,0,Yes,No,1
CUST_003569,61,3,89.43,263.11,Month-to-month,No,Electronic check,6,No,0,Yes,No,1
CUST_003570,32,65,99.4,6576.22,Two year,Fiber optic,Electronic check,2,No,1,Yes,No,0
CUST_003571,63,68,82.79,5529.75,Month-to-month,Fiber optic,Credit card,1,No,1,No,No,1
CUST_003572,65,12,114.37,1422.73,Month-to-month,Fiber optic,Credit card,2,No,0,Yes,Yes,1
CUST_003573,57,66,100.25,6532.0,Two year,Fiber optic,Bank transfer,3,Yes,0,No,No,0
CUST_003574,36,66,60.02,4341.39,One year,Fiber optic,Bank transfer,3,No,0,Yes,No,0
CUST_003575,72,72,115.08,8375.32,Month-to-month,Fiber optic,Electronic check,2,No,0,No,No,1
CUST_003576,57,16,72.46,1076.07,Two year,Fiber optic,Credit card,1,No,0,No,No,0
CUST_003577,54,42,22.26,1022.44,Month-to-month,Fiber optic,Mailed check,5,No,0,Yes,No,0
CUST_003578,66,72,46.0,3633.66,Two year,DSL,Electronic check,2,No,0,Yes,No,0
CUST_003579,68,65,82.17,5867.65,Two year,No,Electronic check,3,Yes,0,Yes,No,0
CUST_003580,22,44,35.68,1508.88,Month-to-month,DSL,Mailed check,0,No,0,No,No,1
CUST_003581,68,15,78.41,1139.28,Month-to-month,DSL,Electronic check,2,Yes,0,No,No,0
CUST_003582,61,7,56.16,354.29,Month-to-month,Fiber optic,Electronic check,1,No,1,No,No,0
CUST_003583,29,19,73.44,1503.57,One year,DSL,Electronic check,4,No,1,Yes,No,1
CUST_003584,35,5,20.19,105.19,One year,No,Mailed check,0,No,0,No,No,0
CUST_003585,60,15,104.84,1503.91,Month-to-month,Fiber optic,Electronic check,3,Yes,1,No,No,0
CUST_003586,30,6,56.19,316.01,Two year,DSL,Bank transfer,6,Yes,0,Yes,No,0
CUST_003587,43,55,34.02,2017.03,Month-to-month,DSL,Electronic check,1,Yes,1,Yes,No,0
CUST_003588,57,43,63.79,2663.31,One year,DSL,Bank transfer,4,No,1,Yes,No,0
CUST_003589,55,38,68.62,2640.4,One year,DSL,Electronic check,2,No,0,Yes,No,0
CUST_003590,69,59,83.74,4602.77,Month-to-month,DSL,Mailed check,1,Yes,0,No,No,0
CUST_003591,24,30,72.46,2032.94,Month-to-month,DSL,Bank transfer,6,No,0,No,No,0
CUST_003592,34,30,24.35,714.09,One year,DSL,Bank transfer,1,No,1,No,No,0
CUST_003593,74,15,107.15,1527.09,One year,Fiber optic,Electronic check,1,No,0,Yes,No,1
CUST_003594,50,33,65.65,2046.26,Month-to-month,DSL,Mailed check,6,Yes,0,Yes,Yes,0
CUST_003595,32,13,27.7,353.43,One year,DSL,Credit card,1,Yes,0,Yes,Yes,0
CUST_003596,34,43,97.28,3939.87,Month-to-month,DSL,Electronic check,2,Yes,0,No,No,1
CUST_003597,37,72,86.02,6743.7,Month-to-month,DSL,Mailed check,4,Yes,0,Yes,No,0
CUST_003598,49,39,84.94,3368.2,Two year,DSL,Mailed check,2,Yes,0,Yes,No,0
CUST_003599,34,22,62.69,1253.31,Month-to-month,DSL,Credit card,1,No,0,No,No,0
CUST_003600,53,50,61.05,2881.71,One year,Fiber optic,Mailed check,4,No,0,Yes,No,0
CUST_003601,43,60,73.63,4372.48,One year,No,Credit card,1,Yes,1,No,No,0
CUST_003602,52,34,25.06,840.15,Month-to-month,DSL,Bank transfer,0,No,1,No,Yes,0
CUST_003603,26,19,49.9,983.62,Month-to-month,DSL,Bank transfer,0,No,0,No,No,0
CUST_003604,53,52,118.79,6513.86,Month-to-month,Fiber optic,Electronic check,1,Yes,1,No,No,0
CUST_003605,70,14,86.22,1224.06,Month-to-month,Fiber optic,Bank transfer,2,Yes,0,Yes,No,1
CUST_003606,25,72,61.89,4328.1,One year,DSL,Electronic check,1,Yes,1,Yes,No,0
CUST_003607,36,23,42.24,910.82,Month-to-month,Fiber optic,Mailed check,1,No,0,Yes,No,0
CUST_003608,57,26,94.52,2229.99,Two year,Fiber optic,Electronic check,1,No,0,No,Yes,0
CUST_003609,53,53,46.03,2225.03,Month-to-month,No,Bank transfer,1,Yes,0,No,No,0
CUST_003610,56,1,36.24,35.59,Month-to-month,No,Bank transfer,5,Yes,0,No,No,0
CUST_003611,49,15,35.45,478.72,Two year,Fiber optic,Credit card,1,Yes,0,No,No,0
CUST_003612,56,10,92.93,899.29,Month-to-month,Fiber optic,Electronic check,4,Yes,0,No,Yes,1
CUST_003613,52,29,84.28,2203.42,One year,Fiber optic,Credit card,5,No,0,No,No,1
CUST_003614,22,40,26.98,1157.14,One year,No,Credit card,2,No,1,Yes,No,0
CUST_003615,60,13,31.5,385.84,Two year,Fiber optic,Credit card,4,No,1,No,No,0
CUST_003616,43,25,83.38,2152.71,Month-to-month,DSL,Bank transfer,5,No,0,No,No,1
CUST_003617,20,56,77.11,4656.79,Month-to-month,DSL,Electronic check,4,Yes,0,Yes,No,0
CUST_003618,41,68,88.6,6494.21,Two year,Fiber optic,Credit card,2,Yes,0,Yes,No,0
CUST_003619,42,2,37.8,80.48,Month-to-month,Fiber optic,Bank transfer,2,No,0,No,Yes,0
CUST_003620,22,46,92.66,4376.05,One year,No,Bank transfer,3,No,0,No,Yes,0
CUST_003621,74,2,113.61,214.6,One year,DSL,Electronic check,0,No,0,No,No,0
CUST_003622,30,38,80.11,2998.24,One year,No,Electronic check,1,No,0,Yes,No,1
CUST_003623,36,64,39.61,2488.99,One year,DSL,Electronic check,2,No,0,Yes,No,0
CUST_003624,43,58,87.95,5193.14,Two year,Fiber optic,Mailed check,3,No,0,No,No,0
CUST_003625,65,17,54.31,902.72,Month-to-month,Fiber optic,Mailed check,4,No,1,No,No,1
CUST_003626,60,19,24.93,435.1,One year,DSL,Credit card,3,No,0,Yes,No,0
CUST_003627,61,57,50.23,2601.63,One year,Fiber optic,Electronic check,1,Yes,0,No,No,0
CUST_003628,31,60,110.56,6510.14,Month-to-month,DSL,Electronic check,2,Yes,0,Yes,No,0
CUST_003629,66,21,61.11,1378.45,Two year,DSL,Electronic check,1,No,0,Yes,No,0
CUST_003630,65,1,106.47,110.84,Month-to-month,No,Electronic check,4,No,0,No,Yes,1
CUST_003631,44,33,70.87,2247.84,Month-to-month,DSL,Mailed check,3,Yes,0,No,No,1
CUST_003632,49,45,71.7,3507.19,Two year,Fiber optic,Bank transfer,2,No,0,No,Yes,0
CUST_003633,20,32,20.52,677.17,Two year,Fiber optic,Credit card,2,No,0,No,No,0
CUST_003634,61,68,83.71,6078.11,Month-to-month,DSL,Electronic check,4,No,0,Yes,No,0
CUST_003635,72,59,30.78,1933.75,One year,No,Electronic check,0,Yes,1,Yes,Yes,0
CUST_003636,44,57,67.87,3963.1,Month-to-month,Fiber optic,Bank transfer,0,No,0,No,No,0
CUST_003637,48,2,46.03,100.15,Month-to-month,Fiber optic,Electronic check,2,No,0,No,No,1
CUST_003638,46,62,59.24,3636.09,Month-to-month,No,Bank transfer,4,Yes,0,Yes,No,0
CUST_003639,22,55,73.71,4285.54,Two year,Fiber optic,Bank transfer,3,Yes,0,No,No,0
CUST_003640,53,29,21.45,585.19,Month-to-month,No,Credit card,2,No,0,No,No,0
CUST_003641,59,43,48.46,2268.09,Month-to-month,DSL,Electronic check,5,No,1,Yes,No,0
CUST_003642,70,60,118.96,7466.33,One year,DSL,Credit card,7,Yes,0,Yes,No,0
CUST_003643,70,66,25.74,1621.12,Month-to-month,Fiber optic,Credit card,3,Yes,0,Yes,Yes,0
CUST_003644,46,40,51.94,2113.86,Month-to-month,DSL,Electronic check,6,Yes,1,No,No,1
CUST_003645,72,3,52.14,141.47,Month-to-month,Fiber optic,Mailed check,3,Yes,0,Yes,Yes,0
CUST_003646,48,45,57.94,2621.19,One year,Fiber optic,Mailed check,4,No,0,Yes,Yes,0
CUST_003647,54,49,88.48,4562.11,One year,DSL,Electronic check,2,Yes,0,No,No,0
CUST_003648,52,5,44.77,217.8,One year,No,Credit card,3,No,0,Yes,No,0
CUST_003649,74,59,66.03,4082.35,Month-to-month,DSL,Electronic check,4,No,0,No,Yes,0
CUST_003650,60,15,84.49,1325.64,Month-to-month,DSL,Electronic check,2,Yes,1,No,No,0
CUST_003651,24,65,52.23,3689.92,One year,Fiber optic,Electronic check,3,No,0,Yes,Yes,0
CUST_003652,22,40,114.88,5018.28,Month-to-month,Fiber optic,Bank transfer,2,No,0,No,No,1
CUST_003653,41,24,117.97,2666.08,Month-to-month,No,Credit card,5,No,0,No,No,1
CUST_003654,47,5,31.97,154.22,Month-to-month,DSL,Bank transfer,1,Yes,0,No,No,0
CUST_003655,56,2,54.38,102.78,Month-to-month,No,Bank transfer,5,Yes,0,No,Yes,0
CUST_003656,45,54,40.8,2154.38,Month-to-month,Fiber optic,Electronic check,3,No,0,No,Yes,0
CUST_003657,47,28,38.68,983.28,Two year,No,Bank transfer,3,No,1,No,No,0
CUST_003658,70,61,69.1,4199.28,Month-to-month,DSL,Mailed check,1,Yes,0,No,Yes,0
CUST_003659,37,17,76.38,1398.72,One year,Fiber optic,Mailed check,1,No,0,No,Yes,0
CUST_003660,46,67,62.57,4381.41,Month-to-month,Fiber optic,Bank transfer,3,Yes,0,No,No,0
CUST_003661,49,68,47.26,3255.52,One year,Fiber optic,Credit card,2,Yes,0,No,No,0
CUST_003662,44,8,47.86,363.72,One year,DSL,Bank transfer,1,No,1,Yes,No,1
CUST_003663,73,47,119.21,5319.15,Two year,Fiber optic,Bank transfer,3,No,0,Yes,Yes,1
CUST_003664,72,68,112.37,7003.03,Month-to-month,Fiber optic,Mailed check,4,Yes,0,Yes,No,1
CUST_003665,47,24,27.59,606.9,One year,Fiber optic,Electronic check,1,No,0,Yes,No,0
CUST_003666,43,5,85.66,450.93,Month-to-month,Fiber optic,Mailed check,3,No,0,No,No,1
CUST_003667,51,64,65.69,4575.74,One year,DSL,Bank transfer,0,No,0,Yes,No,0
CUST_003668,28,35,88.88,3326.5,Two year,No,Bank transfer,3,No,0,Yes,Yes,0
CUST_003669,42,2,79.7,173.33,One year,Fiber optic,Bank transfer,2,No,1,No,No,1
CUST_003670,30,61,108.93,6090.71,One year,Fiber optic,Electronic check,1,No,0,No,No,0
CUST_003671,26,49,26.7,1270.54,Two year,No,Electronic check,1,No,0,Yes,No,0
CUST_003672,23,6,54.96,312.45,Two year,Fiber optic,Electronic check,6,No,1,No,No,0
CUST_003673,51,19,118.55,2071.17,Month-to-month,DSL,Bank transfer,4,No,0,Yes,No,1
CUST_003674,18,2,38.23,72.43,Month-to-month,Fiber optic,Credit card,4,No,0,Yes,No,1
CUST_003675,54,69,32.73,2322.14,One year,No,Mailed check,2,No,1,Yes,No,0
CUST_003676,42,2,92.9,185.19,Two year,DSL,Bank transfer,3,No,0,No,No,1
CUST_003677,38,58,97.74,6132.75,Month-to-month,Fiber optic,Bank transfer,5,No,0,Yes,No,1
CUST_003678,61,37,87.23,2990.34,Month-to-month,DSL,Electronic check,1,No,0,Yes,No,0
CUST_003679,48,42,97.62,4250.26,Month-to-month,No,Electronic check,2,No,1,Yes,No,1
CUST_003680,59,59,89.37,5365.42,Month-to-month,Fiber optic,Electronic check,2,No,1,No,No,0
CUST_003681,58,65,33.58,2287.73,Month-to-month,No,Credit card,3,No,1,Yes,No,0
CUST_003682,19,10,80.82,803.08,Month-to-month,Fiber optic,Electronic check,2,No,0,Yes,Yes,0
CUST_003683,30,2,97.69,177.22,Month-to-month,DSL,Mailed check,1,No,0,Yes,No,1
CUST_003684,50,9,106.55,938.22,One year,Fiber optic,Mailed check,2,Yes,0,No,No,0
CUST_003685,73,50,44.62,2102.24,Month-to-month,No,Bank transfer,2,Yes,1,Yes,No,0
CUST_003686,26,41,32.74,1290.94,Month-to-month,DSL,Electronic check,1,Yes,1,No,No,0
CUST_003687,24,7,98.11,648.93,Month-to-month,DSL,Credit card,3,No,0,No,No,1
CUST_003688,71,17,45.65,796.87,Month-to-month,Fiber optic,Electronic check,2,No,0,No,No,0
CUST_003689,73,39,23.19,980.89,Month-to-month,Fiber optic,Credit card,1,Yes,1,No,No,0
CUST_003690,27,53,102.52,5050.21,Month-to-month,DSL,Bank transfer,2,Yes,1,Yes,No,0
CUST_003691,40,25,70.6,1725.61,Month-to-month,DSL,Mailed check,4,No,1,No,No,1
CUST_003692,53,69,52.66,3477.99,One year,DSL,Bank transfer,2,Yes,0,Yes,No,0
CUST_003693,29,72,21.14,1404.97,Month-to-month,Fiber optic,Bank transfer,2,No,0,No,No,0
CUST_003694,36,56,23.53,1291.14,Month-to-month,Fiber optic,Electronic check,1,Yes,0,Yes,No,0
CUST_003695,40,33,99.26,3469.47,Month-to-month,Fiber optic,Bank transfer,2,No,0,No,No,0
CUST_003696,54,64,68.97,4215.46,Month-to-month,No,Bank transfer,3,No,1,No,Yes,0
CUST_003697,35,53,34.97,1764.45,Month-to-month,DSL,Bank transfer,0,No,0,No,Yes,0
CUST_003698,41,38,55.85,2303.97,Month-to-month,Fiber optic,Bank transfer,3,No,0,Yes,Yes,0
CUST_003699,34,32,36.53,1203.19,Month-to-month,Fiber optic,Bank transfer,3,No,1,Yes,No,0
CUST_003700,61,60,31.29,1796.06,Month-to-month,Fiber optic,Mailed check,0,No,0,Yes,Yes,0
CUST_003701,26,41,47.63,1769.92,Two year,Fiber optic,Electronic check,3,No,0,No,No,0
CUST_003702,31,14,74.95,1152.34,Month-to-month,Fiber optic,Electronic check,1,Yes,0,Yes,No,0
CUST_003703,32,72,41.0,3233.04,Month-to-month,No,Bank transfer,6,No,0,No,Yes,0
CUST_003704,69,5,54.37,281.03,Month-to-month,DSL,Electronic check,3,Yes,0,No,No,1
CUST_003705,71,51,67.79,3197.98,Month-to-month,DSL,Electronic check,1,No,0,Yes,No,0
CUST_003706,46,48,62.0,3109.17,One year,Fiber optic,Bank transfer,2,No,0,Yes,Yes,0
CUST_003707,26,43,32.86,1399.66,Month-to-month,Fiber optic,Electronic check,1,No,0,No,No,0
CUST_003708,61,4,23.89,86.9,Month-to-month,DSL,Electronic check,0,Yes,1,No,No,1
CUST_003709,46,36,23.55,785.32,Two year,No,Credit card,1,Yes,0,Yes,Yes,0
CUST_003710,66,65,55.02,3248.35,Month-to-month,Fiber optic,Bank transfer,2,No,0,Yes,No,0
CUST_003711,38,18,91.88,1526.49,Month-to-month,Fiber optic,Bank transfer,1,No,0,No,No,0
CUST_003712,74,50,33.13,1674.6,One year,Fiber optic,Mailed check,3,No,0,Yes,No,0
CUST_003713,63,62,98.7,6407.98,Two year,DSL,Bank transfer,1,No,0,Yes,No,0
CUST_003714,30,69,91.57,6922.79,Month-to-month,Fiber optic,Credit card,2,Yes,0,No,No,0
CUST_003715,59,38,20.39,849.87,One year,Fiber optic,Electronic check,1,No,0,Yes,No,0
CUST_003716,34,23,22.67,554.0,Month-to-month,No,Electronic check,6,Yes,0,Yes,No,0
CUST_003717,37,51,39.5,1832.76,One year,Fiber optic,Electronic check,3,No,0,No,Yes,0
CUST_003718,32,36,25.61,913.17,Month-to-month,DSL,Credit card,5,No,1,No,No,1
CUST_003719,56,46,73.13,3060.61,One year,DSL,Electronic check,5,No,0,Yes,No,0
CUST_003720,32,54,23.96,1329.27,Month-to-month,DSL,Mailed check,2,No,1,No,No,0
CUST_003721,54,52,100.26,4855.25,Month-to-month,No,Mailed check,4,Yes,0,Yes,No,1
CUST_003722,51,18,69.3,1286.56,Month-to-month,Fiber optic,Credit card,3,Yes,0,No,No,1
CUST_003723,60,55,92.8,4851.93,One year,No,Electronic check,2,Yes,0,No,No,0
CUST_003724,74,40,95.07,3918.47,One year,No,Mailed check,4,No,0,No,Yes,0
CUST_003725,18,68,70.68,5028.32,Two year,DSL,Credit card,7,Yes,0,Yes,No,0
CUST_003726,74,48,112.54,5173.31,Two year,Fiber optic,Electronic check,3,No,0,Yes,No,0
CUST_003727,24,65,119.02,8497.01,Month-to-month,Fiber optic,Bank transfer,0,No,0,No,No,1
CUST_003728,48,71,55.92,3756.15,One year,DSL,Electronic check,2,No,1,No,No,1
CUST_003729,37,72,32.59,2157.58,Month-to-month,Fiber optic,Electronic check,3,No,0,No,No,0
CUST_003730,54,54,56.32,3092.38,Two year,Fiber optic,Electronic check,1,No,0,Yes,No,0
CUST_003731,59,44,42.34,1829.83,One year,No,Electronic check,5,No,0,No,No,0
CUST_003732,67,9,73.1,701.36,Month-to-month,DSL,Electronic check,2,No,0,Yes,No,0
CUST_003733,40,28,57.84,1624.69,Month-to-month,No,Bank transfer,3,No,0,Yes,No,0
CUST_003734,71,35,68.04,2264.8,One year,No,Mailed check,4,No,0,No,Yes,1
CUST_003735,36,57,96.32,5516.92,Two year,No,Mailed check,6,Yes,0,No,No,0
CUST_003736,29,43,47.4,2186.38,Two year,DSL,Bank transfer,4,No,0,Yes,No,0
CUST_003737,39,32,73.75,2235.77,Month-to-month,DSL,Credit card,4,No,1,No,No,0
CUST_003738,48,11,53.52,544.11,Month-to-month,Fiber optic,Electronic check,3,No,1,Yes,Yes,0
CUST_003739,56,52,98.5,5504.16,Two year,DSL,Electronic check,0,No,1,No,No,0
CUST_003740,65,32,83.95,2880.74,One year,DSL,Electronic check,2,No,0,No,No,0
CUST_003741,30,3,20.85,66.93,Month-to-month,Fiber optic,Credit card,2,No,0,No,No,1
CUST_003742,35,21,86.01,1724.61,One year,DSL,Credit card,2,No,0,Yes,No,1
CUST_003743,71,64,37.02,2509.59,One year,Fiber optic,Mailed check,3,No,0,Yes,No,0
CUST_003744,43,9,92.45,791.61,One year,No,Electronic check,3,No,1,No,No,0
CUST_003745,31,30,76.73,2357.5,One year,Fiber optic,Mailed check,2,No,0,Yes,No,1
CUST_003746,74,37,60.15,2056.96,Two year,No,Bank transfer,3,No,0,Yes,No,0
CUST_003747,43,7,89.41,615.79,Two year,Fiber optic,Electronic check,0,No,0,No,No,1
CUST_003748,74,12,105.66,1371.23,Month-to-month,DSL,Electronic check,5,Yes,0,No,No,1
CUST_003749,70,68,97.87,6016.17,Month-to-month,DSL,Electronic check,5,Yes,1,Yes,Yes,0
CUST_003750,69,43,74.54,2983.26,One year,Fiber optic,Bank transfer,0,No,0,No,No,0
CUST_003751,51,16,92.27,1517.42,One year,DSL,Credit card,2,No,0,No,No,0
CUST_003752,63,13,61.39,845.15,Month-to-month,No,Electronic check,2,No,0,Yes,No,1
CUST_003753,72,31,98.9,3027.31,Two year,No,Credit card,4,No,0,Yes,No,0
CUST_003754,33,53,102.91,5740.56,Month-to-month,DSL,Mailed check,2,No,0,Yes,No,1
CUST_003755,20,53,33.73,1956.9,Month-to-month,DSL,Bank transfer,1,No,0,Yes,No,0
CUST_003756,36,15,43.8,682.69,Two year,Fiber optic,Credit card,5,No,0,No,No,0
CUST_003757,54,53,47.0,2462.54,Two year,Fiber optic,Bank transfer,4,No,0,Yes,No,1
CUST_003758,49,65,36.61,2441.6,Month-to-month,DSL,Electronic check,3,No,0,No,No,0
CUST_003759,22,17,59.25,968.27,Month-to-month,DSL,Electronic check,5,No,0,No,No,0
CUST_003760,49,2,39.3,72.24,Month-to-month,DSL,Credit card,2,Yes,0,No,Yes,1
CUST_003761,27,70,79.55,5173.28,Month-to-month,Fiber optic,Bank transfer,1,No,0,Yes,No,0
CUST_003762,46,38,30.16,1131.77,Month-to-month,DSL,Electronic check,3,No,1,Yes,No,0
CUST_003763,50,56,46.99,2517.38,Month-to-month,Fiber optic,Bank transfer,2,No,0,Yes,Yes,0
CUST_003764,54,24,86.55,1888.02,Month-to-month,DSL,Electronic check,1,No,1,Yes,No,1
CUST_003765,41,22,59.85,1284.55,One year,Fiber optic,Electronic check,2,Yes,0,Yes,No,0
CUST_003766,41,17,62.15,1130.99,One year,Fiber optic,Credit card,1,Yes,0,Yes,No,0
CUST_003767,56,16,99.79,1462.93,One year,DSL,Mailed check,2,No,0,No,No,1
CUST_003768,60,34,118.45,4351.13,Month-to-month,No,Electronic check,0,No,0,Yes,No,0
CUST_003769,64,8,76.51,570.38,Month-to-month,Fiber optic,Mailed check,2,Yes,1,Yes,No,1
CUST_003770,37,61,27.91,1688.54,Month-to-month,No,Credit card,0,No,0,Yes,Yes,0
CUST_003771,42,37,30.29,1208.41,Two year,Fiber optic,Electronic check,5,Yes,0,Yes,No,0
CUST_003772,36,66,116.85,7060.05,Month-to-month,Fiber optic,Electronic check,3,No,1,No,Yes,1
CUST_003773,48,37,87.92,3308.33,One year,DSL,Mailed check,2,Yes,0,Yes,Yes,0
CUST_003774,25,22,95.25,2201.1,Month-to-month,Fiber optic,Electronic check,1,No,0,No,Yes,1
CUST_003775,42,38,87.58,3378.77,Two year,Fiber optic,Electronic check,2,Yes,1,Yes,No,0
CUST_003776,28,12,37.96,413.69,Month-to-month,Fiber optic,Electronic check,1,No,0,Yes,No,1
CUST_003777,48,60,64.84,3926.14,Month-to-month,DSL,Electronic check,2,No,0,No,Yes,0
CUST_003778,66,52,99.81,4824.41,Two year,DSL,Bank transfer,2,Yes,0,Yes,No,0
CUST_003779,74,11,106.64,1150.72,Month-to-month,DSL,Electronic check,5,Yes,1,Yes,No,1
CUST_003780,43,42,43.73,1735.34,One year,DSL,Mailed check,4,Yes,0,No,Yes,0
CUST_003781,21,39,79.6,3263.61,Month-to-month,Fiber optic,Bank transfer,1,Yes,0,No,No,1
CUST_003782,30,15,35.71,568.56,Two year,No,Electronic check,5,No,1,No,No,0
CUST_003783,23,9,115.83,981.29,One year,DSL,Electronic check,3,No,0,No,No,1
CUST_003784,61,55,45.22,2557.34,Month-to-month,DSL,Credit card,2,No,0,Yes,No,0
CUST_003785,74,20,92.66,1967.08,Two year,DSL,Bank transfer,1,No,0,No,Yes,0
CUST_003786,49,38,43.11,1617.17,One year,DSL,Bank transfer,2,No,0,Yes,No,0
CUST_003787,28,18,81.61,1591.53,One year,Fiber optic,Mailed check,3,Yes,0,Yes,Yes,1
CUST_003788,19,48,85.93,3892.01,Month-to-month,DSL,Credit card,2,No,0,Yes,Yes,1
CUST_003789,73,4,52.84,195.57,Month-to-month,No,Electronic check,2,No,0,No,Yes,0
CUST_003790,36,26,101.88,2465.11,One year,No,Electronic check,3,Yes,0,Yes,Yes,0
CUST_003791,24,40,108.54,4700.05,Month-to-month,Fiber optic,Credit card,1,Yes,0,No,No,1
CUST_003792,28,32,105.51,3457.5,Two year,No,Electronic check,2,Yes,0,No,No,1
CUST_003793,32,45,53.08,2205.49,Month-to-month,Fiber optic,Bank transfer,7,No,0,Yes,Yes,0
CUST_003794,55,13,94.43,1200.34,One year,No,Electronic check,0,No,0,No,No,0
CUST_003795,68,32,75.95,2336.27,Month-to-month,DSL,Electronic check,3,No,0,No,No,0
CUST_003796,33,55,79.26,4687.98,One year,No,Bank transfer,1,Yes,0,No,No,0
CUST_003797,57,25,67.74,1644.24,Month-to-month,DSL,Mailed check,3,Yes,0,Yes,No,0
CUST_003798,21,12,80.03,880.76,Month-to-month,Fiber optic,Bank transfer,4,No,0,No,Yes,1
CUST_003799,18,62,33.57,1877.77,Month-to-month,No,Electronic check,1,No,0,No,No,0
CUST_003800,21,57,60.88,3519.6,One year,Fiber optic,Electronic check,5,Yes,0,Yes,No,0
CUST_003801,70,49,37.77,1721.56,Month-to-month,DSL,Bank transfer,1,Yes,0,No,No,0
CUST_003802,51,58,48.01,3058.97,One year,DSL,Electronic check,0,Yes,0,Yes,No,0
CUST_003803,63,57,32.78,2020.46,Month-to-month,DSL,Bank transfer,4,No,0,No,No,0
CUST_003804,19,54,41.25,2236.31,One year,Fiber optic,Mailed check,3,No,0,No,No,1
CUST_003805,19,37,98.19,3777.94,One year,Fiber optic,Electronic check,2,Yes,0,No,No,1
CUST_003806,66,2,74.98,140.92,Month-to-month,Fiber optic,Electronic check,0,No,0,No,No,1
CUST_003807,23,43,22.36,869.23,Month-to-month,No,Bank transfer,0,No,0,No,No,0
CUST_003808,26,20,98.85,1789.73,Month-to-month,DSL,Mailed check,3,Yes,0,No,No,1
CUST_003809,47,56,110.95,6296.25,One year,No,Electronic check,0,Yes,0,No,No,0
CUST_003810,52,34,108.04,3430.75,Two year,Fiber optic,Credit card,2,No,0,No,Yes,0
CUST_003811,31,66,102.3,7041.81,Month-to-month,Fiber optic,Electronic check,1,Yes,0,Yes,No,0
CUST_003812,43,43,119.22,5333.62,One year,Fiber optic,Bank transfer,0,Yes,0,Yes,Yes,0
CUST_003813,56,40,78.64,3436.43,One year,No,Electronic check,4,No,0,No,No,0
CUST_003814,43,67,116.26,8212.9,One year,DSL,Mailed check,6,No,1,Yes,No,1
CUST_003815,39,35,114.88,4071.96,Month-to-month,Fiber optic,Mailed check,2,No,0,No,Yes,1
CUST_003816,22,28,51.32,1392.62,Two year,No,Electronic check,4,Yes,0,No,Yes,0
CUST_003817,43,27,106.34,3134.0,Month-to-month,Fiber optic,Bank transfer,2,No,0,Yes,Yes,1
CUST_003818,63,64,99.25,5953.85,Two year,DSL,Electronic check,4,No,0,Yes,No,0
CUST_003819,53,55,97.58,5044.58,Month-to-month,Fiber optic,Mailed check,1,Yes,0,No,No,1
CUST_003820,68,12,109.63,1349.9,Two year,Fiber optic,Bank transfer,2,Yes,0,No,No,0
CUST_003821,25,36,58.42,2307.9,Two year,DSL,Bank transfer,2,No,0,No,No,0
CUST_003822,18,27,60.01,1485.13,Two year,Fiber optic,Mailed check,3,Yes,0,Yes,No,0
CUST_003823,49,47,84.01,4335.33,Month-to-month,No,Electronic check,1,No,1,Yes,No,0
CUST_003824,28,4,93.78,367.05,Two year,Fiber optic,Electronic check,3,Yes,0,Yes,No,1
CUST_003825,51,52,107.97,5770.52,Month-to-month,DSL,Credit card,3,No,0,Yes,No,1
CUST_003826,69,54,107.58,6023.54,One year,Fiber optic,Bank transfer,4,Yes,0,No,No,0
CUST_003827,37,17,92.13,1584.08,Month-to-month,Fiber optic,Bank transfer,1,Yes,0,No,No,1
CUST_003828,49,11,115.69,1378.99,One year,Fiber optic,Mailed check,1,Yes,0,Yes,No,1
CUST_003829,56,46,37.86,1679.95,Month-to-month,Fiber optic,Mailed check,3,Yes,0,Yes,No,0
CUST_003830,26,19,115.03,2288.45,Month-to-month,Fiber optic,Electronic check,1,No,0,No,Yes,1
CUST_003831,69,68,26.42,1812.15,Month-to-month,No,Electronic check,3,No,0,Yes,Yes,0
CUST_003832,29,56,75.56,4457.2,Month-to-month,Fiber optic,Mailed check,3,No,0,Yes,No,0
CUST_003833,64,69,29.02,2148.59,Month-to-month,No,Electronic check,1,No,1,No,Yes,0
CUST_003834,55,39,76.8,2929.97,Two year,Fiber optic,Electronic check,3,No,0,Yes,No,0
CUST_003835,26,68,59.01,3619.88,One year,DSL,Mailed check,4,No,0,No,Yes,0
CUST_003836,59,2,28.16,59.56,One year,Fiber optic,Mailed check,1,Yes,0,Yes,No,0
CUST_003837,29,21,84.81,1650.4,Two year,DSL,Mailed check,1,No,0,Yes,No,1
CUST_003838,52,1,93.12,89.04,Month-to-month,Fiber optic,Bank transfer,2,No,1,Yes,Yes,1
CUST_003839,72,49,37.42,1861.05,Month-to-month,DSL,Bank transfer,1,Yes,0,Yes,No,0
CUST_003840,72,37,89.44,3102.76,Month-to-month,Fiber optic,Electronic check,3,No,0,Yes,Yes,1
CUST_003841,67,21,37.9,852.44,Month-to-month,Fiber optic,Bank transfer,4,No,0,No,No,1
CUST_003842,46,22,33.74,710.01,One year,Fiber optic,Mailed check,5,Yes,0,Yes,No,0
CUST_003843,49,47,34.74,1577.18,One year,Fiber optic,Mailed check,3,No,0,No,No,0
CUST_003844,35,13,79.91,1085.2,One year,DSL,Credit card,2,No,0,Yes,No,0
CUST_003845,70,38,97.88,3433.7,One year,DSL,Electronic check,4,No,1,Yes,No,1
CUST_003846,45,45,79.69,3700.76,Month-to-month,Fiber optic,Bank transfer,2,Yes,0,No,No,0
CUST_003847,61,18,100.94,1645.17,One year,No,Electronic check,2,Yes,0,No,Yes,1
CUST_003848,38,17,79.15,1396.49,Month-to-month,No,Electronic check,1,Yes,0,Yes,Yes,1
CUST_003849,60,26,99.73,2539.61,Two year,No,Mailed check,2,No,0,Yes,Yes,0
CUST_003850,30,43,117.65,5325.94,Month-to-month,DSL,Electronic check,5,Yes,1,No,No,1
CUST_003851,59,19,59.1,1022.17,Month-to-month,DSL,Electronic check,0,No,0,Yes,Yes,0
CUST_003852,20,28,34.99,1059.98,Month-to-month,Fiber optic,Mailed check,5,Yes,0,No,No,0
CUST_003853,23,40,33.54,1300.7,Month-to-month,Fiber optic,Electronic check,2,Yes,0,Yes,Yes,0
CUST_003854,38,14,79.75,1091.74,Month-to-month,Fiber optic,Mailed check,1,No,0,No,No,1
CUST_003855,45,41,74.71,2862.08,Month-to-month,Fiber optic,Electronic check,4,No,0,No,Yes,1
CUST_003856,58,10,38.42,355.69,One year,Fiber optic,Mailed check,1,No,0,Yes,No,0
CUST_003857,38,11,108.21,1084.24,Two year,Fiber optic,Mailed check,0,No,1,Yes,Yes,1
CUST_003858,19,18,115.67,1918.61,Month-to-month,No,Mailed check,1,No,0,No,No,1
CUST_003859,36,21,45.32,962.08,Month-to-month,DSL,Bank transfer,4,Yes,1,Yes,No,1
CUST_003860,43,3,40.69,127.65,Two year,No,Credit card,1,Yes,0,Yes,No,0
CUST_003861,48,70,41.39,2666.73,Month-to-month,Fiber optic,Electronic check,3,Yes,0,Yes,Yes,0
CUST_003862,54,23,58.74,1250.78,Two year,DSL,Mailed check,3,No,1,Yes,No,0
CUST_003863,32,58,105.32,5608.6,Month-to-month,No,Credit card,3,Yes,0,No,No,0
CUST_003864,52,65,79.6,5162.72,Month-to-month,No,Bank transfer,1,No,1,Yes,No,0
CUST_003865,54,58,26.76,1465.64,Month-to-month,Fiber optic,Credit card,4,Yes,0,No,Yes,0
CUST_003866,62,60,67.3,3752.18,Month-to-month,DSL,Bank transfer,2,No,0,Yes,Yes,0
CUST_003867,47,8,29.03,228.56,One year,DSL,Bank transfer,0,No,0,No,No,0
CUST_003868,64,27,60.62,1666.96,Two year,Fiber optic,Electronic check,5,No,0,No,No,0
CUST_003869,30,54,60.35,3048.92,Month-to-month,DSL,Electronic check,2,No,0,Yes,No,0
CUST_003870,58,42,84.84,3760.89,Two year,DSL,Bank transfer,2,No,1,No,Yes,0
CUST_003871,20,1,74.95,76.39,Month-to-month,Fiber optic,Mailed check,1,No,0,Yes,No,1
CUST_003872,23,41,107.48,4635.89,Month-to-month,DSL,Bank transfer,1,No,0,Yes,No,0
CUST_003873,67,58,21.63,1211.79,Two year,Fiber optic,Credit card,5,Yes,1,Yes,No,0
CUST_003874,45,60,97.4,5718.75,Two year,Fiber optic,Electronic check,6,No,1,Yes,No,1
CUST_003875,53,28,22.27,683.5,Month-to-month,DSL,Mailed check,3,No,0,Yes,No,0
CUST_003876,52,18,50.43,926.77,Month-to-month,Fiber optic,Credit card,4,No,0,Yes,No,1
CUST_003877,57,23,107.97,2310.29,Month-to-month,DSL,Credit card,3,Yes,0,Yes,Yes,0
CUST_003878,31,22,89.04,2042.83,Month-to-month,DSL,Credit card,3,No,1,No,Yes,1
CUST_003879,28,25,37.2,975.34,One year,Fiber optic,Bank transfer,2,No,0,No,No,0
CUST_003880,20,22,69.08,1661.02,Month-to-month,Fiber optic,Credit card,2,No,0,No,No,0
CUST_003881,67,33,92.19,3071.12,One year,DSL,Mailed check,4,Yes,0,Yes,No,0
CUST_003882,30,3,113.73,347.3,Month-to-month,Fiber optic,Electronic check,1,Yes,0,No,No,1
CUST_003883,50,20,83.43,1603.6,Month-to-month,Fiber optic,Electronic check,1,Yes,0,No,Yes,1
CUST_003884,43,23,22.47,522.66,Month-to-month,Fiber optic,Mailed check,2,No,1,No,No,0
CUST_003885,27,12,69.97,762.2,Month-to-month,DSL,Credit card,3,No,0,No,No,0
CUST_003886,41,64,35.3,2405.33,One year,Fiber optic,Mailed check,5,Yes,1,Yes,No,0
CUST_003887,22,49,24.78,1261.52,Two year,Fiber optic,Bank transfer,3,No,0,No,No,0
CUST_003888,28,66,79.85,5462.63,Two year,DSL,Mailed check,2,No,0,No,No,0
CUST_003889,25,41,97.69,4150.11,One year,Fiber optic,Bank transfer,2,No,0,No,No,0
CUST_003890,64,8,23.61,178.2,Month-to-month,Fiber optic,Electronic check,3,No,1,Yes,No,0
CUST_003891,50,66,98.36,5899.92,Two year,DSL,Mailed check,1,No,0,Yes,No,0
CUST_003892,70,33,90.64,3007.78,Two year,Fiber optic,Electronic check,3,No,0,No,No,0
CUST_003893,42,50,95.2,4798.22,Two year,Fiber optic,Mailed check,5,No,0,No,Yes,1
CUST_003894,29,28,44.47,1333.11,Month-to-month,DSL,Mailed check,0,Yes,0,No,Yes,0
CUST_003895,52,36,59.36,2213.21,Month-to-month,No,Bank transfer,3,Yes,0,Yes,No,0
CUST_003896,70,36,31.98,1111.79,One year,Fiber optic,Mailed check,2,No,0,Yes,No,0
CUST_003897,48,21,43.89,925.04,Month-to-month,Fiber optic,Credit card,2,No,0,Yes,No,0
CUST_003898,19,40,50.28,2024.03,Month-to-month,No,Credit card,1,No,0,No,No,0
CUST_003899,35,53,51.94,2863.11,Month-to-month,No,Electronic check,1,No,0,No,No,0
CUST_003900,70,2,37.5,78.8,One year,Fiber optic,Electronic check,0,No,0,Yes,Yes,0
CUST_003901,47,10,38.87,397.79,Month-to-month,Fiber optic,Electronic check,2,No,0,Yes,Yes,1
CUST_003902,72,61,110.15,7195.28,One year,DSL,Electronic check,2,Yes,0,Yes,No,0
CUST_003903,47,42,98.39,3982.98,One year,DSL,Electronic check,1,No,0,Yes,No,1
CUST_003904,18,71,54.45,4113.16,Month-to-month,No,Credit card,2,No,0,No,No,1
CUST_003905,67,44,114.76,4580.16,Month-to-month,Fiber optic,Credit card,3,No,0,No,No,1
CUST_003906,61,48,43.89,2248.03,Two year,No,Electronic check,3,No,0,Yes,Yes,0
CUST_003907,58,65,60.68,3793.87,Month-to-month,DSL,Bank transfer,4,Yes,0,Yes,Yes,0
CUST_003908,73,48,101.35,5054.13,Month-to-month,DSL,Credit card,3,No,0,No,No,0
CUST_003909,29,24,64.29,1608.18,Month-to-month,DSL,Mailed check,0,Yes,0,Yes,No,0
CUST_003910,69,39,43.46,1652.91,Month-to-month,Fiber optic,Credit card,5,Yes,0,No,Yes,0
CUST_003911,31,17,56.85,914.12,One year,DSL,Credit card,4,No,0,Yes,Yes,0
CUST_003912,73,25,70.07,1840.69,Month-to-month,DSL,Credit card,2,Yes,0,Yes,No,0
CUST_003913,28,49,82.06,3865.96,Two year,No,Bank transfer,1,No,0,Yes,No,0
CUST_003914,49,11,60.56,642.63,Month-to-month,Fiber optic,Mailed check,4,No,0,Yes,Yes,1
CUST_003915,62,49,63.13,3183.0,Two year,Fiber optic,Electronic check,2,No,0,Yes,No,0
CUST_003916,22,43,46.39,2071.04,One year,DSL,Credit card,1,Yes,0,Yes,No,0
CUST_003917,21,23,73.53,1523.82,Month-to-month,Fiber optic,Electronic check,2,Yes,0,Yes,No,0
CUST_003918,66,4,41.95,167.86,One year,Fiber optic,Mailed check,3,No,1,No,Yes,1
CUST_003919,21,51,106.75,5796.26,Month-to-month,DSL,Electronic check,1,No,0,Yes,Yes,0
CUST_003920,52,60,94.74,5574.43,Two year,Fiber optic,Mailed check,0,No,0,Yes,No,0
CUST_003921,71,53,61.03,3138.24,One year,No,Electronic check,6,No,0,Yes,No,0
CUST_003922,53,31,94.72,3006.97,Month-to-month,DSL,Credit card,1,Yes,0,Yes,No,0
CUST_003923,45,48,20.7,932.4,Month-to-month,No,Mailed check,5,No,0,Yes,No,0
CUST_003924,41,30,54.45,1772.5,Two year,DSL,Mailed check,2,No,0,Yes,Yes,0
CUST_003925,54,26,64.03,1575.98,One year,DSL,Mailed check,4,No,0,No,No,0
CUST_003926,50,24,66.98,1670.14,Month-to-month,DSL,Bank transfer,0,Yes,1,Yes,Yes,0
CUST_003927,46,16,94.87,1571.51,Month-to-month,No,Bank transfer,4,No,0,Yes,No,1
CUST_003928,26,70,116.28,8486.32,Month-to-month,Fiber optic,Credit card,1,No,0,No,Yes,0
CUST_003929,55,48,58.0,2972.94,One year,Fiber optic,Credit card,1,No,1,Yes,No,0
CUST_003930,60,13,55.06,719.03,One year,Fiber optic,Mailed check,2,No,0,No,No,0
CUST_003931,58,63,81.05,5517.91,Two year,No,Credit card,2,No,0,No,No,0
CUST_003932,22,11,48.13,541.2,One year,Fiber optic,Mailed check,2,No,0,Yes,No,0
CUST_003933,58,43,34.14,1604.02,One year,Fiber optic,Bank transfer,2,Yes,0,Yes,No,0
CUST_003934,59,12,116.15,1279.88,Month-to-month,Fiber optic,Bank transfer,3,Yes,0,No,No,1
CUST_003935,28,27,100.95,2912.89,One year,Fiber optic,Mailed check,3,Yes,1,No,No,0
CUST_003936,66,48,115.85,5702.71,Month-to-month,Fiber optic,Mailed check,3,Yes,1,No,No,1
CUST_003937,47,72,41.78,3241.45,Two year,DSL,Bank transfer,4,No,0,No,No,0
CUST_003938,44,72,21.78,1521.34,Month-to-month,No,Electronic check,1,Yes,0,Yes,Yes,0
CUST_003939,59,65,63.73,4269.3,One year,DSL,Bank transfer,1,Yes,0,No,Yes,0
CUST_003940,47,17,113.36,1932.25,Two year,No,Mailed check,4,No,0,Yes,No,1
CUST_003941,49,7,33.83,249.15,One year,Fiber optic,Bank transfer,2,No,0,Yes,No,0
CUST_003942,35,66,31.72,2159.86,Month-to-month,DSL,Credit card,3,No,0,No,Yes,0
CUST_003943,70,67,26.9,1943.93,One year,DSL,Electronic check,8,No,0,No,Yes,0
CUST_003944,73,21,96.5,1997.99,Month-to-month,Fiber optic,Electronic check,3,Yes,0,Yes,No,1
CUST_003945,25,2,98.59,200.42,Month-to-month,Fiber optic,Bank transfer,3,No,1,Yes,No,1
CUST_003946,59,47,89.54,4503.14,One year,No,Electronic check,4,No,0,Yes,No,1
CUST_003947,19,6,25.33,153.72,Two year,Fiber optic,Electronic check,2,Yes,0,No,No,0
CUST_003948,39,3,92.33,272.96,Month-to-month,DSL,Bank transfer,2,Yes,0,No,No,1
CUST_003949,73,68,64.86,4381.71,Two year,Fiber optic,Electronic check,5,Yes,1,No,No,0
CUST_003950,27,36,35.79,1358.65,Month-to-month,Fiber optic,Bank transfer,1,Yes,0,No,No,1
CUST_003951,39,9,49.51,484.78,Two year,No,Electronic check,4,Yes,0,No,No,0
CUST_003952,30,48,70.11,3166.0,One year,Fiber optic,Electronic check,3,Yes,1,Yes,No,0
CUST_003953,59,27,52.97,1358.65,Two year,No,Mailed check,3,No,0,Yes,No,0
CUST_003954,44,39,116.97,4281.71,Two year,DSL,Credit card,5,Yes,0,Yes,No,0
CUST_003955,51,65,67.47,4112.4,Two year,Fiber optic,Mailed check,4,No,0,Yes,No,0
CUST_003956,71,18,57.22,939.77,One year,Fiber optic,Electronic check,3,Yes,0,Yes,No,0
CUST_003957,47,47,87.32,4348.35,Month-to-month,Fiber optic,Mailed check,2,No,0,No,Yes,0
CUST_003958,59,60,85.05,4939.08,Month-to-month,DSL,Bank transfer,7,No,1,Yes,No,0
CUST_003959,23,31,20.24,617.98,One year,Fiber optic,Bank transfer,0,No,0,Yes,No,0
CUST_003960,30,70,81.85,6148.34,Month-to-month,DSL,Electronic check,3,Yes,0,No,No,1
CUST_003961,71,33,44.38,1586.36,Two year,DSL,Electronic check,2,Yes,0,No,No,0
CUST_003962,66,34,57.52,1973.4,Month-to-month,DSL,Mailed check,3,Yes,0,Yes,No,0
CUST_003963,55,64,90.63,5333.27,Two year,Fiber optic,Bank transfer,2,Yes,0,Yes,No,0
CUST_003964,39,46,75.74,3453.59,Month-to-month,DSL,Credit card,1,No,0,No,No,0
CUST_003965,29,63,56.87,3879.08,Two year,Fiber optic,Bank transfer,0,No,0,Yes,No,0
CUST_003966,66,57,36.74,2262.45,Two year,No,Bank transfer,4,No,1,Yes,No,0
CUST_003967,62,52,70.55,3540.27,Month-to-month,Fiber optic,Mailed check,0,No,0,No,Yes,1
CUST_003968,31,18,51.94,1022.99,One year,Fiber optic,Bank transfer,3,No,0,Yes,No,0
CUST_003969,51,29,111.29,3114.02,Month-to-month,Fiber optic,Bank transfer,2,Yes,0,No,No,0
CUST_003970,53,63,73.43,4916.83,Two year,DSL,Electronic check,0,No,1,Yes,No,0
CUST_003971,45,45,106.6,5215.53,Two year,Fiber optic,Credit card,3,Yes,0,No,Yes,0
CUST_003972,70,21,59.02,1147.69,Month-to-month,DSL,Electronic check,3,No,1,No,Yes,1
CUST_003973,25,24,102.74,2363.29,Month-to-month,DSL,Bank transfer,6,No,0,Yes,No,1
CUST_003974,32,56,25.65,1453.9,Month-to-month,DSL,Bank transfer,3,No,0,Yes,No,0
CUST_003975,23,13,49.81,630.54,Month-to-month,Fiber optic,Credit card,3,No,0,Yes,No,0
CUST_003976,57,9,27.82,274.38,Two year,DSL,Electronic check,3,No,0,No,No,0
CUST_003977,54,56,23.17,1272.39,Month-to-month,DSL,Credit card,2,Yes,0,Yes,Yes,0
CUST_003978,74,21,111.89,2508.52,Two year,No,Electronic check,2,No,0,No,No,1
CUST_003979,48,56,91.69,4824.35,Two year,DSL,Electronic check,3,No,0,No,Yes,0
CUST_003980,26,39,82.51,3528.82,Two year,Fiber optic,Credit card,2,No,0,Yes,Yes,0
CUST_003981,43,72,73.25,5516.67,One year,Fiber optic,Electronic check,4,Yes,0,Yes,No,0
CUST_003982,23,38,76.96,2640.19,Month-to-month,Fiber optic,Bank transfer,2,No,0,Yes,No,0
CUST_003983,56,63,83.87,4937.58,Two year,DSL,Mailed check,2,No,0,Yes,No,0
CUST_003984,56,62,102.66,5858.58,One year,DSL,Credit card,3,No,1,No,No,1
CUST_003985,66,16,79.69,1298.39,Two year,No,Bank transfer,4,Yes,0,Yes,No,0
CUST_003986,37,72,94.86,7285.94,Month-to-month,Fiber optic,Electronic check,1,No,0,No,Yes,0
CUST_003987,35,54,48.1,2745.56,Month-to-month,DSL,Credit card,1,Yes,0,Yes,Yes,0
CUST_003988,22,8,117.68,956.17,Two year,DSL,Electronic check,3,No,0,Yes,No,0
CUST_003989,41,1,23.19,23.73,Two year,Fiber optic,Bank transfer,4,No,0,Yes,Yes,0
CUST_003990,45,20,58.66,1277.19,Month-to-month,DSL,Bank transfer,2,No,0,No,No,0
CUST_003991,61,2,108.2,214.34,One year,Fiber optic,Bank transfer,1,No,0,No,Yes,1
CUST_003992,60,26,38.05,1038.86,Month-to-month,Fiber optic,Bank transfer,2,No,1,Yes,No,1
CUST_003993,25,72,34.13,2259.37,One year,Fiber optic,Credit card,3,No,0,No,Yes,0
CUST_003994,34,35,56.54,1814.46,Month-to-month,No,Bank transfer,5,Yes,0,Yes,Yes,0
CUST_003995,47,2,62.82,117.39,Month-to-month,Fiber optic,Credit card,3,No,0,Yes,No,1
CUST_003996,37,36,113.34,4453.92,Month-to-month,No,Electronic check,2,No,0,Yes,No,1
CUST_003997,19,16,103.61,1743.85,Month-to-month,Fiber optic,Mailed check,2,No,0,Yes,No,1
CUST_003998,66,62,66.41,4456.34,Month-to-month,Fiber optic,Bank transfer,4,No,0,No,No,0
CUST_003999,59,7,117.3,794.81,Month-to-month,Fiber optic,Electronic check,2,Yes,0,Yes,No,1
CUST_004000,47,56,84.23,4403.18,Month-to-month,Fiber optic,Mailed check,6,Yes,0,No,Yes,0
CUST_004001,36,33,107.37,3231.35,One year,DSL,Bank transfer,3,No,0,No,No,1
CUST_004002,66,2,44.61,88.11,One year,No,Mailed check,1,Yes,0,Yes,Yes,0
CUST_004003,20,49,68.9,3694.71,One year,No,Electronic check,3,Yes,0,No,No,0
CUST_004004,43,33,22.97,688.58,Month-to-month,DSL,Electronic check,3,No,0,No,No,0
CUST_004005,63,56,20.89,1269.78,Month-to-month,Fiber optic,Electronic check,0,No,0,Yes,No,1
CUST_004006,72,45,90.55,3892.21,Two year,Fiber optic,Electronic check,0,Yes,0,Yes,No,0
CUST_004007,32,57,31.83,1653.69,Two year,No,Electronic check,1,Yes,0,Yes,Yes,0
CUST_004008,55,34,74.78,2376.16,Two year,Fiber optic,Credit card,3,No,0,No,No,0
CUST_004009,28,1,89.6,82.41,Two year,DSL,Electronic check,5,Yes,0,No,Yes,0
CUST_004010,24,10,23.22,240.56,One year,Fiber optic,Credit card,3,Yes,1,Yes,Yes,0
CUST_004011,38,34,64.87,2406.61,Two year,DSL,Credit card,0,Yes,0,Yes,No,0
CUST_004012,68,29,88.42,2814.71,Month-to-month,Fiber optic,Electronic check,2,No,0,No,No,1
CUST_004013,57,58,108.97,5777.83,One year,Fiber optic,Credit card,4,No,0,Yes,No,1
CUST_004014,45,30,49.92,1511.72,Two year,Fiber optic,Electronic check,0,Yes,0,No,Yes,0
CUST_004015,34,62,117.42,7185.04,One year,DSL,Bank transfer,1,No,0,No,Yes,0
CUST_004016,26,14,104.45,1397.82,Month-to-month,Fiber optic,Credit card,5,Yes,0,No,No,1
CUST_004017,33,28,85.06,2399.99,Month-to-month,Fiber optic,Credit card,3,No,0,Yes,Yes,0
CUST_004018,26,55,59.19,3089.69,Month-to-month,DSL,Electronic check,2,Yes,0,No,No,0
CUST_004019,28,9,91.11,777.34,Month-to-month,DSL,Electronic check,0,Yes,0,No,Yes,1
CUST_004020,57,24,101.62,2660.92,Two year,DSL,Electronic check,0,No,0,No,Yes,1
CUST_004021,25,55,50.33,2905.79,One year,No,Credit card,0,Yes,0,No,No,0
CUST_004022,20,43,119.28,5401.56,Month-to-month,Fiber optic,Electronic check,3,Yes,0,No,Yes,0
CUST_004023,48,57,110.86,6332.98,One year,Fiber optic,Mailed check,1,No,0,No,Yes,0
CUST_004024,34,38,68.55,2565.84,Month-to-month,Fiber optic,Electronic check,3,No,0,Yes,No,0
CUST_004025,43,62,92.28,5587.38,One year,No,Mailed check,0,No,0,Yes,No,0
CUST_004026,25,64,72.4,4296.87,Month-to-month,Fiber optic,Mailed check,2,No,0,No,No,0
CUST_004027,29,71,96.09,7467.67,Month-to-month,DSL,Electronic check,4,Yes,0,Yes,No,1
CUST_004028,43,9,102.7,956.74,One year,DSL,Bank transfer,1,No,1,No,No,1
CUST_004029,57,43,22.32,961.24,One year,DSL,Mailed check,1,No,0,No,No,0
CUST_004030,41,9,27.91,257.72,One year,No,Mailed check,1,No,1,No,Yes,0
CUST_004031,48,17,53.65,1002.74,Month-to-month,Fiber optic,Mailed check,5,No,1,Yes,Yes,0
CUST_004032,47,22,111.76,2335.9,One year,Fiber optic,Mailed check,1,No,0,No,No,1
CUST_004033,33,47,59.83,3025.02,Month-to-month,Fiber optic,Bank transfer,3,No,1,Yes,Yes,0
CUST_004034,33,32,108.75,3201.88,Month-to-month,No,Mailed check,5,No,0,No,No,0
CUST_004035,42,63,66.24,3760.48,One year,No,Mailed check,3,No,0,Yes,Yes,0
CUST_004036,19,22,48.89,1164.24,One year,Fiber optic,Electronic check,3,No,0,No,No,0
CUST_004037,57,45,110.06,4543.2,Two year,DSL,Electronic check,5,No,0,No,No,0
CUST_004038,53,55,76.07,4339.67,Month-to-month,DSL,Credit card,3,No,1,No,No,0
CUST_004039,35,71,56.05,3962.66,Two year,Fiber optic,Credit card,2,Yes,0,Yes,No,0
CUST_004040,39,18,24.44,432.08,Month-to-month,Fiber optic,Electronic check,4,No,0,No,No,0
CUST_004041,36,53,31.09,1809.19,One year,Fiber optic,Mailed check,0,No,0,Yes,No,0
CUST_004042,55,7,33.93,229.11,Two year,DSL,Mailed check,1,Yes,0,Yes,No,0
CUST_004043,61,40,56.48,2075.47,One year,Fiber optic,Bank transfer,0,No,0,Yes,No,0
CUST_004044,24,30,80.73,2298.05,Two year,Fiber optic,Electronic check,4,No,0,No,Yes,0
CUST_004045,41,70,50.76,3882.69,Two year,DSL,Credit card,6,No,1,No,No,0
CUST_004046,18,56,26.55,1616.29,Month-to-month,No,Electronic check,1,No,0,No,No,0
CUST_004047,43,67,46.48,2984.61,Two year,Fiber optic,Credit card,2,No,0,Yes,No,0
CUST_004048,32,62,60.87,3808.66,Two year,DSL,Electronic check,4,Yes,0,Yes,Yes,0
CUST_004049,37,30,119.23,3642.13,Month-to-month,DSL,Electronic check,5,No,0,Yes,No,1
CUST_004050,44,53,59.3,3444.32,Month-to-month,Fiber optic,Electronic check,6,Yes,0,Yes,Yes,0
CUST_004051,36,3,28.92,88.9,Month-to-month,Fiber optic,Electronic check,0,No,0,No,No,0
CUST_004052,40,41,78.11,3426.44,Two year,DSL,Credit card,3,No,0,Yes,No,0
CUST_004053,61,4,111.96,416.03,Two year,Fiber optic,Mailed check,3,No,0,No,No,1
CUST_004054,64,53,98.67,5222.75,Two year,Fiber optic,Electronic check,3,Yes,1,Yes,No,0
CUST_004055,18,70,103.62,7636.45,Month-to-month,DSL,Credit card,3,No,0,Yes,Yes,1
CUST_004056,39,50,112.82,5124.17,Month-to-month,Fiber optic,Electronic check,3,No,0,Yes,No,0
CUST_004057,66,61,83.65,5033.08,Month-to-month,Fiber optic,Electronic check,4,Yes,0,Yes,Yes,1
CUST_004058,48,17,119.49,2212.12,Month-to-month,DSL,Electronic check,1,No,0,No,No,0
CUST_004059,29,72,23.33,1773.91,Month-to-month,DSL,Mailed check,4,No,0,No,No,0
CUST_004060,51,40,103.48,3840.37,Month-to-month,DSL,Credit card,2,Yes,0,No,No,0
CUST_004061,26,49,105.7,5168.18,Month-to-month,Fiber optic,Electronic check,2,No,0,Yes,No,1
CUST_004062,19,56,111.67,6203.18,Month-to-month,No,Bank transfer,4,No,0,Yes,No,1
CUST_004063,54,47,67.82,2945.59,One year,Fiber optic,Electronic check,6,No,0,Yes,Yes,1
CUST_004064,47,23,98.78,2185.1,Month-to-month,No,Electronic check,1,No,0,No,No,0
CUST_004065,61,45,39.51,1664.4,Month-to-month,Fiber optic,Bank transfer,4,Yes,0,No,No,0
CUST_004066,37,48,80.31,4231.41,One year,Fiber optic,Bank transfer,2,Yes,0,No,Yes,0
CUST_004067,66,62,55.86,3466.53,Two year,Fiber optic,Bank transfer,3,No,0,Yes,Yes,0
CUST_004068,42,35,79.62,2593.8,One year,Fiber optic,Electronic check,2,No,0,No,No,1
CUST_004069,60,37,87.56,3218.6,One year,No,Electronic check,2,No,1,No,No,0
CUST_004070,23,37,54.71,1858.34,One year,Fiber optic,Bank transfer,4,No,1,Yes,Yes,0
CUST_004071,23,9,41.62,400.17,One year,Fiber optic,Bank transfer,2,Yes,0,Yes,No,0
CUST_004072,62,7,52.17,375.37,One year,No,Mailed check,7,Yes,0,Yes,No,1
CUST_004073,65,2,86.4,173.52,Month-to-month,No,Electronic check,3,No,0,Yes,No,1
CUST_004074,71,48,87.69,4402.66,One year,No,Bank transfer,2,Yes,0,Yes,Yes,0
CUST_004075,36,31,94.13,2806.63,Month-to-month,DSL,Electronic check,5,Yes,0,No,No,1
CUST_004076,19,63,32.65,2018.7,Month-to-month,DSL,Bank transfer,3,No,0,Yes,No,0
CUST_004077,73,51,101.85,4768.88,Month-to-month,Fiber optic,Bank transfer,1,No,0,No,Yes,0
CUST_004078,52,11,88.81,926.4,Month-to-month,Fiber optic,Electronic check,3,Yes,1,No,No,1
CUST_004079,32,8,23.05,167.16,Month-to-month,DSL,Mailed check,0,No,1,Yes,Yes,0
CUST_004080,61,27,53.56,1331.69,One year,Fiber optic,Mailed check,3,No,0,No,Yes,0
CUST_004081,69,67,66.67,4604.78,Month-to-month,Fiber optic,Bank transfer,3,No,0,Yes,No,0
CUST_004082,34,4,56.06,211.94,Month-to-month,DSL,Credit card,4,Yes,1,Yes,No,1
CUST_004083,61,14,31.74,400.52,Month-to-month,Fiber optic,Mailed check,2,No,0,No,No,0
CUST_004084,62,3,40.73,114.75,Month-to-month,DSL,Electronic check,7,No,0,Yes,Yes,0
CUST_004085,46,30,22.46,647.87,One year,No,Electronic check,1,Yes,1,Yes,Yes,0
CUST_004086,54,72,29.31,1958.95,Month-to-month,DSL,Bank transfer,1,Yes,0,Yes,No,0
CUST_004087,33,50,46.63,2197.69,Month-to-month,Fiber optic,Electronic check,1,No,0,No,No,0
CUST_004088,70,36,102.0,4021.44,Month-to-month,Fiber optic,Bank transfer,2,Yes,0,No,No,0
CUST_004089,74,11,72.66,723.18,Month-to-month,DSL,Electronic check,2,Yes,0,No,No,0
CUST_004090,73,26,62.45,1644.77,Month-to-month,Fiber optic,Electronic check,3,No,0,No,No,0
CUST_004091,60,38,86.22,3462.35,Month-to-month,No,Electronic check,2,No,1,No,Yes,0
CUST_004092,20,20,74.15,1625.81,One year,Fiber optic,Credit card,2,No,0,No,No,0
CUST_004093,38,51,33.15,1642.82,Two year,DSL,Bank transfer,3,No,0,Yes,Yes,0
CUST_004094,43,71,42.26,2883.23,One year,Fiber optic,Mailed check,4,No,0,No,No,1
CUST_004095,72,15,42.25,624.04,Month-to-month,DSL,Electronic check,1,No,0,Yes,No,0
CUST_004096,49,19,80.0,1558.88,Month-to-month,Fiber optic,Credit card,4,No,0,Yes,No,1
CUST_004097,48,10,66.16,653.69,One year,Fiber optic,Credit card,3,No,0,No,No,0
CUST_004098,26,53,58.76,3008.19,Month-to-month,Fiber optic,Mailed check,0,No,1,Yes,No,0
CUST_004099,63,34,75.66,2784.45,Two year,DSL,Bank transfer,4,No,0,Yes,No,0
CUST_004100,37,21,117.01,2413.5,Month-to-month,DSL,Credit card,1,No,0,No,No,0
CUST_004101,23,16,51.42,771.06,Month-to-month,DSL,Electronic check,5,No,1,Yes,No,1
CUST_004102,74,6,72.02,475.0,Month-to-month,Fiber optic,Electronic check,2,Yes,1,No,Yes,1
CUST_004103,28,35,68.04,2412.92,Two year,Fiber optic,Mailed check,4,No,1,No,No,0
CUST_004104,18,50,91.66,4904.43,Two year,Fiber optic,Mailed check,1,No,0,Yes,Yes,0
CUST_004105,22,17,93.03,1524.86,Two year,DSL,Bank transfer,2,Yes,0,No,No,0
CUST_004106,43,1,92.91,87.92,Month-to-month,DSL,Mailed check,2,Yes,0,No,No,1
CUST_004107,23,35,40.15,1318.13,One year,Fiber optic,Electronic check,1,Yes,0,No,No,0
CUST_004108,66,49,64.91,3342.96,Month-to-month,Fiber optic,Mailed check,3,Yes,0,Yes,No,0
CUST_004109,47,25,101.12,2763.94,Month-to-month,No,Bank transfer,2,No,0,No,No,1
CUST_004110,36,19,58.15,1202.39,One year,DSL,Electronic check,2,No,1,No,No,0
CUST_004111,18,12,118.43,1480.04,Two year,DSL,Electronic check,2,No,0,No,Yes,1
CUST_004112,45,54,56.48,3185.94,Month-to-month,Fiber optic,Electronic check,1,No,1,No,No,0
CUST_004113,26,63,69.77,4188.88,Month-to-month,Fiber optic,Credit card,0,No,0,Yes,No,0
CUST_004114,73,56,67.45,3682.99,Month-to-month,Fiber optic,Electronic check,6,No,0,No,No,0
CUST_004115,34,38,63.37,2199.17,Month-to-month,DSL,Electronic check,5,No,0,Yes,No,1
CUST_004116,45,53,104.56,5611.38,Month-to-month,DSL,Bank transfer,1,No,0,No,No,0
CUST_004117,19,29,35.53,1124.87,Two year,Fiber optic,Electronic check,2,No,0,Yes,No,0
CUST_004118,25,2,76.77,158.58,Month-to-month,DSL,Bank transfer,1,Yes,0,Yes,No,0
CUST_004119,29,27,81.86,2180.2,One year,Fiber optic,Mailed check,2,No,0,No,No,0
CUST_004120,20,51,105.12,5152.96,Month-to-month,DSL,Credit card,5,No,0,Yes,Yes,1
CUST_004121,59,47,80.92,3798.58,Month-to-month,DSL,Electronic check,4,Yes,0,No,Yes,0
CUST_004122,71,72,116.0,8094.24,Month-to-month,DSL,Electronic check,2,Yes,0,Yes,Yes,0
CUST_004123,74,72,107.22,8375.8,Month-to-month,No,Electronic check,2,No,0,No,No,0
CUST_004124,33,18,54.87,1029.07,Month-to-month,DSL,Credit card,2,No,0,No,No,0
CUST_004125,62,1,105.99,100.92,One year,DSL,Credit card,1,No,0,Yes,Yes,0
CUST_004126,46,20,115.85,2287.21,Two year,No,Electronic check,1,No,0,No,Yes,0
CUST_004127,20,64,45.72,2640.95,Month-to-month,DSL,Electronic check,4,Yes,0,Yes,No,0
CUST_004128,23,59,81.02,4323.02,One year,DSL,Electronic check,1,No,0,No,No,0
CUST_004129,49,8,48.18,381.22,Two year,DSL,Electronic check,5,No,0,No,No,0
CUST_004130,42,12,84.96,1006.62,Month-to-month,Fiber optic,Electronic check,4,No,1,No,Yes,1
CUST_004131,18,41,29.36,1086.23,Two year,Fiber optic,Credit card,0,No,0,No,No,1
CUST_004132,71,48,93.42,4364.87,Two year,No,Electronic check,1,Yes,0,No,Yes,0
CUST_004133,59,71,61.98,4199.75,Two year,Fiber optic,Credit card,1,No,0,No,No,0
CUST_004134,46,55,78.73,4139.32,One year,Fiber optic,Electronic check,4,No,1,No,No,0
CUST_004135,74,16,22.59,349.64,One year,DSL,Credit card,1,Yes,0,No,No,0
CUST_004136,73,3,89.54,273.88,Month-to-month,Fiber optic,Mailed check,1,Yes,0,No,Yes,0
CUST_004137,73,46,69.6,3345.31,One year,No,Electronic check,3,No,0,No,Yes,0
CUST_004138,32,40,82.53,3229.68,Two year,No,Bank transfer,6,No,0,No,Yes,0
CUST_004139,68,67,51.57,3788.01,Month-to-month,DSL,Electronic check,3,Yes,0,No,No,0
CUST_004140,46,42,34.58,1476.17,One year,Fiber optic,Credit card,4,No,0,No,Yes,0
CUST_004141,59,37,63.54,2441.87,Month-to-month,Fiber optic,Bank transfer,3,No,0,Yes,Yes,0
CUST_004142,66,22,114.4,2492.86,Month-to-month,No,Credit card,1,No,0,Yes,No,1
CUST_004143,27,7,42.78,325.79,One year,DSL,Credit card,0,No,0,No,No,0
CUST_004144,43,64,87.58,5648.57,One year,Fiber optic,Electronic check,3,Yes,0,Yes,Yes,0
CUST_004145,25,60,24.98,1572.21,One year,Fiber optic,Mailed check,2,Yes,0,No,Yes,0
CUST_004146,33,12,91.81,1106.29,Two year,No,Bank transfer,2,No,0,Yes,Yes,1
CUST_004147,41,51,43.84,2400.09,Month-to-month,Fiber optic,Electronic check,4,Yes,1,Yes,Yes,0
CUST_004148,66,27,65.15,1852.21,Two year,No,Mailed check,1,Yes,0,No,Yes,0
CUST_004149,67,32,56.78,1935.09,One year,Fiber optic,Electronic check,2,Yes,0,Yes,No,0
CUST_004150,40,62,31.28,1769.89,Two year,DSL,Bank transfer,5,Yes,0,No,No,0
CUST_004151,36,61,54.56,3376.32,Month-to-month,Fiber optic,Electronic check,4,No,0,No,Yes,0
CUST_004152,48,14,55.01,773.66,Month-to-month,No,Electronic check,7,No,1,No,Yes,1
CUST_004153,69,23,72.21,1624.18,Two year,DSL,Credit card,0,Yes,0,No,Yes,0
CUST_004154,73,60,117.24,6721.71,Month-to-month,Fiber optic,Credit card,2,Yes,0,Yes,Yes,0
CUST_004155,30,67,67.0,4774.1,Month-to-month,No,Electronic check,3,No,1,Yes,No,0
CUST_004156,28,6,111.44,640.48,One year,No,Electronic check,1,No,0,No,No,0
CUST_004157,58,61,66.16,4090.1,One year,Fiber optic,Bank transfer,3,No,1,No,No,0
CUST_004158,35,36,30.75,1106.33,Two year,Fiber optic,Electronic check,4,No,0,Yes,Yes,0
CUST_004159,29,43,43.02,1853.57,One year,DSL,Bank transfer,2,Yes,0,No,Yes,0
CUST_004160,19,6,60.75,396.12,Two year,Fiber optic,Bank transfer,2,No,0,No,Yes,0
CUST_004161,40,49,52.54,2776.97,Month-to-month,Fiber optic,Electronic check,2,No,0,Yes,No,0
CUST_004162,40,49,106.58,5315.46,One year,Fiber optic,Electronic check,3,Yes,0,Yes,No,0
CUST_004163,50,48,87.86,3966.67,Two year,DSL,Electronic check,3,No,0,No,Yes,0
CUST_004164,29,57,77.83,4156.73,One year,DSL,Electronic check,2,No,0,Yes,Yes,1
CUST_004165,58,69,69.12,4396.47,Month-to-month,Fiber optic,Bank transfer,2,No,0,No,No,0
CUST_004166,56,62,59.73,3675.07,Month-to-month,Fiber optic,Electronic check,2,Yes,0,Yes,No,0
CUST_004167,44,54,81.22,4113.63,One year,No,Credit card,5,Yes,0,Yes,Yes,0
CUST_004168,28,71,32.46,2279.23,One year,Fiber optic,Bank transfer,2,No,0,Yes,No,0
CUST_004169,46,49,36.25,1722.69,Month-to-month,No,Electronic check,3,Yes,0,No,No,0
CUST_004170,56,49,50.31,2234.24,One year,Fiber optic,Mailed check,4,Yes,0,Yes,No,1
CUST_004171,39,40,37.12,1570.63,Two year,Fiber optic,Mailed check,3,No,0,No,No,0
CUST_004172,33,56,87.71,5354.21,Month-to-month,Fiber optic,Mailed check,4,Yes,0,Yes,No,0
CUST_004173,46,6,22.48,132.35,One year,DSL,Bank transfer,3,Yes,0,No,No,0
CUST_004174,38,37,36.02,1283.05,One year,DSL,Electronic check,4,Yes,0,Yes,No,0
CUST_004175,40,31,110.26,3109.91,Month-to-month,No,Electronic check,6,Yes,0,No,No,0
CUST_004176,37,66,119.75,7141.43,Month-to-month,DSL,Electronic check,4,Yes,0,Yes,Yes,1
CUST_004177,35,6,68.76,423.65,Month-to-month,Fiber optic,Electronic check,4,No,0,Yes,No,1
CUST_004178,58,47,69.54,3294.25,Two year,DSL,Bank transfer,1,No,0,No,Yes,0
CUST_004179,44,14,97.34,1440.35,Month-to-month,Fiber optic,Credit card,3,Yes,0,Yes,Yes,1
CUST_004180,44,64,23.62,1525.15,Month-to-month,DSL,Bank transfer,2,No,0,No,No,0
CUST_004181,55,62,62.7,3648.98,Month-to-month,Fiber optic,Credit card,6,Yes,0,No,No,0
CUST_004182,38,17,29.98,546.66,Two year,Fiber optic,Bank transfer,3,Yes,0,No,Yes,0
CUST_004183,23,63,60.09,4079.09,One year,DSL,Electronic check,6,No,0,Yes,No,0
CUST_004184,66,36,118.38,4500.79,Month-to-month,Fiber optic,Credit card,1,No,0,No,Yes,1
CUST_004185,21,70,95.36,7278.03,Two year,No,Electronic check,1,Yes,0,No,Yes,0
CUST_004186,50,53,118.5,6752.57,Month-to-month,Fiber optic,Electronic check,1,No,0,No,No,0
CUST_004187,33,3,94.6,282.0,Month-to-month,No,Credit card,3,Yes,1,Yes,No,0
CUST_004188,30,15,80.81,1294.99,Month-to-month,Fiber optic,Bank transfer,3,No,0,Yes,No,1
CUST_004189,20,30,95.42,2994.97,One year,Fiber optic,Credit card,5,No,1,No,No,1
CUST_004190,69,16,85.91,1372.6,Two year,Fiber optic,Electronic check,5,No,1,No,No,0
CUST_004191,42,10,66.41,652.21,Month-to-month,No,Bank transfer,3,No,0,Yes,No,0
CUST_004192,37,71,49.25,3634.4,One year,Fiber optic,Electronic check,2,No,0,Yes,No,0
CUST_004193,60,63,72.02,4148.01,One year,Fiber optic,Electronic check,5,No,1,Yes,No,0
CUST_004194,20,32,45.85,1519.25,Two year,No,Credit card,2,No,0,No,No,0
CUST_004195,50,16,68.67,1081.09,Two year,No,Mailed check,2,No,0,No,No,0
CUST_004196,46,14,34.61,473.1,One year,Fiber optic,Bank transfer,4,No,0,Yes,Yes,0
CUST_004197,49,66,76.54,5021.52,Month-to-month,DSL,Credit card,5,No,0,Yes,No,0
CUST_004198,25,24,44.53,1161.66,Month-to-month,Fiber optic,Credit card,1,No,0,Yes,No,1
CUST_004199,72,1,49.36,54.08,Two year,Fiber optic,Electronic check,3,No,0,Yes,No,0
CUST_004200,31,29,69.9,2220.03,One year,Fiber optic,Electronic check,6,No,0,Yes,Yes,0
CUST_004201,56,33,36.25,1231.19,Month-to-month,Fiber optic,Credit card,3,Yes,0,No,No,0
CUST_004202,60,45,116.24,5553.24,Two year,Fiber optic,Bank transfer,5,Yes,0,No,No,0
CUST_004203,37,25,64.69,1509.43,Two year,DSL,Mailed check,2,Yes,0,Yes,No,0
CUST_004204,25,67,55.23,3721.79,One year,Fiber optic,Electronic check,1,Yes,0,No,No,0
CUST_004205,34,47,22.92,1036.62,Two year,Fiber optic,Electronic check,4,Yes,0,No,Yes,0
CUST_004206,63,72,104.33,7018.09,Month-to-month,Fiber optic,Credit card,1,No,1,No,No,1
CUST_004207,69,27,82.58,2320.6,One year,DSL,Mailed check,2,No,0,Yes,No,0
CUST_004208,71,47,61.64,2612.64,Two year,No,Bank transfer,2,Yes,0,No,No,0
CUST_004209,30,27,44.55,1290.77,Month-to-month,DSL,Electronic check,4,Yes,1,No,No,0
CUST_004210,52,51,94.51,5294.44,Month-to-month,No,Electronic check,4,Yes,0,No,Yes,0
CUST_004211,26,54,114.55,5963.52,One year,Fiber optic,Bank transfer,1,No,0,Yes,No,0
CUST_004212,58,24,58.08,1291.48,Month-to-month,DSL,Credit card,3,No,0,Yes,Yes,0
CUST_004213,41,68,33.49,2409.49,Month-to-month,No,Electronic check,2,No,0,No,No,0
CUST_004214,58,62,30.92,2032.37,Month-to-month,Fiber optic,Electronic check,4,No,0,Yes,No,0
CUST_004215,57,65,20.64,1417.21,Month-to-month,Fiber optic,Bank transfer,4,No,1,No,No,1
CUST_004216,74,16,94.4,1572.52,Month-to-month,No,Electronic check,1,Yes,0,Yes,Yes,1
CUST_004217,45,52,118.14,6498.54,Two year,No,Mailed check,6,No,0,Yes,Yes,1
CUST_004218,37,8,119.28,1023.5,One year,Fiber optic,Bank transfer,2,No,0,Yes,Yes,0
CUST_004219,48,8,98.42,714.04,One year,No,Electronic check,2,No,0,No,Yes,0
CUST_004220,27,71,36.22,2824.45,Month-to-month,DSL,Bank transfer,4,No,1,No,No,0
CUST_004221,24,12,117.77,1488.07,Month-to-month,DSL,Electronic check,3,No,0,No,No,1
CUST_004222,47,63,52.78,3355.05,Month-to-month,DSL,Bank transfer,2,No,0,No,No,0
CUST_004223,65,32,53.36,1673.1,Two year,DSL,Credit card,1,No,0,No,No,0
CUST_004224,48,22,88.73,2142.63,Two year,Fiber optic,Credit card,2,No,0,No,No,0
CUST_004225,62,6,24.9,137.23,Month-to-month,DSL,Bank transfer,1,Yes,0,Yes,Yes,0
CUST_004226,28,49,102.58,5295.99,Two year,Fiber optic,Bank transfer,2,No,0,No,No,0
CUST_004227,43,52,119.73,5772.31,Month-to-month,DSL,Electronic check,2,No,0,No,No,1
CUST_004228,52,34,97.51,3354.59,Month-to-month,Fiber optic,Mailed check,2,No,1,No,No,1
CUST_004229,37,59,98.17,5752.34,One year,Fiber optic,Electronic check,4,No,0,Yes,No,1
CUST_004230,18,24,59.03,1305.52,Month-to-month,DSL,Bank transfer,2,No,0,Yes,Yes,0
CUST_004231,22,40,26.59,995.21,Two year,Fiber optic,Electronic check,4,No,0,No,No,0
CUST_004232,70,21,99.27,2026.92,Month-to-month,Fiber optic,Mailed check,2,No,0,No,No,1
CUST_004233,52,42,79.72,3231.07,One year,Fiber optic,Mailed check,1,No,0,Yes,No,0
CUST_004234,33,10,110.93,1050.48,Month-to-month,No,Bank transfer,1,No,1,No,No,1
CUST_004235,32,35,31.6,1103.01,Month-to-month,No,Electronic check,1,Yes,0,Yes,No,0
CUST_004236,20,40,50.51,2058.76,Month-to-month,DSL,Mailed check,4,No,0,Yes,Yes,0
CUST_004237,71,41,56.07,2397.91,Two year,Fiber optic,Bank transfer,2,Yes,1,No,Yes,0
CUST_004238,24,33,88.33,2811.77,One year,DSL,Credit card,1,No,0,No,No,1
CUST_004239,61,47,98.77,4780.7,One year,Fiber optic,Bank transfer,4,No,0,No,No,0
CUST_004240,31,37,116.1,4388.58,Month-to-month,Fiber optic,Electronic check,1,Yes,0,Yes,Yes,1
CUST_004241,37,21,49.54,1082.68,Month-to-month,Fiber optic,Credit card,2,No,0,Yes,No,0
CUST_004242,33,16,69.36,1211.02,Month-to-month,No,Electronic check,2,Yes,1,No,No,1
CUST_004243,64,47,22.9,1162.6,Two year,Fiber optic,Electronic check,4,Yes,0,Yes,No,0
CUST_004244,19,68,45.3,3288.29,Month-to-month,Fiber optic,Electronic check,4,Yes,0,Yes,Yes,0
CUST_004245,38,55,57.4,3290.06,Month-to-month,Fiber optic,Mailed check,2,Yes,0,No,No,0
CUST_004246,33,46,79.38,3491.82,One year,DSL,Bank transfer,2,No,0,No,No,0
CUST_004247,33,67,67.08,4176.9,One year,DSL,Mailed check,5,No,0,No,Yes,0
CUST_004248,28,65,56.45,3812.28,Month-to-month,Fiber optic,Credit card,5,No,0,No,No,0
CUST_004249,70,37,82.41,3103.53,Month-to-month,Fiber optic,Bank transfer,2,No,0,Yes,No,0
CUST_004250,39,8,102.86,833.91,Month-to-month,DSL,Electronic check,2,No,0,No,Yes,1
CUST_004251,41,46,44.17,2116.22,One year,Fiber optic,Mailed check,3,No,0,Yes,No,1
CUST_004252,39,45,54.29,2505.91,Month-to-month,DSL,Bank transfer,7,No,0,Yes,No,0
CUST_004253,73,20,90.49,1712.28,One year,Fiber optic,Mailed check,5,Yes,0,Yes,No,1
CUST_004254,37,62,97.79,6564.26,Month-to-month,Fiber optic,Mailed check,2,No,1,Yes,Yes,0
CUST_004255,37,63,102.54,6951.92,Two year,DSL,Mailed check,1,No,0,Yes,Yes,0
CUST_004256,36,24,40.93,908.84,Two year,DSL,Mailed check,3,No,0,No,No,1
CUST_004257,36,35,73.93,2637.12,Month-to-month,DSL,Electronic check,0,No,0,No,Yes,0
CUST_004258,23,15,110.0,1785.23,Month-to-month,Fiber optic,Credit card,1,No,0,Yes,No,1
CUST_004259,52,13,59.2,795.38,Month-to-month,No,Electronic check,2,No,0,Yes,No,0
CUST_004260,19,20,62.99,1265.67,Two year,DSL,Electronic check,1,Yes,0,Yes,Yes,0
CUST_004261,30,27,118.48,3463.27,Month-to-month,Fiber optic,Bank transfer,3,No,0,No,No,1
CUST_004262,29,20,31.31,660.15,One year,Fiber optic,Credit card,6,No,0,No,No,1
CUST_004263,34,11,90.56,1027.51,Month-to-month,Fiber optic,Bank transfer,2,No,0,No,No,0
CUST_004264,61,33,105.02,3418.78,Month-to-month,DSL,Mailed check,3,No,0,Yes,Yes,1
CUST_004265,52,45,35.08,1665.78,One year,DSL,Credit card,1,Yes,0,No,Yes,0
CUST_004266,74,24,91.45,2357.59,One year,No,Mailed check,1,Yes,0,No,Yes,1
CUST_004267,38,39,66.97,2436.49,Two year,No,Mailed check,5,No,0,No,No,0
CUST_004268,70,20,105.29,2188.71,Two year,Fiber optic,Bank transfer,1,No,1,No,No,0
CUST_004269,20,51,110.75,5871.98,One year,Fiber optic,Mailed check,4,No,0,No,No,0
CUST_004270,46,47,107.25,4684.57,Month-to-month,DSL,Bank transfer,4,No,0,Yes,Yes,0
CUST_004271,63,70,26.44,1979.57,Two year,DSL,Credit card,1,No,0,Yes,Yes,0
CUST_004272,48,4,95.69,410.74,Two year,DSL,Electronic check,3,Yes,0,No,No,0
CUST_004273,71,62,112.15,6446.02,Two year,Fiber optic,Electronic check,2,Yes,0,Yes,Yes,0
CUST_004274,35,25,82.13,2148.5,Two year,DSL,Mailed check,5,No,1,No,Yes,0
CUST_004275,19,5,80.09,379.26,Month-to-month,DSL,Mailed check,1,No,0,No,No,1
CUST_004276,62,50,24.5,1159.13,One year,DSL,Bank transfer,0,No,0,Yes,No,0
CUST_004277,21,13,105.6,1270.2,One year,DSL,Credit card,4,No,0,Yes,Yes,1
CUST_004278,61,13,24.64,332.31,Month-to-month,Fiber optic,Bank transfer,1,Yes,0,No,No,0
CUST_004279,59,71,51.35,3943.05,One year,Fiber optic,Credit card,2,Yes,0,Yes,No,0
CUST_004280,66,16,112.59,1828.22,Month-to-month,Fiber optic,Electronic check,3,No,0,Yes,No,1
CUST_004281,45,40,114.97,4376.6,Month-to-month,Fiber optic,Electronic check,2,Yes,0,Yes,Yes,1
CUST_004282,69,15,119.19,1676.73,Month-to-month,Fiber optic,Electronic check,2,Yes,0,Yes,No,1
CUST_004283,27,9,67.64,568.26,One year,Fiber optic,Bank transfer,1,No,0,Yes,No,0
CUST_004284,42,1,37.74,35.51,One year,DSL,Electronic check,4,No,1,No,No,0
CUST_004285,24,2,68.79,139.05,Month-to-month,DSL,Electronic check,4,No,0,No,No,0
CUST_004286,61,35,30.23,1162.79,Month-to-month,No,Mailed check,2,No,0,Yes,No,0
CUST_004287,58,32,107.25,3730.39,One year,Fiber optic,Electronic check,1,No,0,Yes,No,0
CUST_004288,63,3,76.05,209.62,Month-to-month,Fiber optic,Bank transfer,2,No,1,No,No,1
CUST_004289,61,26,60.45,1477.95,Month-to-month,DSL,Credit card,1,No,1,No,Yes,0
CUST_004290,35,20,27.95,579.28,Month-to-month,DSL,Electronic check,3,Yes,0,Yes,Yes,0
CUST_004291,21,42,60.52,2638.27,Two year,DSL,Mailed check,2,No,0,No,No,0
CUST_004292,70,72,106.62,7231.75,Month-to-month,No,Electronic check,4,No,0,No,Yes,1
CUST_004293,46,50,90.34,4929.3,One year,Fiber optic,Electronic check,1,No,0,No,No,0
CUST_004294,23,67,28.25,1925.67,Two year,DSL,Electronic check,5,No,0,Yes,No,0
CUST_004295,70,14,35.99,506.77,Month-to-month,DSL,Bank transfer,2,No,0,No,No,0
CUST_004296,74,16,59.23,1008.87,Two year,DSL,Bank transfer,0,Yes,1,No,No,0
CUST_004297,43,55,30.14,1616.35,Month-to-month,DSL,Bank transfer,3,No,0,No,No,0
CUST_004298,61,23,113.4,2720.08,Month-to-month,Fiber optic,Credit card,2,No,0,No,No,0
CUST_004299,20,62,85.23,5726.39,Month-to-month,Fiber optic,Electronic check,1,Yes,0,Yes,No,0
CUST_004300,23,34,29.48,1092.37,One year,No,Bank transfer,2,No,0,Yes,Yes,0
CUST_004301,33,15,98.81,1345.73,Two year,Fiber optic,Bank transfer,1,No,0,No,No,1
CUST_004302,55,61,56.84,3171.01,One year,No,Electronic check,1,No,0,No,Yes,0
CUST_004303,25,40,44.49,1853.74,One year,No,Electronic check,2,No,0,No,No,0
CUST_004304,19,58,77.0,4023.37,Month-to-month,No,Electronic check,1,No,0,Yes,No,0
CUST_004305,56,33,21.34,727.21,Two year,No,Electronic check,2,No,0,No,No,0
CUST_004306,61,10,66.54,708.29,Month-to-month,DSL,Electronic check,4,Yes,0,Yes,Yes,1
CUST_004307,60,50,104.38,4790.96,Month-to-month,DSL,Electronic check,3,No,1,No,No,1
CUST_004308,63,9,112.81,918.52,Two year,DSL,Credit card,1,Yes,0,No,No,1
CUST_004309,63,48,54.26,2608.92,Month-to-month,Fiber optic,Credit card,2,Yes,0,Yes,Yes,0
CUST_004310,52,31,84.24,2865.96,Month-to-month,Fiber optic,Bank transfer,5,Yes,0,Yes,No,0
CUST_004311,47,57,42.68,2449.78,Month-to-month,DSL,Bank transfer,2,Yes,0,Yes,No,0
CUST_004312,66,63,76.02,5244.43,Month-to-month,No,Credit card,3,No,1,Yes,No,1
CUST_004313,37,30,45.4,1416.94,Two year,Fiber optic,Mailed check,0,Yes,0,Yes,No,0
CUST_004314,23,64,77.14,4741.89,Month-to-month,Fiber optic,Mailed check,4,Yes,1,No,Yes,0
CUST_004315,60,8,37.17,281.99,Two year,Fiber optic,Bank transfer,2,No,0,Yes,Yes,0
CUST_004316,33,8,114.12,932.28,Month-to-month,DSL,Credit card,4,No,0,No,No,1
CUST_004317,73,72,108.69,7563.59,One year,Fiber optic,Bank transfer,2,No,1,Yes,Yes,0
CUST_004318,41,42,53.69,2137.14,One year,DSL,Electronic check,0,No,0,No,No,0
CUST_004319,66,33,97.67,3155.08,One year,Fiber optic,Bank transfer,4,No,0,No,Yes,1
CUST_004320,20,12,29.55,356.92,Month-to-month,DSL,Electronic check,0,No,0,Yes,Yes,0
CUST_004321,55,21,94.04,2142.09,One year,DSL,Electronic check,3,No,1,Yes,No,1
CUST_004322,43,50,48.25,2632.36,One year,Fiber optic,Mailed check,1,No,0,No,No,0
CUST_004323,44,60,33.56,2106.37,Two year,Fiber optic,Bank transfer,3,No,1,Yes,No,0
CUST_004324,33,66,87.82,5496.79,Month-to-month,Fiber optic,Electronic check,2,Yes,0,Yes,Yes,0
CUST_004325,73,30,66.98,1993.64,Month-to-month,No,Electronic check,6,Yes,0,No,Yes,0
CUST_004326,40,33,73.01,2215.67,One year,DSL,Bank transfer,1,No,0,Yes,No,0
CUST_004327,66,12,72.05,876.78,Month-to-month,No,Electronic check,3,Yes,0,Yes,No,0
CUST_004328,42,6,25.94,160.02,Month-to-month,DSL,Credit card,0,Yes,0,Yes,No,0
CUST_004329,20,32,25.14,787.99,Two year,DSL,Mailed check,2,No,0,No,No,0
CUST_004330,68,42,80.12,3175.72,Month-to-month,No,Bank transfer,2,No,0,No,No,1
CUST_004331,28,8,82.39,723.35,Month-to-month,Fiber optic,Electronic check,5,No,0,Yes,No,1
CUST_004332,33,30,24.72,673.32,One year,Fiber optic,Credit card,0,No,0,No,No,0
CUST_004333,67,47,57.84,2844.32,Month-to-month,Fiber optic,Credit card,2,Yes,1,Yes,Yes,0
CUST_004334,68,59,81.29,4975.97,Month-to-month,Fiber optic,Electronic check,4,No,0,No,No,0
CUST_004335,70,68,85.67,5896.31,Month-to-month,Fiber optic,Bank transfer,1,Yes,1,No,Yes,0
CUST_004336,42,25,102.83,2409.87,Month-to-month,DSL,Bank transfer,1,Yes,0,Yes,No,0
CUST_004337,61,29,62.07,1927.52,Month-to-month,Fiber optic,Electronic check,1,No,0,Yes,Yes,0
CUST_004338,36,63,74.83,4818.36,Two year,No,Bank transfer,2,No,0,No,No,0
CUST_004339,60,50,77.86,4031.67,Month-to-month,No,Credit card,0,Yes,0,No,No,0
CUST_004340,46,20,51.2,1066.79,Month-to-month,Fiber optic,Mailed check,3,No,0,No,Yes,0
CUST_004341,20,50,25.38,1172.63,One year,Fiber optic,Credit card,2,No,1,Yes,No,0
CUST_004342,41,12,20.42,243.39,Month-to-month,Fiber optic,Electronic check,2,No,0,Yes,No,1
CUST_004343,44,33,103.61,3617.05,Month-to-month,Fiber optic,Credit card,4,Yes,1,Yes,Yes,1
CUST_004344,32,23,40.02,901.66,Month-to-month,No,Credit card,3,Yes,0,No,No,1
CUST_004345,39,72,83.03,6254.85,Month-to-month,Fiber optic,Electronic check,4,No,1,No,Yes,0
CUST_004346,46,3,77.7,227.31,Month-to-month,Fiber optic,Mailed check,6,No,1,Yes,No,1
CUST_004347,20,62,59.96,3943.24,Month-to-month,Fiber optic,Bank transfer,7,No,1,No,No,1
CUST_004348,26,21,103.35,2320.37,Two year,DSL,Credit card,0,Yes,0,No,No,0
CUST_004349,61,3,89.84,287.51,Two year,No,Electronic check,1,No,1,No,No,0
CUST_004350,38,48,22.27,1101.69,Two year,No,Electronic check,3,Yes,0,No,No,0
CUST_004351,52,49,97.67,4790.02,Month-to-month,DSL,Bank transfer,0,Yes,0,No,No,1
CUST_004352,50,11,70.7,832.86,One year,DSL,Mailed check,4,Yes,1,No,No,0
CUST_004353,49,3,54.7,160.14,One year,Fiber optic,Bank transfer,6,No,0,Yes,Yes,0
CUST_004354,41,9,92.69,911.34,Month-to-month,DSL,Bank transfer,5,No,1,No,Yes,1
CUST_004355,45,30,88.61,2834.32,Two year,No,Credit card,2,Yes,0,No,Yes,0
CUST_004356,64,10,51.06,487.0,One year,DSL,Electronic check,3,No,0,No,Yes,0
CUST_004357,73,51,118.3,5883.41,Month-to-month,DSL,Credit card,5,Yes,0,No,No,0
CUST_004358,32,6,84.87,549.54,Two year,DSL,Bank transfer,1,No,0,Yes,No,1
CUST_004359,56,57,80.58,4365.8,Month-to-month,Fiber optic,Credit card,1,No,0,No,No,0
CUST_004360,73,63,26.99,1558.26,Month-to-month,Fiber optic,Electronic check,3,Yes,0,Yes,Yes,0
CUST_004361,18,52,47.93,2282.17,Month-to-month,No,Bank transfer,3,Yes,0,No,No,0
CUST_004362,62,68,64.7,4722.08,Month-to-month,No,Credit card,4,Yes,0,No,Yes,0
CUST_004363,46,68,83.06,5502.48,Two year,Fiber optic,Bank transfer,1,No,0,No,No,0
CUST_004364,73,4,71.28,268.65,One year,DSL,Electronic check,3,No,0,Yes,No,0
CUST_004365,50,25,96.3,2295.39,Month-to-month,DSL,Mailed check,1,Yes,0,Yes,No,1
CUST_004366,65,55,46.26,2591.49,One year,No,Electronic check,2,Yes,0,No,Yes,0
CUST_004367,27,25,90.22,2218.89,Two year,DSL,Electronic check,2,Yes,0,Yes,No,0
CUST_004368,26,54,101.66,5097.16,Two year,No,Bank transfer,4,No,0,No,No,0
CUST_004369,70,56,96.5,5395.15,Two year,No,Credit card,2,No,0,Yes,No,0
CUST_004370,48,72,97.08,7204.52,Two year,Fiber optic,Bank transfer,2,No,0,No,Yes,0
CUST_004371,49,24,108.85,2557.42,One year,Fiber optic,Electronic check,2,Yes,0,Yes,No,0
CUST_004372,27,26,28.42,756.19,Month-to-month,No,Electronic check,2,No,1,No,No,0
CUST_004373,30,2,89.72,186.69,Two year,Fiber optic,Mailed check,2,No,0,Yes,Yes,0
CUST_004374,64,21,116.87,2528.17,Month-to-month,Fiber optic,Electronic check,7,No,0,No,No,1
CUST_004375,35,21,77.37,1508.57,Month-to-month,Fiber optic,Credit card,2,No,0,No,No,0
CUST_004376,51,33,41.73,1359.56,Month-to-month,Fiber optic,Electronic check,2,No,0,No,Yes,0
CUST_004377,36,31,119.88,4020.37,Month-to-month,Fiber optic,Electronic check,1,No,0,Yes,Yes,1
CUST_004378,33,62,37.47,2164.54,One year,No,Bank transfer,5,Yes,0,No,No,0
CUST_004379,27,56,53.56,3224.31,Two year,Fiber optic,Electronic check,2,No,0,Yes,No,0
CUST_004380,70,53,37.21,1951.01,Month-to-month,Fiber optic,Mailed check,2,Yes,0,Yes,No,0
CUST_004381,71,1,66.45,67.82,One year,DSL,Mailed check,2,Yes,0,Yes,No,1
CUST_004382,24,34,61.89,2026.33,Month-to-month,No,Electronic check,2,No,0,No,No,0
CUST_004383,38,53,69.12,3829.75,One year,Fiber optic,Bank transfer,0,No,0,No,Yes,0
CUST_004384,50,18,112.8,1900.08,Month-to-month,Fiber optic,Mailed check,4,No,0,Yes,Yes,0
CUST_004385,39,31,67.83,2213.23,Month-to-month,DSL,Bank transfer,5,No,0,No,No,1
CUST_004386,59,53,71.46,3516.82,One year,No,Electronic check,1,No,0,Yes,Yes,0
CUST_004387,32,58,108.67,5889.82,Month-to-month,Fiber optic,Mailed check,2,No,0,No,No,1
CUST_004388,21,62,101.78,5690.14,Month-to-month,Fiber optic,Bank transfer,2,No,0,No,No,0
CUST_004389,37,31,43.97,1462.08,Month-to-month,DSL,Electronic check,2,No,0,No,Yes,0
CUST_004390,52,29,21.29,659.91,Month-to-month,DSL,Electronic check,2,Yes,0,Yes,No,0
CUST_004391,28,28,82.95,2271.94,One year,DSL,Electronic check,1,No,0,No,No,0
CUST_004392,64,49,104.48,4610.78,Month-to-month,DSL,Electronic check,1,No,0,No,No,1
CUST_004393,18,31,75.29,2536.15,Month-to-month,Fiber optic,Electronic check,4,Yes,0,No,Yes,0
CUST_004394,21,29,41.12,1114.1,Two year,Fiber optic,Credit card,1,No,0,No,No,0
CUST_004395,47,13,94.14,1137.93,One year,Fiber optic,Mailed check,3,Yes,0,Yes,Yes,0
CUST_004396,47,35,86.95,2867.46,Month-to-month,Fiber optic,Mailed check,3,No,0,No,No,0
CUST_004397,34,18,76.5,1310.15,One year,Fiber optic,Electronic check,3,No,0,No,No,1
CUST_004398,32,38,106.33,4389.08,Month-to-month,DSL,Electronic check,2,Yes,0,Yes,Yes,0
CUST_004399,21,64,98.42,6460.19,Month-to-month,No,Bank transfer,2,No,1,No,No,0
CUST_004400,55,56,86.8,4706.36,One year,Fiber optic,Bank transfer,2,No,1,Yes,No,0
CUST_004401,39,35,86.48,3186.56,Month-to-month,Fiber optic,Credit card,6,Yes,0,Yes,No,1
CUST_004402,24,71,86.22,6455.79,Month-to-month,No,Electronic check,2,No,1,Yes,Yes,0
CUST_004403,40,71,72.52,4887.75,Two year,Fiber optic,Electronic check,4,No,0,Yes,Yes,1
CUST_004404,71,32,66.39,1986.11,One year,Fiber optic,Bank transfer,0,Yes,1,No,No,0
CUST_004405,32,55,90.96,4655.17,Two year,Fiber optic,Electronic check,3,No,1,No,No,0
CUST_004406,68,25,81.05,1968.07,Two year,No,Electronic check,1,Yes,0,Yes,No,0
CUST_004407,32,64,69.0,3999.32,Month-to-month,No,Electronic check,2,Yes,0,Yes,No,0
CUST_004408,28,27,32.67,871.68,One year,DSL,Electronic check,2,No,0,Yes,Yes,0
CUST_004409,32,19,90.19,1611.19,Month-to-month,Fiber optic,Credit card,2,Yes,0,No,No,1
CUST_004410,36,10,84.6,891.24,One year,No,Credit card,0,No,0,Yes,Yes,0
CUST_004411,24,61,54.22,3194.81,Month-to-month,No,Bank transfer,1,Yes,0,No,No,0
CUST_004412,51,22,55.63,1260.82,Month-to-month,DSL,Mailed check,4,No,0,Yes,No,0
CUST_004413,37,59,44.67,2731.67,Month-to-month,Fiber optic,Bank transfer,3,Yes,0,No,No,1
CUST_004414,58,7,116.19,861.39,One year,Fiber optic,Bank transfer,1,No,0,No,No,1
CUST_004415,45,37,106.02,3903.32,Month-to-month,DSL,Bank transfer,4,No,0,No,No,1
CUST_004416,43,31,76.1,2311.86,One year,Fiber optic,Mailed check,0,Yes,0,No,No,0
CUST_004417,44,32,60.17,1831.94,Two year,Fiber optic,Credit card,3,Yes,0,No,No,0
CUST_004418,26,13,93.68,1098.4,One year,DSL,Electronic check,3,No,0,Yes,No,1
CUST_004419,58,6,72.77,406.71,Month-to-month,DSL,Bank transfer,5,No,0,No,No,1
CUST_004420,23,25,117.59,2776.33,Month-to-month,No,Credit card,1,No,0,Yes,Yes,0
CUST_004421,59,34,25.51,894.8,Two year,No,Credit card,3,No,0,No,No,0
CUST_004422,74,58,23.43,1438.03,One year,No,Credit card,0,No,0,No,No,0
CUST_004423,61,34,76.86,2591.71,Month-to-month,No,Mailed check,4,Yes,0,No,No,0
CUST_004424,43,18,40.33,772.66,Two year,No,Bank transfer,3,No,0,No,No,0
CUST_004425,35,19,80.43,1489.6,Month-to-month,Fiber optic,Electronic check,2,Yes,0,Yes,No,1
CUST_004426,67,45,98.14,4552.59,Month-to-month,DSL,Bank transfer,3,No,0,Yes,Yes,0
CUST_004427,32,32,33.81,1094.29,Month-to-month,No,Electronic check,1,No,0,Yes,Yes,0
CUST_004428,45,65,64.06,3872.6,Month-to-month,Fiber optic,Mailed check,5,Yes,0,Yes,Yes,0
CUST_004429,61,32,88.87,2822.29,Month-to-month,Fiber optic,Credit card,5,Yes,0,No,Yes,0
CUST_004430,70,41,103.39,4635.48,One year,No,Credit card,3,No,0,Yes,Yes,0
CUST_004431,70,5,69.63,323.78,Month-to-month,DSL,Mailed check,4,No,1,Yes,No,0
CUST_004432,23,14,40.62,557.96,One year,No,Electronic check,3,No,0,Yes,No,0
CUST_004433,69,62,78.58,4708.68,Two year,Fiber optic,Mailed check,3,No,1,Yes,No,0
CUST_004434,24,25,65.45,1716.83,Two year,DSL,Electronic check,0,Yes,0,Yes,No,0
CUST_004435,51,31,97.19,2734.81,Month-to-month,No,Electronic check,3,No,0,No,No,1
CUST_004436,70,43,75.56,3218.6,One year,Fiber optic,Credit card,5,Yes,0,Yes,No,0
CUST_004437,55,5,47.94,228.41,Month-to-month,Fiber optic,Mailed check,1,No,0,No,No,1
CUST_004438,72,37,95.44,3388.46,One year,Fiber optic,Electronic check,3,Yes,0,Yes,No,0
CUST_004439,37,25,71.77,1760.97,Month-to-month,DSL,Bank transfer,2,Yes,0,Yes,No,0
CUST_004440,35,11,37.75,397.95,One year,DSL,Electronic check,2,No,0,Yes,No,0
CUST_004441,36,31,76.31,2397.66,Month-to-month,DSL,Mailed check,3,No,0,Yes,No,1
CUST_004442,38,33,114.83,3628.1,One year,DSL,Electronic check,7,No,0,No,No,1
CUST_004443,56,14,90.55,1373.51,Month-to-month,DSL,Electronic check,5,No,0,No,No,1
CUST_004444,43,40,49.88,1974.22,Month-to-month,Fiber optic,Mailed check,3,No,1,Yes,No,0
CUST_004445,60,54,91.09,4579.54,One year,DSL,Bank transfer,6,No,0,No,No,0
CUST_004446,41,20,48.26,924.49,Month-to-month,Fiber optic,Mailed check,3,No,0,No,No,0
CUST_004447,35,70,74.27,5508.02,One year,DSL,Credit card,2,No,0,No,No,1
CUST_004448,28,45,72.66,3013.96,One year,DSL,Credit card,1,Yes,0,Yes,No,0
CUST_004449,49,56,44.74,2445.17,One year,No,Credit card,5,Yes,1,Yes,No,0
CUST_004450,69,6,54.79,358.25,One year,No,Credit card,7,No,0,Yes,No,0
CUST_004451,66,56,114.22,5758.19,One year,No,Credit card,3,Yes,0,Yes,Yes,0
CUST_004452,32,25,45.06,1232.67,Two year,DSL,Credit card,2,Yes,0,No,No,0
CUST_004453,45,52,100.1,5058.5,Month-to-month,Fiber optic,Electronic check,2,Yes,1,Yes,No,0
CUST_004454,58,58,86.74,4740.2,One year,DSL,Electronic check,4,Yes,0,Yes,No,0
CUST_004455,52,19,73.26,1482.56,One year,Fiber optic,Bank transfer,5,No,0,No,No,1
CUST_004456,21,19,33.75,637.31,Month-to-month,No,Credit card,3,Yes,0,No,No,0
CUST_004457,51,5,40.46,186.34,Month-to-month,Fiber optic,Credit card,3,Yes,0,No,No,0
CUST_004458,20,44,37.9,1723.23,Month-to-month,No,Bank transfer,3,No,1,Yes,No,0
CUST_004459,24,56,78.68,4651.1,One year,Fiber optic,Credit card,2,No,0,Yes,No,0
CUST_004460,55,30,117.34,3485.66,Month-to-month,DSL,Bank transfer,1,No,0,Yes,No,1
CUST_004461,23,12,107.72,1348.09,One year,DSL,Bank transfer,3,No,0,No,No,1
CUST_004462,37,23,22.53,477.48,One year,No,Electronic check,2,Yes,0,Yes,Yes,0
CUST_004463,51,30,47.37,1288.04,One year,Fiber optic,Mailed check,2,No,1,No,Yes,0
CUST_004464,55,66,35.73,2225.63,Month-to-month,DSL,Electronic check,4,No,0,No,No,0
CUST_004465,43,9,117.57,1159.89,One year,DSL,Electronic check,3,No,0,No,No,0
CUST_004466,23,25,43.56,1018.31,One year,No,Mailed check,3,No,0,No,No,0
CUST_004467,63,46,40.13,2000.93,Month-to-month,DSL,Electronic check,3,No,0,No,No,0
CUST_004468,72,18,82.09,1417.66,Month-to-month,No,Credit card,2,Yes,0,No,No,0
CUST_004469,68,64,75.62,4831.58,Month-to-month,Fiber optic,Mailed check,1,No,0,Yes,No,0
CUST_004470,60,66,42.59,2925.74,Two year,DSL,Bank transfer,4,No,0,Yes,No,0
CUST_004471,40,28,87.04,2276.22,Month-to-month,Fiber optic,Electronic check,1,No,0,No,No,1
CUST_004472,67,54,29.7,1507.46,Month-to-month,Fiber optic,Credit card,4,Yes,0,Yes,No,0
CUST_004473,45,55,21.94,1147.11,Month-to-month,Fiber optic,Mailed check,3,Yes,0,No,No,0
CUST_004474,25,50,28.24,1405.52,Month-to-month,DSL,Bank transfer,2,Yes,0,Yes,No,0
CUST_004475,66,14,56.49,766.51,Month-to-month,DSL,Bank transfer,4,No,0,Yes,No,1
CUST_004476,36,4,117.5,431.08,One year,No,Mailed check,1,No,0,Yes,No,0
CUST_004477,71,26,74.72,1852.29,Month-to-month,Fiber optic,Bank transfer,3,Yes,0,No,No,1
CUST_004478,38,10,95.47,1017.22,Two year,Fiber optic,Bank transfer,3,No,0,No,No,1
CUST_004479,67,22,52.15,1151.1,Month-to-month,DSL,Credit card,3,No,0,No,No,0
CUST_004480,48,46,91.93,4607.19,Month-to-month,Fiber optic,Electronic check,4,Yes,0,No,No,1
CUST_004481,44,43,116.62,4791.39,One year,Fiber optic,Credit card,1,Yes,0,No,No,0
CUST_004482,34,16,55.78,850.0,One year,DSL,Mailed check,6,No,0,Yes,No,0
CUST_004483,65,2,119.91,236.26,Two year,No,Electronic check,0,No,1,No,No,1
CUST_004484,21,17,83.84,1305.39,Month-to-month,No,Electronic check,3,No,0,Yes,Yes,1
CUST_004485,44,33,94.86,3015.34,Month-to-month,DSL,Mailed check,1,No,0,No,Yes,0
CUST_004486,39,57,45.22,2505.61,One year,No,Electronic check,5,No,0,No,Yes,0
CUST_004487,48,27,84.31,2331.75,Month-to-month,Fiber optic,Credit card,3,Yes,1,No,No,0
CUST_004488,32,21,71.1,1386.19,Two year,Fiber optic,Bank transfer,4,Yes,0,No,No,0
CUST_004489,55,40,115.64,4985.15,Month-to-month,DSL,Credit card,3,Yes,0,No,Yes,1
CUST_004490,39,6,110.47,712.69,Month-to-month,No,Electronic check,3,No,0,Yes,No,1
CUST_004491,28,17,59.67,1020.43,One year,Fiber optic,Bank transfer,1,Yes,1,Yes,No,0
CUST_004492,29,3,114.69,338.62,One year,No,Electronic check,2,No,0,No,No,1
CUST_004493,57,38,108.48,4285.93,Two year,DSL,Mailed check,0,Yes,1,No,No,0
CUST_004494,32,32,79.04,2379.5,Two year,DSL,Mailed check,0,No,0,Yes,No,0
CUST_004495,35,42,28.21,1199.98,Month-to-month,No,Bank transfer,5,No,0,Yes,No,0
CUST_004496,53,45,36.08,1554.48,One year,Fiber optic,Bank transfer,4,No,0,No,No,0
CUST_004497,36,29,27.69,870.92,Two year,DSL,Electronic check,3,No,0,Yes,No,0
CUST_004498,40,63,30.8,1932.82,Month-to-month,No,Electronic check,6,Yes,0,Yes,Yes,0
CUST_004499,31,67,117.7,7895.44,Month-to-month,DSL,Mailed check,0,Yes,0,No,Yes,1
CUST_004500,37,8,41.22,347.08,Two year,No,Electronic check,3,No,0,Yes,Yes,0
CUST_004501,57,67,89.09,6308.45,Month-to-month,No,Bank transfer,2,Yes,0,No,Yes,0
CUST_004502,48,15,83.65,1188.33,Two year,DSL,Mailed check,3,No,0,No,No,0
CUST_004503,74,18,83.11,1528.78,Month-to-month,Fiber optic,Credit card,2,No,0,Yes,No,1
CUST_004504,61,39,40.67,1702.22,Two year,No,Credit card,1,Yes,0,Yes,No,0
CUST_004505,18,3,77.93,229.73,One year,No,Mailed check,2,Yes,0,Yes,No,1
CUST_004506,39,27,82.55,2055.5,One year,Fiber optic,Credit card,0,Yes,0,No,No,0
CUST_004507,34,15,77.04,1240.76,One year,Fiber optic,Bank transfer,2,No,1,Yes,No,0
CUST_004508,51,35,38.62,1458.72,Month-to-month,Fiber optic,Electronic check,0,Yes,0,No,No,0
CUST_004509,33,59,92.31,5068.4,One year,DSL,Credit card,2,No,0,No,No,0
CUST_004510,73,67,27.32,1726.07,Two year,Fiber optic,Mailed check,5,No,0,Yes,No,0
CUST_004511,35,16,79.12,1199.88,Two year,DSL,Bank transfer,1,No,0,Yes,No,0
CUST_004512,47,40,63.63,2715.71,Two year,DSL,Bank transfer,1,No,0,Yes,No,0
CUST_004513,25,35,45.03,1719.72,One year,Fiber optic,Credit card,5,Yes,0,No,No,0
CUST_004514,69,30,100.74,2958.69,One year,No,Bank transfer,2,No,0,No,No,0
CUST_004515,69,46,37.59,1879.35,One year,DSL,Credit card,2,Yes,0,No,No,0
CUST_004516,63,72,113.3,7375.52,One year,DSL,Electronic check,7,No,0,Yes,No,0
CUST_004517,38,30,108.46,3186.44,One year,DSL,Credit card,1,No,1,No,Yes,0
CUST_004518,21,5,56.06,258.78,Month-to-month,DSL,Bank transfer,4,Yes,1,No,No,1
CUST_004519,58,66,50.52,3658.05,Month-to-month,No,Bank transfer,1,No,0,No,No,0
CUST_004520,42,68,33.75,2155.66,One year,Fiber optic,Credit card,4,No,0,No,No,0
CUST_004521,74,24,111.63,2911.81,Month-to-month,DSL,Electronic check,5,Yes,0,Yes,Yes,0
CUST_004522,57,37,82.75,3231.11,Month-to-month,No,Electronic check,2,No,1,Yes,No,0
CUST_004523,48,63,23.18,1574.47,Month-to-month,DSL,Credit card,2,Yes,0,No,Yes,0
CUST_004524,74,37,71.1,2634.97,Two year,Fiber optic,Credit card,6,No,0,No,No,0
CUST_004525,63,35,28.58,1002.67,Two year,No,Bank transfer,2,No,0,Yes,No,0
CUST_004526,44,67,77.38,4819.01,One year,Fiber optic,Mailed check,2,No,0,No,No,0
CUST_004527,19,60,70.9,3934.79,Two year,DSL,Electronic check,1,No,0,No,No,0
CUST_004528,23,37,28.28,1080.02,Two year,Fiber optic,Mailed check,1,No,0,Yes,Yes,0
CUST_004529,43,12,101.59,1164.11,Month-to-month,Fiber optic,Mailed check,1,Yes,0,Yes,No,1
CUST_004530,50,32,46.23,1471.89,Month-to-month,Fiber optic,Credit card,5,Yes,0,Yes,No,0
CUST_004531,19,49,74.15,3359.14,Month-to-month,DSL,Bank transfer,2,Yes,0,No,Yes,0
CUST_004532,25,20,83.9,1708.01,Month-to-month,No,Mailed check,2,No,1,No,No,1
CUST_004533,58,39,116.23,4150.2,One year,Fiber optic,Mailed check,1,No,0,No,Yes,1
CUST_004534,60,48,69.38,3113.24,Month-to-month,Fiber optic,Credit card,1,Yes,0,Yes,No,0
CUST_004535,19,7,111.73,726.89,Two year,No,Bank transfer,1,No,0,Yes,Yes,0
CUST_004536,46,42,55.49,2161.67,One year,No,Electronic check,3,No,0,Yes,No,0
CUST_004537,22,54,105.74,5852.95,Month-to-month,Fiber optic,Mailed check,2,No,0,Yes,No,1
CUST_004538,59,16,43.58,632.65,Two year,DSL,Mailed check,3,No,0,No,No,0
CUST_004539,65,40,90.75,3755.81,Two year,DSL,Electronic check,5,Yes,0,No,No,1
CUST_004540,67,52,28.86,1552.89,One year,Fiber optic,Bank transfer,4,Yes,0,No,No,0
CUST_004541,52,4,118.61,445.92,One year,DSL,Electronic check,2,No,0,No,No,1
CUST_004542,53,47,115.39,5394.1,Two year,Fiber optic,Mailed check,3,No,0,Yes,No,0
CUST_004543,70,19,64.22,1141.12,One year,Fiber optic,Mailed check,4,No,0,Yes,Yes,0
CUST_004544,52,29,72.39,2014.56,Two year,Fiber optic,Mailed check,1,Yes,0,No,Yes,0
CUST_004545,43,47,79.78,3958.15,Month-to-month,DSL,Bank transfer,3,No,0,No,No,0
CUST_004546,61,1,47.5,47.56,One year,No,Bank transfer,3,Yes,1,Yes,No,0
CUST_004547,51,2,87.45,191.16,Month-to-month,Fiber optic,Electronic check,2,No,0,No,No,1
CUST_004548,66,33,89.86,3225.27,Month-to-month,Fiber optic,Electronic check,0,No,0,No,No,0
CUST_004549,47,69,72.51,4719.74,Month-to-month,Fiber optic,Bank transfer,3,Yes,0,No,No,0
CUST_004550,67,1,34.77,36.95,Month-to-month,DSL,Credit card,4,Yes,0,Yes,No,1
CUST_004551,20,57,111.92,6178.03,Month-to-month,Fiber optic,Electronic check,4,No,0,Yes,No,1
CUST_004552,20,6,31.5,184.59,Month-to-month,DSL,Electronic check,2,No,0,No,Yes,0
CUST_004553,23,36,82.92,3042.17,Month-to-month,Fiber optic,Credit card,6,No,1,Yes,No,1
CUST_004554,49,32,30.31,970.75,Two year,DSL,Electronic check,2,No,0,Yes,Yes,0
CUST_004555,58,34,34.61,1279.21,One year,DSL,Credit card,2,No,1,No,Yes,0
CUST_004556,30,6,22.05,143.03,One year,DSL,Credit card,5,No,0,Yes,No,0
CUST_004557,26,55,56.34,3066.36,Month-to-month,DSL,Electronic check,0,No,0,Yes,No,0
CUST_004558,67,20,83.96,1788.94,Two year,No,Electronic check,2,No,0,Yes,No,0
CUST_004559,60,56,72.15,4374.86,Month-to-month,No,Credit card,3,No,0,Yes,No,0
CUST_004560,54,48,87.45,4385.5,Month-to-month,DSL,Electronic check,5,Yes,0,No,No,0
CUST_004561,45,40,87.5,3638.54,Month-to-month,DSL,Mailed check,2,No,0,No,No,0
CUST_004562,41,23,34.02,792.51,Two year,Fiber optic,Electronic check,3,Yes,0,Yes,Yes,0
CUST_004563,19,47,25.73,1255.81,Two year,DSL,Bank transfer,2,No,0,Yes,Yes,0
CUST_004564,28,72,82.54,5524.81,One year,Fiber optic,Credit card,2,No,0,Yes,Yes,0
CUST_004565,69,67,85.32,5380.41,One year,DSL,Bank transfer,4,No,0,Yes,Yes,0
CUST_004566,37,66,75.67,4862.09,Month-to-month,Fiber optic,Electronic check,2,No,0,Yes,No,1
CUST_004567,58,16,44.58,776.53,One year,No,Bank transfer,1,Yes,0,Yes,No,0
CUST_004568,58,43,101.08,4171.45,Month-to-month,DSL,Bank transfer,3,No,0,No,Yes,1
CUST_004569,35,29,27.57,740.15,Month-to-month,No,Electronic check,0,No,0,No,Yes,0
CUST_004570,29,70,83.23,5782.89,Two year,No,Bank transfer,3,Yes,0,Yes,Yes,0
CUST_004571,57,69,32.04,2139.7,Two year,No,Bank transfer,5,Yes,1,Yes,Yes,0
CUST_004572,23,63,85.44,5910.75,Month-to-month,Fiber optic,Electronic check,1,No,0,No,Yes,0
CUST_004573,46,12,61.77,724.5,Month-to-month,No,Credit card,3,Yes,1,No,Yes,1
CUST_004574,68,23,91.81,2138.28,Month-to-month,Fiber optic,Mailed check,2,No,0,Yes,No,0
CUST_004575,58,52,25.22,1433.53,Month-to-month,No,Electronic check,1,Yes,1,No,No,0
CUST_004576,61,54,75.51,4396.44,Month-to-month,DSL,Electronic check,0,Yes,0,Yes,No,1
CUST_004577,22,26,34.49,968.96,One year,Fiber optic,Mailed check,3,Yes,1,No,Yes,1
CUST_004578,29,10,88.24,933.96,Month-to-month,Fiber optic,Electronic check,4,No,0,No,No,1
CUST_004579,33,10,32.0,311.19,Month-to-month,DSL,Electronic check,3,No,0,No,No,1
CUST_004580,34,50,27.36,1442.94,Month-to-month,DSL,Bank transfer,1,No,0,Yes,No,0
CUST_004581,29,33,91.31,3072.62,One year,DSL,Bank transfer,1,Yes,0,Yes,Yes,0
CUST_004582,73,36,26.35,922.61,Month-to-month,Fiber optic,Electronic check,1,Yes,0,Yes,No,0
CUST_004583,27,59,42.45,2520.13,Month-to-month,DSL,Bank transfer,5,Yes,0,No,Yes,0
CUST_004584,58,2,102.47,219.88,One year,DSL,Bank transfer,2,No,1,Yes,No,1
CUST_004585,51,55,100.97,5070.88,One year,DSL,Mailed check,2,Yes,1,Yes,No,0
CUST_004586,52,20,105.41,2276.31,Month-to-month,Fiber optic,Credit card,1,Yes,0,Yes,Yes,0
CUST_004587,30,68,52.61,3727.82,One year,DSL,Electronic check,4,No,0,Yes,Yes,0
CUST_004588,35,69,72.8,4849.28,Month-to-month,DSL,Electronic check,1,No,0,No,Yes,1
CUST_004589,52,37,97.33,3530.95,One year,DSL,Electronic check,2,Yes,0,No,No,0
CUST_004590,35,23,33.7,764.57,Month-to-month,Fiber optic,Electronic check,1,No,0,Yes,No,1
CUST_004591,57,17,92.44,1550.45,Two year,DSL,Mailed check,2,No,0,Yes,No,1
CUST_004592,20,14,29.75,376.57,Two year,No,Electronic check,4,Yes,0,No,No,0
CUST_004593,22,72,111.33,7504.36,One year,DSL,Bank transfer,1,No,0,No,No,0
CUST_004594,59,14,83.73,1157.17,Two year,DSL,Credit card,2,Yes,0,Yes,No,0
CUST_004595,53,33,69.33,2100.64,Month-to-month,Fiber optic,Bank transfer,2,No,0,Yes,No,1
CUST_004596,20,35,68.47,2224.09,One year,No,Bank transfer,7,No,0,Yes,Yes,0
CUST_004597,69,49,38.14,2029.05,Month-to-month,Fiber optic,Bank transfer,5,No,1,Yes,No,0
CUST_004598,18,61,54.59,3373.99,Month-to-month,DSL,Bank transfer,1,No,0,No,Yes,1
CUST_004599,72,41,92.71,4108.39,Month-to-month,Fiber optic,Mailed check,3,No,0,No,No,0
CUST_004600,59,55,74.09,4196.91,One year,Fiber optic,Mailed check,3,Yes,0,No,No,1
CUST_004601,74,41,72.93,2904.02,One year,Fiber optic,Electronic check,2,No,0,No,Yes,0
CUST_004602,72,32,39.52,1343.38,Two year,No,Electronic check,3,No,0,Yes,Yes,1
CUST_004603,35,12,89.04,1085.15,One year,No,Bank transfer,0,No,0,No,Yes,1
CUST_004604,61,16,59.2,952.19,Two year,Fiber optic,Mailed check,3,No,0,No,No,0
CUST_004605,30,32,38.28,1124.97,Two year,DSL,Electronic check,4,No,0,No,No,0
CUST_004606,44,4,114.38,430.56,Two year,Fiber optic,Electronic check,3,No,0,Yes,No,0
CUST_004607,31,23,70.68,1476.26,Month-to-month,No,Bank transfer,1,No,0,No,No,1
CUST_004608,45,34,72.8,2269.99,Month-to-month,No,Electronic check,1,No,0,No,Yes,0
CUST_004609,67,35,118.14,4458.31,One year,DSL,Mailed check,0,No,0,No,No,1
CUST_004610,42,59,56.64,3536.37,Two year,DSL,Electronic check,0,No,0,Yes,Yes,0
CUST_004611,23,70,114.3,7555.72,Month-to-month,DSL,Electronic check,0,No,0,Yes,No,1
CUST_004612,36,53,89.49,4498.32,Month-to-month,No,Bank transfer,0,Yes,0,No,No,0
CUST_004613,62,6,83.31,498.88,Month-to-month,Fiber optic,Electronic check,3,No,0,Yes,Yes,1
CUST_004614,47,30,43.44,1258.99,Month-to-month,DSL,Electronic check,3,Yes,0,Yes,No,0
CUST_004615,49,53,25.18,1349.17,Two year,DSL,Credit card,0,No,0,Yes,Yes,0
CUST_004616,42,43,63.78,2587.22,Month-to-month,DSL,Mailed check,2,No,0,No,No,1
CUST_004617,34,33,21.02,680.81,Month-to-month,No,Bank transfer,2,Yes,0,Yes,No,0
CUST_004618,52,32,27.1,939.36,One year,Fiber optic,Bank transfer,3,No,0,Yes,Yes,0
CUST_004619,54,30,79.53,2366.5,Month-to-month,DSL,Electronic check,2,Yes,1,No,No,0
CUST_004620,69,42,92.45,4174.35,Month-to-month,Fiber optic,Mailed check,1,No,0,Yes,Yes,0
CUST_004621,53,13,36.79,481.28,One year,Fiber optic,Mailed check,2,No,0,Yes,Yes,0
CUST_004622,74,38,93.25,3491.67,Month-to-month,Fiber optic,Electronic check,2,Yes,0,Yes,No,0
CUST_004623,65,15,114.97,1728.15,Two year,No,Electronic check,1,No,0,No,Yes,1
CUST_004624,22,50,94.32,4943.35,One year,DSL,Bank transfer,4,No,0,Yes,Yes,0
CUST_004625,40,63,98.47,6822.09,Two year,DSL,Electronic check,2,No,1,No,Yes,0
CUST_004626,39,37,90.07,3019.04,Month-to-month,DSL,Electronic check,1,No,0,No,No,1
CUST_004627,18,28,42.47,1193.19,One year,Fiber optic,Bank transfer,0,No,0,No,No,0
CUST_004628,28,68,56.09,3945.36,One year,No,Mailed check,1,Yes,1,No,No,0
CUST_004629,61,48,114.93,5411.47,One year,DSL,Bank transfer,3,Yes,0,Yes,No,0
CUST_004630,38,31,86.12,2707.96,Month-to-month,Fiber optic,Electronic check,2,Yes,0,No,No,1
CUST_004631,26,3,98.9,270.21,Month-to-month,Fiber optic,Bank transfer,2,Yes,1,No,No,0
CUST_004632,34,2,116.87,223.47,Month-to-month,No,Credit card,1,No,0,No,No,1
CUST_004633,33,16,43.14,673.29,Two year,Fiber optic,Mailed check,1,Yes,1,Yes,No,0
CUST_004634,27,18,52.17,921.45,Two year,DSL,Credit card,3,No,1,No,No,0
CUST_004635,23,52,84.48,4552.5,Month-to-month,Fiber optic,Mailed check,7,No,0,No,No,0
CUST_004636,61,37,22.44,897.1,One year,No,Electronic check,0,No,0,No,No,0
CUST_004637,64,72,77.12,5065.2,One year,Fiber optic,Mailed check,6,No,0,Yes,No,0
CUST_004638,46,39,100.87,3894.0,One year,No,Mailed check,2,No,0,Yes,Yes,0
CUST_004639,53,66,81.04,5239.31,Month-to-month,Fiber optic,Credit card,5,Yes,1,No,Yes,0
CUST_004640,70,40,49.54,2165.8,Two year,Fiber optic,Electronic check,2,No,0,No,No,0
CUST_004641,66,26,92.41,2501.64,One year,DSL,Electronic check,3,Yes,0,Yes,No,0
CUST_004642,19,52,34.6,1962.89,One year,Fiber optic,Credit card,2,No,0,No,No,0
CUST_004643,72,33,109.48,3615.2,One year,DSL,Electronic check,5,No,0,Yes,Yes,0
CUST_004644,21,20,30.09,617.17,One year,DSL,Bank transfer,3,No,0,No,No,0
CUST_004645,19,35,106.35,3986.1,Month-to-month,DSL,Electronic check,2,Yes,0,Yes,No,1
CUST_004646,40,48,69.78,3039.04,Two year,Fiber optic,Credit card,2,Yes,0,No,No,0
CUST_004647,60,28,62.86,1909.79,Month-to-month,No,Electronic check,4,Yes,0,Yes,No,0
CUST_004648,22,51,70.07,3556.56,Two year,DSL,Bank transfer,4,No,0,Yes,No,0
CUST_004649,34,71,40.02,3103.62,Two year,Fiber optic,Bank transfer,1,No,0,No,No,0
CUST_004650,32,30,65.77,1779.48,One year,DSL,Credit card,3,No,1,Yes,No,0
CUST_004651,40,22,104.97,2121.81,One year,Fiber optic,Credit card,5,No,1,Yes,No,0
CUST_004652,74,29,100.1,2656.07,Month-to-month,DSL,Bank transfer,1,Yes,0,Yes,No,1
CUST_004653,36,61,36.3,2017.67,Month-to-month,Fiber optic,Electronic check,2,No,0,Yes,No,0
CUST_004654,29,13,87.34,1052.24,One year,No,Mailed check,3,Yes,1,Yes,No,1
CUST_004655,24,71,105.68,7252.95,Month-to-month,Fiber optic,Credit card,2,Yes,0,No,Yes,0
CUST_004656,29,30,101.98,2835.52,Month-to-month,Fiber optic,Bank transfer,2,No,0,Yes,No,0
CUST_004657,25,61,62.56,3545.31,Two year,Fiber optic,Credit card,3,Yes,0,No,Yes,0
CUST_004658,50,57,24.81,1400.03,Month-to-month,DSL,Bank transfer,3,Yes,0,Yes,No,0
CUST_004659,41,57,113.12,6611.16,Month-to-month,DSL,Electronic check,3,Yes,0,Yes,No,0
CUST_004660,46,66,59.59,3575.01,Month-to-month,DSL,Electronic check,0,Yes,0,Yes,Yes,0
CUST_004661,65,14,56.1,797.1,One year,Fiber optic,Electronic check,2,No,0,Yes,No,1
CUST_004662,51,43,95.95,4193.44,Month-to-month,No,Bank transfer,6,Yes,1,Yes,No,0
CUST_004663,26,8,46.4,357.9,One year,Fiber optic,Mailed check,3,No,0,Yes,Yes,0
CUST_004664,39,22,103.47,2134.53,Month-to-month,Fiber optic,Electronic check,4,No,0,No,No,1
CUST_004665,35,3,27.61,85.03,Month-to-month,DSL,Bank transfer,2,No,0,Yes,Yes,0
CUST_004666,65,50,94.07,4968.12,Month-to-month,DSL,Electronic check,7,Yes,0,No,No,1
CUST_004667,35,44,116.58,4908.0,Month-to-month,No,Mailed check,0,No,0,Yes,No,0
CUST_004668,25,54,119.58,6470.03,Two year,DSL,Mailed check,0,No,0,No,Yes,0
CUST_004669,59,13,112.38,1343.74,Month-to-month,Fiber optic,Mailed check,1,No,0,Yes,No,1
CUST_004670,42,24,107.08,2714.79,Month-to-month,DSL,Electronic check,7,No,0,Yes,No,1
CUST_004671,23,49,47.89,2422.97,Month-to-month,DSL,Bank transfer,2,No,0,Yes,No,0
CUST_004672,57,60,116.66,6899.32,Month-to-month,DSL,Credit card,3,No,1,No,Yes,1
CUST_004673,29,64,112.79,7370.51,Month-to-month,No,Bank transfer,3,No,1,No,Yes,0
CUST_004674,67,6,73.44,480.74,Month-to-month,DSL,Credit card,2,No,0,Yes,No,0
CUST_004675,65,29,60.21,1767.71,Two year,Fiber optic,Electronic check,3,No,0,Yes,No,1
CUST_004676,39,1,30.93,30.48,Month-to-month,DSL,Electronic check,1,No,0,No,No,0
CUST_004677,49,59,79.06,4620.43,One year,Fiber optic,Electronic check,3,Yes,0,No,No,1
CUST_004678,50,9,90.05,758.89,One year,Fiber optic,Bank transfer,2,No,0,Yes,Yes,1
CUST_004679,55,60,60.4,3921.15,Month-to-month,Fiber optic,Electronic check,3,Yes,0,Yes,No,0
CUST_004680,21,12,60.6,734.61,One year,DSL,Credit card,5,No,1,Yes,No,0
CUST_004681,36,2,77.33,151.41,Two year,DSL,Bank transfer,5,Yes,0,Yes,No,0
CUST_004682,27,64,22.78,1585.13,One year,No,Credit card,5,No,0,Yes,No,0
CUST_004683,57,32,115.79,3743.06,Two year,Fiber optic,Mailed check,1,Yes,0,Yes,No,0
CUST_004684,21,31,48.99,1411.23,One year,DSL,Bank transfer,4,No,0,Yes,No,0
CUST_004685,47,47,34.09,1664.2,Month-to-month,Fiber optic,Mailed check,4,No,0,No,Yes,0
CUST_004686,59,20,20.55,449.39,Two year,DSL,Mailed check,2,No,0,Yes,Yes,0
CUST_004687,72,50,105.69,5629.92,Month-to-month,Fiber optic,Bank transfer,6,Yes,1,Yes,No,0
CUST_004688,34,31,106.32,3217.08,One year,Fiber optic,Electronic check,6,No,0,No,No,0
CUST_004689,18,20,29.53,627.06,One year,DSL,Credit card,2,Yes,0,Yes,No,0
CUST_004690,59,29,35.22,1017.55,Two year,Fiber optic,Bank transfer,2,No,0,Yes,Yes,0
CUST_004691,18,1,64.79,63.55,Two year,Fiber optic,Bank transfer,2,Yes,0,Yes,No,0
CUST_004692,21,22,38.57,857.97,Month-to-month,No,Electronic check,2,No,0,Yes,Yes,0
CUST_004693,74,43,93.58,3683.35,One year,Fiber optic,Electronic check,2,Yes,0,Yes,No,0
CUST_004694,67,10,25.8,245.84,Month-to-month,Fiber optic,Electronic check,0,No,0,Yes,Yes,1
CUST_004695,58,9,74.97,685.42,One year,Fiber optic,Bank transfer,2,No,1,Yes,No,1
CUST_004696,65,48,58.28,2583.31,One year,DSL,Electronic check,1,No,0,No,No,0
CUST_004697,22,31,66.49,2024.19,Month-to-month,Fiber optic,Credit card,1,Yes,0,No,No,0
CUST_004698,23,10,62.48,665.73,Two year,DSL,Credit card,2,No,0,Yes,Yes,0
CUST_004699,35,54,35.32,2057.51,Month-to-month,DSL,Electronic check,1,Yes,0,No,No,0
CUST_004700,19,56,42.03,2204.27,Month-to-month,Fiber optic,Bank transfer,3,No,0,No,Yes,1
CUST_004701,68,3,26.48,86.5,Two year,DSL,Electronic check,4,Yes,0,Yes,No,0
CUST_004702,21,15,31.53,469.83,One year,Fiber optic,Electronic check,4,No,0,Yes,No,0
CUST_004703,49,27,117.79,2959.02,One year,Fiber optic,Electronic check,1,No,1,Yes,No,0
CUST_004704,66,53,47.98,2670.37,Month-to-month,DSL,Credit card,5,Yes,0,No,No,0
CUST_004705,59,6,50.7,278.97,Month-to-month,Fiber optic,Credit card,2,No,0,No,Yes,1
CUST_004706,31,59,32.71,2019.29,Month-to-month,Fiber optic,Electronic check,2,No,0,No,No,0
CUST_004707,44,23,95.52,2284.14,Month-to-month,Fiber optic,Electronic check,1,No,0,No,Yes,1
CUST_004708,49,10,112.41,1155.01,Month-to-month,No,Mailed check,1,No,0,Yes,No,1
CUST_004709,61,63,98.98,6644.59,Month-to-month,DSL,Mailed check,4,Yes,0,Yes,Yes,1
CUST_004710,42,7,81.26,605.56,One year,No,Electronic check,1,No,0,Yes,No,1
CUST_004711,34,10,101.32,1001.2,Month-to-month,Fiber optic,Credit card,2,No,0,Yes,No,1
CUST_004712,63,69,60.42,4182.49,One year,DSL,Credit card,0,Yes,0,No,No,0
CUST_004713,68,38,105.95,3959.87,Two year,Fiber optic,Mailed check,3,No,0,Yes,No,0
CUST_004714,45,34,99.85,3471.95,Month-to-month,DSL,Credit card,3,No,0,No,No,0
CUST_004715,19,50,20.17,1013.05,One year,DSL,Bank transfer,3,Yes,0,Yes,No,0
CUST_004716,46,46,68.78,3035.05,Month-to-month,DSL,Bank transfer,2,Yes,0,No,No,0
CUST_004717,68,45,46.46,2058.54,Month-to-month,No,Credit card,5,No,0,No,No,0
CUST_004718,74,2,28.62,57.98,One year,No,Mailed check,3,No,1,Yes,No,0
CUST_004719,40,40,104.62,4436.0,Month-to-month,No,Mailed check,4,No,0,No,Yes,0
CUST_004720,26,21,20.79,404.71,Month-to-month,DSL,Electronic check,0,No,0,No,No,0
CUST_004721,50,59,93.02,5556.55,Two year,Fiber optic,Bank transfer,3,No,0,No,No,0
CUST_004722,65,37,118.82,4781.83,Month-to-month,No,Electronic check,3,Yes,0,Yes,No,1
CUST_004723,71,9,68.2,602.59,One year,DSL,Electronic check,2,No,0,No,Yes,0
CUST_004724,20,64,57.12,3340.2,One year,Fiber optic,Mailed check,3,No,0,No,Yes,0
CUST_004725,34,21,80.58,1810.49,Month-to-month,DSL,Mailed check,5,No,0,Yes,Yes,1
CUST_004726,45,20,100.47,1893.75,One year,Fiber optic,Electronic check,3,Yes,0,No,No,0
CUST_004727,23,68,44.03,3112.27,Month-to-month,Fiber optic,Electronic check,1,No,0,No,No,1
CUST_004728,68,56,45.07,2504.62,Month-to-month,DSL,Credit card,2,Yes,0,Yes,Yes,0
CUST_004729,24,62,80.72,5445.87,Two year,DSL,Bank transfer,1,No,0,Yes,No,0
CUST_004730,55,48,113.99,5771.19,Month-to-month,Fiber optic,Mailed check,2,No,0,Yes,No,0
CUST_004731,70,66,49.84,3488.1,One year,Fiber optic,Credit card,3,Yes,0,No,No,0
CUST_004732,57,9,57.68,529.6,Month-to-month,DSL,Credit card,1,No,0,No,Yes,0
CUST_004733,61,44,119.33,4871.87,Month-to-month,DSL,Electronic check,2,No,0,No,No,1
CUST_004734,33,22,37.62,772.93,One year,No,Bank transfer,4,Yes,0,Yes,No,1
CUST_004735,65,29,27.7,730.08,One year,Fiber optic,Electronic check,3,Yes,0,No,Yes,0
CUST_004736,41,18,78.98,1458.46,Month-to-month,Fiber optic,Mailed check,2,No,0,Yes,No,1
CUST_004737,21,15,22.43,349.25,One year,Fiber optic,Bank transfer,1,No,0,No,No,0
CUST_004738,38,32,38.04,1145.69,Month-to-month,No,Electronic check,4,Yes,0,No,No,0
CUST_004739,37,67,82.22,5904.31,Month-to-month,DSL,Mailed check,2,Yes,0,Yes,No,0
CUST_004740,47,46,85.95,3837.85,One year,DSL,Electronic check,1,Yes,0,Yes,No,0
CUST_004741,33,26,71.04,1743.3,One year,Fiber optic,Mailed check,0,No,0,No,No,0
CUST_004742,44,32,58.37,1961.54,Month-to-month,No,Electronic check,0,No,0,Yes,Yes,1
CUST_004743,42,39,77.62,3103.81,One year,DSL,Credit card,3,No,0,No,Yes,0
CUST_004744,36,18,84.34,1426.93,Month-to-month,DSL,Mailed check,3,Yes,1,Yes,Yes,1
CUST_004745,57,38,100.35,4067.0,Two year,DSL,Electronic check,2,No,0,No,No,0
CUST_004746,35,51,99.28,4663.19,Two year,Fiber optic,Bank transfer,4,No,0,Yes,No,0
CUST_004747,61,18,86.48,1460.15,Month-to-month,Fiber optic,Electronic check,3,Yes,0,No,No,1
CUST_004748,32,43,109.42,4956.76,Month-to-month,Fiber optic,Bank transfer,1,No,0,Yes,No,0
CUST_004749,67,52,103.8,5441.48,Two year,DSL,Mailed check,3,No,0,Yes,No,0
CUST_004750,38,38,33.32,1249.17,Two year,Fiber optic,Electronic check,5,No,0,No,Yes,0
CUST_004751,20,22,115.67,2367.62,Month-to-month,DSL,Electronic check,4,No,0,No,No,1
CUST_004752,26,40,109.17,4008.33,Month-to-month,Fiber optic,Electronic check,4,Yes,0,No,Yes,0
CUST_004753,63,58,52.09,2981.93,Month-to-month,DSL,Bank transfer,3,No,0,Yes,No,0
CUST_004754,67,16,22.02,386.42,Two year,No,Bank transfer,1,No,0,Yes,No,0
CUST_004755,30,42,80.4,3459.42,Two year,Fiber optic,Electronic check,2,Yes,0,No,No,0
CUST_004756,52,49,63.84,3014.23,Two year,Fiber optic,Electronic check,0,No,0,No,No,0
CUST_004757,50,24,94.96,2506.55,Month-to-month,DSL,Credit card,3,Yes,0,No,Yes,0
CUST_004758,25,28,72.46,2230.84,Two year,DSL,Electronic check,6,No,0,Yes,No,0
CUST_004759,43,64,27.65,1712.19,Month-to-month,Fiber optic,Electronic check,3,No,0,No,No,0
CUST_004760,57,27,44.47,1132.86,Month-to-month,Fiber optic,Bank transfer,3,No,0,No,No,0
CUST_004761,73,44,108.25,4471.63,Month-to-month,Fiber optic,Electronic check,1,No,0,Yes,No,0
CUST_004762,66,11,23.77,266.06,Month-to-month,Fiber optic,Credit card,3,Yes,0,Yes,Yes,0
CUST_004763,23,67,93.67,6042.62,One year,Fiber optic,Electronic check,2,Yes,0,Yes,No,0
CUST_004764,31,43,49.19,2233.52,Month-to-month,No,Credit card,2,No,0,No,Yes,0
CUST_004765,42,55,65.26,3484.75,Month-to-month,Fiber optic,Mailed check,1,No,0,No,No,0
CUST_004766,26,44,73.1,3286.53,Two year,No,Electronic check,2,Yes,0,Yes,No,0
CUST_004767,50,26,45.01,1111.48,Month-to-month,Fiber optic,Mailed check,4,No,0,No,No,1
CUST_004768,18,25,85.2,2121.88,Month-to-month,DSL,Credit card,3,Yes,0,No,No,1
CUST_004769,24,51,89.34,4700.39,Month-to-month,Fiber optic,Mailed check,6,No,1,No,Yes,1
CUST_004770,20,62,28.51,1941.07,Month-to-month,DSL,Electronic check,0,No,0,No,No,0
CUST_004771,34,10,57.39,551.42,Month-to-month,DSL,Credit card,4,No,0,Yes,No,0
CUST_004772,61,61,94.44,6054.62,One year,DSL,Electronic check,3,No,1,No,No,0
CUST_004773,28,60,92.16,5646.22,Month-to-month,Fiber optic,Electronic check,7,Yes,1,No,No,1
CUST_004774,74,8,74.46,626.06,Month-to-month,Fiber optic,Electronic check,1,Yes,0,No,No,1
CUST_004775,33,8,97.77,799.78,Two year,DSL,Credit card,3,No,0,Yes,No,1
CUST_004776,20,51,30.76,1445.81,Month-to-month,DSL,Electronic check,1,No,1,No,No,0
CUST_004777,37,61,31.82,1839.26,One year,DSL,Electronic check,3,Yes,0,Yes,Yes,0
CUST_004778,60,29,85.75,2592.54,Month-to-month,DSL,Credit card,6,Yes,0,No,No,1
CUST_004779,24,47,89.33,4401.88,Two year,DSL,Bank transfer,1,Yes,0,No,No,0
CUST_004780,22,72,101.45,7493.65,Month-to-month,DSL,Electronic check,3,Yes,0,Yes,No,0
CUST_004781,66,24,38.1,859.13,One year,No,Bank transfer,3,No,1,Yes,Yes,0
CUST_004782,51,17,71.68,1122.92,One year,Fiber optic,Electronic check,0,No,0,Yes,No,1
CUST_004783,37,72,86.08,6490.62,One year,DSL,Mailed check,5,Yes,0,No,No,0
CUST_004784,61,21,42.37,914.22,Two year,DSL,Electronic check,2,Yes,0,No,Yes,0
CUST_004785,66,35,71.69,2538.48,Month-to-month,DSL,Bank transfer,1,No,0,Yes,No,0
CUST_004786,38,32,83.84,2424.75,Month-to-month,DSL,Bank transfer,1,No,0,No,No,0
CUST_004787,49,38,41.44,1612.31,Two year,Fiber optic,Electronic check,3,No,0,No,No,0
CUST_004788,18,20,57.56,1215.42,Two year,No,Electronic check,3,Yes,0,No,No,0
CUST_004789,35,49,41.63,2025.33,Month-to-month,Fiber optic,Mailed check,3,Yes,0,No,No,0
CUST_004790,51,50,110.29,5019.3,One year,Fiber optic,Bank transfer,2,No,0,No,Yes,0
CUST_004791,29,15,43.68,627.67,One year,DSL,Bank transfer,3,No,0,Yes,Yes,0
CUST_004792,74,35,32.08,1049.63,One year,Fiber optic,Bank transfer,3,No,0,Yes,Yes,0
CUST_004793,73,5,23.52,120.39,Two year,No,Credit card,2,No,1,No,No,0
CUST_004794,32,16,24.5,362.35,Two year,DSL,Credit card,2,No,0,Yes,Yes,0
CUST_004795,40,72,39.16,2560.66,Month-to-month,No,Credit card,2,No,0,Yes,Yes,0
CUST_004796,28,37,80.82,3180.65,One year,DSL,Bank transfer,3,Yes,0,Yes,No,0
CUST_004797,46,45,21.76,1061.83,Month-to-month,Fiber optic,Electronic check,0,Yes,0,Yes,No,0
CUST_004798,25,64,48.67,3329.15,Month-to-month,DSL,Bank transfer,4,Yes,0,No,Yes,0
CUST_004799,40,52,25.82,1365.11,Two year,Fiber optic,Electronic check,5,No,0,No,No,0
CUST_004800,49,58,60.37,3401.04,One year,DSL,Electronic check,1,Yes,1,Yes,No,0
CUST_004801,52,52,24.86,1184.22,Month-to-month,Fiber optic,Electronic check,3,No,0,No,No,0
CUST_004802,51,36,80.75,2843.27,One year,Fiber optic,Mailed check,4,No,0,No,No,0
CUST_004803,30,46,88.84,3828.0,Month-to-month,Fiber optic,Bank transfer,2,No,0,No,No,0
CUST_004804,63,21,93.13,2076.24,Month-to-month,Fiber optic,Mailed check,2,No,1,Yes,Yes,1
CUST_004805,57,65,42.43,2942.0,One year,DSL,Electronic check,2,No,0,No,No,0
CUST_004806,60,13,106.85,1380.63,One year,Fiber optic,Credit card,4,Yes,1,No,No,1
CUST_004807,44,64,89.03,5478.42,Month-to-month,DSL,Bank transfer,2,Yes,0,No,No,0
CUST_004808,68,64,25.67,1708.34,Month-to-month,Fiber optic,Electronic check,5,Yes,0,Yes,Yes,0
CUST_004809,40,11,64.08,722.85,One year,DSL,Electronic check,3,No,0,No,No,0
CUST_004810,63,52,96.78,5114.0,Month-to-month,Fiber optic,Electronic check,2,No,0,No,Yes,1
CUST_004811,29,72,51.09,3991.54,Two year,Fiber optic,Credit card,1,No,0,Yes,No,0
CUST_004812,32,42,58.16,2335.14,Month-to-month,No,Electronic check,2,Yes,0,No,No,0
CUST_004813,48,25,82.96,2003.9,Two year,Fiber optic,Credit card,1,Yes,0,Yes,No,1
CUST_004814,49,64,25.55,1489.52,Month-to-month,DSL,Electronic check,6,No,0,Yes,No,0
CUST_004815,60,37,116.69,4075.53,Month-to-month,Fiber optic,Bank transfer,3,Yes,1,Yes,No,1
CUST_004816,34,9,37.45,335.0,Month-to-month,DSL,Electronic check,1,No,0,Yes,No,0
CUST_004817,67,18,22.67,434.22,One year,DSL,Mailed check,4,No,0,Yes,No,0
CUST_004818,36,50,20.53,962.66,Two year,Fiber optic,Mailed check,6,No,0,No,Yes,0
CUST_004819,48,33,59.96,1987.8,Month-to-month,Fiber optic,Electronic check,4,No,0,Yes,No,0
CUST_004820,71,16,108.43,1668.58,Month-to-month,No,Credit card,3,No,1,Yes,No,1
CUST_004821,48,58,101.98,6252.56,Month-to-month,No,Bank transfer,3,Yes,0,No,No,0
CUST_004822,56,9,111.2,1028.43,One year,DSL,Electronic check,7,No,0,No,No,1
CUST_004823,69,16,73.38,1069.56,Month-to-month,DSL,Bank transfer,1,No,0,No,No,1
CUST_004824,73,34,64.87,2056.82,Two year,No,Electronic check,1,No,0,No,Yes,0
CUST_004825,46,3,58.59,185.04,Month-to-month,DSL,Credit card,0,Yes,0,No,No,0
CUST_004826,41,28,24.64,714.54,One year,Fiber optic,Mailed check,6,No,0,No,No,0
CUST_004827,29,66,110.95,6760.7,Two year,No,Electronic check,2,No,0,Yes,Yes,0
CUST_004828,48,68,69.62,4546.59,Month-to-month,DSL,Electronic check,3,Yes,0,No,Yes,0
CUST_004829,70,63,65.51,3938.94,Month-to-month,Fiber optic,Electronic check,5,No,0,No,Yes,0
CUST_004830,45,24,71.52,1706.66,Two year,No,Credit card,2,Yes,1,Yes,Yes,0
CUST_004831,37,5,99.42,449.97,Month-to-month,Fiber optic,Electronic check,1,No,1,Yes,Yes,1
CUST_004832,24,59,42.45,2519.69,One year,No,Electronic check,3,No,0,Yes,No,0
CUST_004833,40,27,90.99,2292.81,Two year,Fiber optic,Credit card,3,Yes,0,Yes,Yes,0
CUST_004834,31,54,91.08,5148.97,Month-to-month,DSL,Electronic check,2,No,0,Yes,No,0
CUST_004835,73,9,104.96,953.72,Two year,No,Electronic check,4,Yes,0,No,No,0
CUST_004836,48,49,20.87,1081.38,Month-to-month,Fiber optic,Bank transfer,3,No,0,No,No,0
CUST_004837,25,43,37.04,1634.11,One year,No,Electronic check,4,Yes,0,Yes,Yes,0
CUST_004838,21,67,67.1,4863.81,Month-to-month,Fiber optic,Credit card,1,No,0,No,Yes,0
CUST_004839,66,8,105.05,916.85,Month-to-month,Fiber optic,Bank transfer,3,No,0,Yes,Yes,0
CUST_004840,71,30,116.51,3581.0,Month-to-month,DSL,Electronic check,3,No,1,No,No,1
CUST_004841,61,72,79.49,5869.1,Month-to-month,DSL,Mailed check,3,No,0,Yes,No,0
CUST_004842,25,29,41.21,1160.52,Month-to-month,No,Electronic check,4,No,0,No,No,0
CUST_004843,23,48,38.46,2006.29,Month-to-month,No,Mailed check,2,No,0,Yes,No,1
CUST_004844,29,12,83.94,1070.69,One year,Fiber optic,Bank transfer,2,No,0,No,No,0
CUST_004845,60,53,41.01,2064.55,Month-to-month,No,Bank transfer,1,No,0,Yes,No,0
CUST_004846,61,20,75.31,1435.02,Month-to-month,Fiber optic,Mailed check,0,No,0,No,Yes,0
CUST_004847,65,42,103.48,4556.36,Month-to-month,No,Bank transfer,2,No,0,Yes,Yes,0
CUST_004848,23,64,58.98,3662.3,Month-to-month,Fiber optic,Electronic check,3,No,0,No,No,0
CUST_004849,26,48,57.85,2955.95,Month-to-month,Fiber optic,Credit card,3,No,1,No,No,0
CUST_004850,69,35,23.61,895.22,Month-to-month,Fiber optic,Electronic check,3,Yes,0,No,No,0
CUST_004851,70,14,45.41,586.85,One year,Fiber optic,Credit card,3,Yes,0,No,No,0
CUST_004852,59,25,89.82,2254.86,One year,No,Mailed check,7,No,0,Yes,Yes,0
CUST_004853,24,62,56.04,3744.01,One year,Fiber optic,Electronic check,3,No,0,Yes,No,0
CUST_004854,21,16,35.83,579.19,Month-to-month,No,Mailed check,2,Yes,0,No,Yes,0
CUST_004855,21,48,30.58,1363.77,Two year,DSL,Credit card,5,Yes,0,No,Yes,0
CUST_004856,57,35,29.51,1093.03,One year,DSL,Credit card,1,No,0,No,Yes,0
CUST_004857,66,24,85.91,1940.33,One year,Fiber optic,Bank transfer,1,Yes,0,Yes,No,1
CUST_004858,54,52,81.26,4221.63,Month-to-month,Fiber optic,Mailed check,2,No,0,Yes,No,0
CUST_004859,32,27,71.85,2121.43,Month-to-month,No,Bank transfer,2,Yes,1,Yes,Yes,0
CUST_004860,61,21,70.03,1585.22,Month-to-month,DSL,Electronic check,4,Yes,0,Yes,No,0
CUST_004861,21,39,35.31,1407.26,Month-to-month,DSL,Bank transfer,1,Yes,0,No,No,0
CUST_004862,65,55,70.06,3588.92,One year,Fiber optic,Electronic check,5,Yes,1,Yes,No,0
CUST_004863,68,63,25.99,1600.08,Month-to-month,No,Credit card,0,No,0,Yes,Yes,0
CUST_004864,58,46,112.59,4906.82,Month-to-month,No,Bank transfer,2,Yes,0,Yes,No,0
CUST_004865,68,48,25.8,1282.02,Month-to-month,No,Mailed check,3,No,0,Yes,No,0
CUST_004866,51,57,62.35,3739.6,Month-to-month,Fiber optic,Bank transfer,0,Yes,0,No,No,0
CUST_004867,44,20,20.06,411.16,Month-to-month,No,Electronic check,3,No,0,Yes,No,0
CUST_004868,36,19,98.62,1914.32,Month-to-month,DSL,Electronic check,5,Yes,0,No,No,1
CUST_004869,70,35,36.62,1233.76,Month-to-month,No,Electronic check,0,Yes,0,Yes,Yes,0
CUST_004870,57,46,112.49,5125.42,Month-to-month,Fiber optic,Electronic check,2,No,0,No,Yes,0
CUST_004871,28,47,24.4,1257.45,One year,Fiber optic,Electronic check,3,No,0,Yes,No,0
CUST_004872,72,12,102.08,1325.18,Two year,Fiber optic,Bank transfer,0,No,1,No,No,1
CUST_004873,21,57,85.66,5090.47,Two year,Fiber optic,Bank transfer,5,Yes,0,No,No,0
CUST_004874,51,27,44.97,1303.41,One year,DSL,Mailed check,4,No,0,Yes,No,0
CUST_004875,28,64,40.24,2682.51,Month-to-month,DSL,Credit card,3,No,0,No,No,0
CUST_004876,55,53,55.77,3037.98,One year,Fiber optic,Credit card,2,No,1,No,No,0
CUST_004877,41,71,102.84,7676.94,Two year,No,Electronic check,0,No,0,Yes,No,0
CUST_004878,42,46,106.2,4638.06,Month-to-month,Fiber optic,Mailed check,4,Yes,0,No,Yes,0
CUST_004879,56,38,37.53,1558.51,Month-to-month,DSL,Credit card,4,Yes,0,No,No,0
CUST_004880,61,14,55.34,764.56,One year,Fiber optic,Electronic check,1,Yes,0,No,No,0
CUST_004881,39,29,43.75,1153.06,Month-to-month,DSL,Mailed check,3,Yes,0,Yes,No,1
CUST_004882,74,62,32.26,1875.12,One year,DSL,Credit card,2,No,0,No,No,0
CUST_004883,46,28,84.64,2446.78,Month-to-month,DSL,Bank transfer,3,No,0,No,Yes,1
CUST_004884,27,4,54.59,225.56,Month-to-month,Fiber optic,Credit card,2,Yes,0,No,No,0
CUST_004885,18,18,42.54,772.16,One year,DSL,Credit card,2,Yes,0,Yes,No,0
CUST_004886,29,43,106.6,4585.73,One year,DSL,Electronic check,2,No,0,Yes,No,1
CUST_004887,57,46,94.83,4478.94,One year,DSL,Bank transfer,3,No,1,Yes,Yes,0
CUST_004888,48,71,97.38,7220.24,Two year,Fiber optic,Credit card,3,No,0,Yes,No,0
CUST_004889,37,68,23.92,1529.57,Two year,DSL,Electronic check,2,No,1,Yes,No,0
CUST_004890,45,39,111.51,4092.8,Month-to-month,DSL,Electronic check,2,No,0,Yes,Yes,0
CUST_004891,65,40,77.47,2811.36,Two year,Fiber optic,Electronic check,2,Yes,0,No,No,0
CUST_004892,50,58,70.38,4166.91,Month-to-month,Fiber optic,Bank transfer,2,No,0,No,No,0
CUST_004893,21,4,21.06,82.1,Month-to-month,No,Bank transfer,5,No,0,Yes,Yes,1
CUST_004894,20,43,109.77,5132.21,Two year,Fiber optic,Credit card,1,No,1,Yes,No,1
CUST_004895,45,35,74.39,2517.86,Month-to-month,Fiber optic,Electronic check,2,No,0,No,No,1
CUST_004896,41,57,102.52,5919.49,Two year,No,Bank transfer,3,No,0,Yes,No,1
CUST_004897,66,58,85.55,4809.04,Month-to-month,Fiber optic,Electronic check,6,Yes,0,Yes,No,0
CUST_004898,51,48,99.67,4646.59,Month-to-month,Fiber optic,Credit card,3,No,0,No,Yes,1
CUST_004899,61,48,89.29,4168.37,Month-to-month,DSL,Bank transfer,5,Yes,0,No,Yes,0
CUST_004900,51,50,112.1,5728.61,One year,DSL,Bank transfer,2,Yes,0,No,No,0
CUST_004901,37,42,42.55,1739.4,Two year,DSL,Electronic check,3,No,0,No,Yes,0
CUST_004902,55,17,40.21,635.43,Month-to-month,Fiber optic,Electronic check,3,Yes,0,No,No,0
CUST_004903,53,21,91.25,1787.87,Month-to-month,No,Electronic check,1,No,0,No,No,0
CUST_004904,59,54,70.14,3808.18,Month-to-month,DSL,Credit card,3,No,1,No,No,0
CUST_004905,28,45,79.92,3548.92,Month-to-month,Fiber optic,Electronic check,4,No,0,Yes,No,0
CUST_004906,54,18,90.85,1757.27,One year,No,Credit card,2,Yes,0,Yes,No,1
CUST_004907,34,64,74.74,4345.21,One year,Fiber optic,Electronic check,2,No,0,No,No,0
CUST_004908,63,71,98.77,6682.85,Month-to-month,DSL,Mailed check,4,Yes,0,Yes,Yes,0
CUST_004909,63,46,51.89,2478.62,Month-to-month,No,Electronic check,3,No,0,No,No,0
CUST_004910,53,17,105.9,1866.65,One year,DSL,Electronic check,1,Yes,0,No,No,0
CUST_004911,71,68,30.77,1915.17,Month-to-month,DSL,Mailed check,3,No,0,No,No,0
CUST_004912,48,18,83.4,1425.19,Month-to-month,Fiber optic,Mailed check,4,Yes,0,Yes,No,1
CUST_004913,19,32,109.01,3298.52,One year,DSL,Mailed check,3,No,0,Yes,No,0
CUST_004914,52,62,45.27,3064.64,Month-to-month,No,Bank transfer,2,No,1,Yes,No,0
CUST_004915,62,38,52.68,2170.34,Month-to-month,DSL,Electronic check,2,No,0,Yes,No,0
CUST_004916,23,18,50.54,997.41,Month-to-month,No,Bank transfer,4,No,0,Yes,Yes,0
CUST_004917,23,6,76.43,426.15,One year,DSL,Bank transfer,6,Yes,0,Yes,No,0
CUST_004918,33,26,61.29,1655.82,Month-to-month,No,Electronic check,2,Yes,1,No,No,1
CUST_004919,66,49,30.8,1516.04,Two year,DSL,Mailed check,2,No,0,Yes,No,0
CUST_004920,48,52,109.13,5960.05,Month-to-month,No,Electronic check,5,No,0,No,No,1
CUST_004921,73,17,40.47,648.3,Month-to-month,DSL,Electronic check,2,Yes,0,Yes,No,0
CUST_004922,67,12,73.41,798.07,One year,No,Electronic check,2,No,0,Yes,No,0
CUST_004923,49,51,79.48,3739.94,Month-to-month,No,Bank transfer,2,Yes,0,No,No,0
CUST_004924,56,12,24.08,289.28,Month-to-month,Fiber optic,Electronic check,2,No,0,No,No,0
CUST_004925,36,5,29.57,162.03,Month-to-month,DSL,Credit card,0,Yes,1,Yes,Yes,0
CUST_004926,23,36,117.17,3825.85,One year,Fiber optic,Bank transfer,3,No,0,Yes,No,1
CUST_004927,40,42,86.45,3694.28,Month-to-month,Fiber optic,Electronic check,3,No,1,Yes,No,0
CUST_004928,51,18,23.36,395.04,Two year,Fiber optic,Bank transfer,1,No,0,No,No,0
CUST_004929,28,16,99.42,1454.67,Month-to-month,Fiber optic,Electronic check,1,Yes,0,No,No,1
CUST_004930,30,17,70.85,1234.31,Month-to-month,No,Electronic check,3,No,1,No,No,1
CUST_004931,18,25,27.52,670.78,Month-to-month,No,Credit card,0,Yes,0,Yes,Yes,0
CUST_004932,59,1,88.08,92.36,Month-to-month,Fiber optic,Mailed check,1,Yes,0,Yes,Yes,1
CUST_004933,69,1,69.94,68.1,Two year,DSL,Electronic check,2,Yes,0,Yes,No,0
CUST_004934,65,27,40.49,1005.79,Month-to-month,DSL,Credit card,2,No,0,No,Yes,0
CUST_004935,39,2,107.77,225.57,Two year,Fiber optic,Credit card,1,Yes,0,No,No,1
CUST_004936,51,23,49.14,1164.82,Month-to-month,No,Mailed check,0,No,1,Yes,Yes,0
CUST_004937,72,42,48.46,2199.48,Month-to-month,Fiber optic,Bank transfer,2,Yes,1,No,Yes,0
CUST_004938,51,3,47.28,147.42,Month-to-month,DSL,Bank transfer,1,No,1,No,Yes,0
CUST_004939,34,45,96.75,3929.54,One year,Fiber optic,Bank transfer,1,Yes,0,Yes,Yes,0
CUST_004940,37,45,90.61,4345.72,Month-to-month,Fiber optic,Mailed check,0,Yes,0,No,Yes,1
CUST_004941,59,42,110.31,4682.2,One year,No,Credit card,2,No,0,No,No,0
CUST_004942,43,46,42.93,1781.83,Two year,Fiber optic,Mailed check,3,No,0,No,No,0
CUST_004943,65,59,98.64,6171.68,One year,DSL,Electronic check,2,Yes,0,No,Yes,0
CUST_004944,67,6,77.3,488.9,Month-to-month,DSL,Electronic check,4,No,0,Yes,No,1
CUST_004945,20,13,50.87,727.39,One year,DSL,Mailed check,5,No,0,Yes,No,0
CUST_004946,59,23,23.55,539.78,Month-to-month,Fiber optic,Electronic check,4,No,0,No,Yes,0
CUST_004947,39,50,101.89,5378.54,Month-to-month,Fiber optic,Electronic check,1,Yes,0,Yes,No,0
CUST_004948,47,63,44.11,2897.43,Month-to-month,DSL,Mailed check,1,No,0,Yes,No,0
CUST_004949,33,67,83.17,5566.9,Two year,DSL,Credit card,1,Yes,0,No,Yes,0
CUST_004950,38,42,74.89,2940.24,Month-to-month,No,Electronic check,1,No,0,Yes,No,0
CUST_004951,36,30,20.44,606.34,One year,No,Electronic check,4,No,0,No,No,0
CUST_004952,20,30,119.43,3336.65,One year,Fiber optic,Credit card,0,No,0,No,No,0
CUST_004953,62,5,101.43,487.33,Month-to-month,Fiber optic,Mailed check,3,No,0,Yes,No,0
CUST_004954,26,34,68.65,2508.04,Month-to-month,No,Bank transfer,5,Yes,0,Yes,No,1
CUST_004955,39,37,88.03,3096.52,One year,Fiber optic,Mailed check,6,Yes,0,Yes,No,0
CUST_004956,29,15,67.66,1081.17,Month-to-month,No,Bank transfer,3,No,0,Yes,Yes,1
CUST_004957,27,56,94.46,4795.01,Month-to-month,DSL,Electronic check,5,No,0,Yes,No,0
CUST_004958,39,59,33.43,1967.84,Month-to-month,DSL,Mailed check,3,No,0,No,No,0
CUST_004959,70,22,64.64,1490.56,Two year,DSL,Bank transfer,2,No,1,No,No,0
CUST_004960,71,66,53.55,3792.67,Month-to-month,No,Electronic check,0,No,0,Yes,No,0
CUST_004961,39,8,65.97,477.64,Month-to-month,Fiber optic,Electronic check,2,No,0,No,Yes,1
CUST_004962,46,66,65.05,4547.75,Month-to-month,DSL,Mailed check,4,Yes,0,Yes,No,0
CUST_004963,74,56,34.31,2071.72,Month-to-month,No,Bank transfer,5,Yes,0,Yes,Yes,0
CUST_004964,31,17,117.65,1861.45,Two year,No,Mailed check,6,No,0,No,No,1
CUST_004965,71,47,21.55,922.17,Month-to-month,DSL,Bank transfer,0,No,0,Yes,No,0
CUST_004966,24,23,21.01,454.65,One year,Fiber optic,Bank transfer,1,No,0,No,No,0
CUST_004967,30,58,57.34,3150.69,One year,Fiber optic,Electronic check,1,Yes,0,Yes,Yes,0
CUST_004968,37,12,82.04,923.5,Month-to-month,DSL,Credit card,1,No,1,No,No,0
CUST_004969,20,18,37.97,695.86,One year,Fiber optic,Credit card,3,Yes,0,No,No,0
CUST_004970,64,23,73.32,1603.07,Two year,DSL,Electronic check,0,No,0,No,No,0
CUST_004971,66,15,92.28,1445.46,One year,No,Mailed check,1,Yes,0,No,Yes,0
CUST_004972,39,24,29.41,707.97,One year,No,Electronic check,5,Yes,0,Yes,No,0
CUST_004973,65,44,118.44,5165.94,Month-to-month,No,Credit card,1,Yes,0,No,Yes,0
CUST_004974,62,46,53.67,2650.52,Two year,Fiber optic,Mailed check,4,Yes,1,Yes,No,0
CUST_004975,63,40,84.24,3434.15,Month-to-month,DSL,Mailed check,3,No,0,Yes,No,0
CUST_004976,63,14,31.07,414.49,One year,Fiber optic,Credit card,3,No,0,Yes,No,0
CUST_004977,50,15,90.95,1252.21,Month-to-month,Fiber optic,Bank transfer,2,No,0,No,No,1
CUST_004978,24,67,104.05,7025.39,One year,DSL,Electronic check,2,Yes,0,No,Yes,0
CUST_004979,70,19,30.53,608.77,Two year,Fiber optic,Bank transfer,2,No,0,Yes,Yes,0
CUST_004980,52,8,32.59,269.8,One year,DSL,Bank transfer,3,Yes,0,No,Yes,0
CUST_004981,69,33,48.1,1684.08,Month-to-month,DSL,Electronic check,0,No,1,Yes,No,1
CUST_004982,72,1,21.19,22.37,One year,Fiber optic,Mailed check,1,No,0,No,Yes,0
CUST_004983,28,25,118.61,2976.83,Two year,Fiber optic,Bank transfer,1,Yes,0,No,No,1
CUST_004984,40,62,79.84,4717.2,One year,Fiber optic,Mailed check,1,No,0,Yes,No,0
CUST_004985,28,20,80.76,1720.07,Two year,Fiber optic,Credit card,4,No,0,No,No,0
CUST_004986,20,51,115.9,5839.61,Two year,Fiber optic,Mailed check,2,No,0,No,Yes,0
CUST_004987,73,36,103.2,3446.98,Two year,Fiber optic,Bank transfer,4,No,0,No,No,1
CUST_004988,70,26,101.42,2844.2,Month-to-month,Fiber optic,Bank transfer,1,No,0,No,No,1
CUST_004989,71,48,53.95,2437.11,Month-to-month,Fiber optic,Electronic check,0,No,1,Yes,No,0
CUST_004990,68,43,53.49,2146.69,Two year,Fiber optic,Electronic check,6,No,1,Yes,No,0
CUST_004991,54,23,49.17,1061.02,Two year,Fiber optic,Credit card,6,No,0,No,Yes,1
CUST_004992,47,17,54.67,875.09,Month-to-month,DSL,Bank transfer,0,Yes,1,No,Yes,0
CUST_004993,74,67,56.95,3645.34,Month-to-month,Fiber optic,Mailed check,2,Yes,0,Yes,No,0
CUST_004994,49,13,34.0,447.85,Month-to-month,DSL,Electronic check,5,No,0,Yes,Yes,0
CUST_004995,54,70,55.59,3667.84,One year,No,Electronic check,4,Yes,0,No,Yes,0
CUST_004996,30,34,64.67,2359.18,Two year,No,Electronic check,7,No,0,No,No,0
CUST_004997,60,72,50.93,3615.46,One year,Fiber optic,Mailed check,4,No,0,No,No,0
CUST_004998,64,26,36.53,944.6,Month-to-month,No,Bank transfer,5,No,1,No,No,0
CUST_004999,56,41,57.34,2440.33,Month-to-month,Fiber optic,Electronic check,2,No,0,No,Yes,0
CUST_005000,46,45,68.09,2792.16,Two year,DSL,Bank transfer,6,No,0,No,No,0
